Date,Description,Amount,Debit,Credit,Balance,Category,Account,Confidence,Is_UPI,Payee,UPI_Transaction_Type,UPI_Sender_Bank,UPI_Reference,UPI_Transaction_ID
03-04-2024,Transaction/dunzodigital.pa/ICICI,-99.0,99.0,0.0,,food,Expenses:Food:Restaurant,0.2,False,,,,,
03-04-2024,BANK,-750.0,750.0,0.0,,unknown,Expenses:Uncategorized,0.0,False,,,,,
03-04-2024,Bank Ltd/ICI2edcf5792677466fa5be336f13d21b26/,-418.02,418.02,0.0,,unknown,Expenses:Uncategorized,0.0,False,,,,,
04-04-2024,1156173000002937-KVBL0002101,5000.0,0.0,5000.0,,salary,Income:Salary,0.3,False,,,,,
04-04-2024,Ltd/ICIf96bb3b084ba432d97db885fba826b04/,-120.0,120.0,0.0,,unknown,Expenses:Uncategorized,0.0,False,,,,,
04-04-2024,Bank Of I/ICIbabd45a6fdd546048ca80c774c89f8a2/,-100.0,100.0,0.0,,investment,Expenses:Investment,0.8,False,,,,,
04-04-2024,Ltd/ICI6d422dcfd64a41d9b93b9b58ce2aa30b/,-536.0,536.0,0.0,,investment,Expenses:Investment,0.8,False,,,,,
04-04-2024,Ltd/ICI40491616d5204aedb453bdd64b00dfe9/,-60.0,60.0,0.0,,food,Expenses:Food:Restaurant,0.2,False,,,,,
04-04-2024,BharatPe/bharatpe.900678/Federal,-60.0,60.0,0.0,,food,Expenses:Food:Restaurant,0.2,True,BharatPe,bharatpe.900678,Federal,,
05-04-2024,Overseas/ICI134ccabd039b47d08c20eff93527896b/,-80.0,80.0,0.0,,food,Expenses:Food:Restaurant,0.2,False,,,,,
05-04-2024,b/ICICI,-219.0,219.0,0.0,,unknown,Expenses:Uncategorized,0.0,False,,,,,
05-04-2024,To RD Ac no 218625002611,-5000.0,5000.0,0.0,,shopping,Expenses:Shopping,0.3,False,,,,,
06-04-2024,BANK LTD/ICId46fd8305dfc45aaaf978c8119660d97/,-500.0,500.0,0.0,,investment,Expenses:Investment,0.8,False,,,,,
06-04-2024,Mandate/appleservices.b/HDFCBANK,-99.0,99.0,0.0,,food,Expenses:Food:Restaurant,0.2,False,,,,,
06-04-2024,Ltd./ICIe2eebfa5533d45ba8404fb55a6bd2ea0/,-31000.0,31000.0,0.0,,shopping,Expenses:Shopping,0.3,False,,,,,
06-04-2024,National/ICI46d2d41d54e1445aa4b74bfe134b950e/,-350.0,350.0,0.0,,unknown,Expenses:Uncategorized,0.0,False,,,,,
06-04-2024,Ltd/ICI68e9152ae53f442c8f4e04ce1c318871/,-450.0,450.0,0.0,,unknown,Expenses:Uncategorized,0.0,False,,,,,
06-04-2024,Private /ICIf366f24a60e34f909f99232212cb4f67/,-150.0,150.0,0.0,,unknown,Expenses:Uncategorized,0.0,False,,,,,
06-04-2024,Ltd/ICI1a9f4daf1c89471daeb096956642138a/,-60.0,60.0,0.0,,food,Expenses:Food:Restaurant,0.2,False,,,,,
06-04-2024,National/ICIadaeee888e4049e0bf912b133f107aa2/,-120.0,120.0,0.0,,unknown,Expenses:Uncategorized,0.0,False,,,,,
06-04-2024,BharatPe/bharatpe.900664/Federal,-200.0,200.0,0.0,,unknown,Expenses:Uncategorized,0.0,True,BharatPe,bharatpe.900664,Federal,,
08-04-2024,BankLtd/PTMd61745da19e44680affece23e76cac91,1070.28,0.0,1070.28,,salary,Income:Salary,0.3,False,,,,,
08-04-2024,Of I/ICI5ad70db31cf24e189bc8bd6a03c94e2a/,-200.0,200.0,0.0,,unknown,Expenses:Uncategorized,0.0,False,,,,,
08-04-2024,Of I/ICI393672b947524b6e9f95ce64b9d817fc/,-200.0,200.0,0.0,,unknown,Expenses:Uncategorized,0.0,False,,,,,
08-04-2024,Of I/ICI93a0fc4429094b0ea217bb3faa2bd49c/,-120.0,120.0,0.0,,unknown,Expenses:Uncategorized,0.0,False,,,,,
08-04-2024,PIN/cmrlsteteynampe/Yes Bank,-30.0,30.0,0.0,,food,Expenses:Food:Restaurant,0.2,True,cmrlsteteynampe,,Yes Bank,,
08-04-2024,PIN/cmrlsapairport@/Yes Bank,-30.0,30.0,0.0,,food,Expenses:Food:Restaurant,0.2,True,cmrlsapairport,,Yes Bank,,
08-04-2024,Bank/ICIcf8b2c1b11e847848cb51d809434826f/,-120.0,120.0,0.0,,unknown,Expenses:Uncategorized,0.0,False,,,,,
08-04-2024,LTD/ICIeb07a1b1f0ad4ae48b9496e963a9e282/,-4825.0,4825.0,0.0,,shopping,Expenses:Shopping,0.3,False,,,,,
08-04-2024,BANK LTD/ICI89422d55ce6e442cbf36d23a4312fafd/,-248.0,248.0,0.0,,investment,Expenses:Investment,0.8,False,,,,,
09-04-2024,Bank Ltd./ICIe6c66575b1af4844896314a53e58ae6e/,-125.0,125.0,0.0,,unknown,Expenses:Uncategorized,0.0,False,,,,,
10-04-2024,550488630,-2000.0,2000.0,0.0,,shopping,Expenses:Shopping,0.3,False,,,,,
10-04-2024,550488990,-2000.0,2000.0,0.0,,shopping,Expenses:Shopping,0.3,False,,,,,
10-04-2024,550489351,-2000.0,2000.0,0.0,,shopping,Expenses:Shopping,0.3,False,,,,,
10-04-2024,Urban C/ICI577fc0542319442487a27274b42cb9ee/,-1000.0,1000.0,0.0,,unknown,Expenses:Uncategorized,0.0,False,,,,,
11-04-2024,Ltd/ICIa6812d7585744f0a8956864935797156/,-70.0,70.0,0.0,,food,Expenses:Food:Restaurant,0.2,False,,,,,
11-04-2024,Bank Ltd./ICI36015ad5d374487d87f739341b24c78e/,-316.0,316.0,0.0,,unknown,Expenses:Uncategorized,0.0,False,,,,,
11-04-2024,Bank Ltd./ICIa12fd4ee13f74e8daad1dd0b75b895e6/,-20.0,20.0,0.0,,investment,Expenses:Investment,0.8,False,,,,,
11-04-2024,Razorpa/airtelpaymentsb/Airtel,-899.0,899.0,0.0,,salary,Income:Salary,0.8,True,airtelpaymentsb,Airtel,,,
11-04-2024,Union,-120.0,120.0,0.0,,unknown,Expenses:Uncategorized,0.0,False,,,,,
15-04-2024,Vysya,-700.0,700.0,0.0,,unknown,Expenses:Uncategorized,0.0,False,,,,,
15-04-2024,I/HDF90b739bfa4384a2c8325435d7f9a0dcc,350.0,0.0,350.0,,salary,Income:Salary,0.3,False,,,,,
15-04-2024,Bank Ltd/ICIce6e2d08e4344d8cb9535d77bb426615/,-500.0,500.0,0.0,,unknown,Expenses:Uncategorized,0.0,False,,,,,
15-04-2024,Bank of I/ICI43da7c53469c4deb8446e1eb7e163662/,-30.0,30.0,0.0,,food,Expenses:Food:Restaurant,0.2,False,,,,,
15-04-2024,Bank Ltd/ICI7e5aacfd9e8c4285b2335b89dd498063/,-50.0,50.0,0.0,,investment,Expenses:Investment,0.8,False,,,,,
16-04-2024,00279001001612692-CIUB0000279,10000.0,0.0,10000.0,,salary,Income:Salary,0.3,False,,,,,
16-04-2024,BharatPe/bharatpe.900704/Federal,-80.0,80.0,0.0,,food,Expenses:Food:Restaurant,0.2,True,BharatPe,bharatpe.900704,Federal,,
16-04-2024,Ltd/ICIebdcc95488f1466dbef94005da069a75/,-20.0,20.0,0.0,,food,Expenses:Food:Restaurant,0.2,False,,,,,
16-04-2024,Ltd/ICI077ee34a56b64ec89c1a97f43027db00/,-100.0,100.0,0.0,,unknown,Expenses:Uncategorized,0.0,False,,,,,
16-04-2024,/ATTN/AVS KOTTAKKAL-00000057021886014-,20000.0,0.0,20000.0,,salary,Income:Salary,0.5,False,,,,,
16-04-2024,Id/swiggyupi@axisb/Axis Bank,-225.0,225.0,0.0,,food,Expenses:Food:Restaurant,1.7,True,swiggy,axisb,Axis Bank,,
16-04-2024,Bank,-277.0,277.0,0.0,,unknown,Expenses:Uncategorized,0.0,False,,,,,
18-04-2024,LTD/HDF1A1933F6E66847FB864E42003D8AA436,447.0,0.0,447.0,,salary,Income:Salary,0.3,False,,,,,
19-04-2024,Mahindra,-2230.0,2230.0,0.0,,shopping,Expenses:Shopping,0.3,False,,,,,
19-04-2024,Ltd./ICI4bbfc04999fc4045bc1ed3c2f09810ce/,-250.0,250.0,0.0,,unknown,Expenses:Uncategorized,0.0,False,,,,,
19-04-2024,Ltd/ICI07cabf5df89f4063a7c1d8c4b59bfda2/,-10.0,10.0,0.0,,investment,Expenses:Investment,0.8,False,,,,,
19-04-2024,Ltd./ICI9c2ee5c8f23240dc8fadb719d6ce93ac/,-110.0,110.0,0.0,,unknown,Expenses:Uncategorized,0.0,False,,,,,
20-04-2024,Charte/ICIe08a67f3b9c5419a9693666d79588e4d/,-2000.0,2000.0,0.0,,shopping,Expenses:Shopping,0.3,False,,,,,
20-04-2024,Bank/ICIa905c16ad8d6416886b575756e7ec495/,-3300.0,3300.0,0.0,,shopping,Expenses:Shopping,0.3,False,,,,,
20-04-2024,BANK,-755.0,755.0,0.0,,unknown,Expenses:Uncategorized,0.0,False,,,,,
20-04-2024,SABHA CHARITABLE T-SRI RAMABHYUDAYA SAB,10000.0,0.0,10000.0,,salary,Income:Salary,0.3,False,,,,,
20-04-2024,I/ICI696a2c8d9ef04b25869fcdd264a4aaa2/,-300.0,300.0,0.0,,unknown,Expenses:Uncategorized,0.0,False,,,,,
20-04-2024,BankLtd/PTM92dedcc06a4c4b06a3e8ae41dfb9d4b9,1130.72,0.0,1130.72,,salary,Income:Salary,0.3,False,,,,,
22-04-2024,CLG/CHEQUE/668171/CAB/18.04.2024,37800.0,0.0,37800.0,,salary,Income:Salary,0.5,False,,,,,
22-04-2024,Bank/ICI2299eb7e12604ded8582593f6d957c0c/,-260.0,260.0,0.0,,unknown,Expenses:Uncategorized,0.0,False,,,,,
23-04-2024,Bank Ltd/ICI18d43d62584e477fa861241a01291e89/,-199.0,199.0,0.0,,unknown,Expenses:Uncategorized,0.0,False,,,,,
23-04-2024,Ltd/ICI4356494de3ef40c5b44869de3730c242/,-59.0,59.0,0.0,,food,Expenses:Food:Restaurant,0.2,False,,,,,
23-04-2024,Ltd/AMZDQR00000000000000017156976000236/,-470.0,470.0,0.0,,unknown,Expenses:Uncategorized,0.0,False,,,,,
23-04-2024,PH/bharatpe4000023/Yes Bank,-75.0,75.0,0.0,,food,Expenses:Food:Restaurant,0.2,True,bharatpe,,,,
23-04-2024,to/o11111112177841/Airtel,-260.0,260.0,0.0,,unknown,Expenses:Uncategorized,0.0,False,,,,,
23-04-2024,Ltd/ICI1a6d1c7d5dbd45ce8f4fdc2a17041977/,-60.0,60.0,0.0,,investment,Expenses:Investment,0.8,False,,,,,
24-04-2024,00279001001612692-CIUB0000279,3000.0,0.0,3000.0,,salary,Income:Salary,0.3,False,,,,,
24-04-2024,Ltd/ICI651a53ffd6a0457bbd4be47c9d5ed8b2/,-40.0,40.0,0.0,,investment,Expenses:Investment,0.8,False,,,,,
24-04-2024,Ltd/ICIdf067bf5755c451ebeb6ab60afc548af/,-200.0,200.0,0.0,,unknown,Expenses:Uncategorized,0.0,False,,,,,
24-04-2024,Ltd/ICIcd65b0f3468e41d1bd5e74740eaa9ccc/,-50.0,50.0,0.0,,food,Expenses:Food:Restaurant,0.2,False,,,,,
24-04-2024,Bank Ltd./ICIa238f454bc2a49179e664edf7c84d727/,-110.0,110.0,0.0,,unknown,Expenses:Uncategorized,0.0,False,,,,,
24-04-2024,Bank Ltd./ICI892989d91e4f4c5496beaa3b56c68f32/,-19.0,19.0,0.0,,food,Expenses:Food:Restaurant,0.2,False,,,,,
24-04-2024,BANK LTD/ICIf67c266fb3234f819de0ea5db07f343d/,-60.0,60.0,0.0,,food,Expenses:Food:Restaurant,0.2,False,,,,,
25-04-2024,Bank/ICI294a0cbe04344b8fa9c429ca8bead7e2/,-315.0,315.0,0.0,,unknown,Expenses:Uncategorized,0.0,False,,,,,
25-04-2024,Ltd./ICIf21d7b043fab4696ba685ba2123f56f3/,-60.0,60.0,0.0,,food,Expenses:Food:Restaurant,0.2,False,,,,,
25-04-2024,Ltd/ICI222cfd93b76c43f78b400823b73e200b/,-126.0,126.0,0.0,,investment,Expenses:Investment,0.8,False,,,,,
25-04-2024,Ltd/ICIbf4ff70e7219447c8b8987cac91a3f75/,-371.0,371.0,0.0,,unknown,Expenses:Uncategorized,0.0,False,,,,,
26-04-2024,00279001001612692-CIUB0000279,3000.0,0.0,3000.0,,salary,Income:Salary,0.3,False,,,,,
26-04-2024,Bank Ltd/ICId2ddf83fa0a747ffb70c6c9666e53ed5/,-105.0,105.0,0.0,,unknown,Expenses:Uncategorized,0.0,False,,,,,
26-04-2024,WOOD/bharatpe9077200/Yes Bank,-510.0,510.0,0.0,,unknown,Expenses:Uncategorized,0.0,True,bharatpe,,,,
26-04-2024,Ltd/ICIeb781dbb0c32454bb12fe6785848c63f/,-50.0,50.0,0.0,,food,Expenses:Food:Restaurant,0.2,False,,,,,
27-04-2024,irctcapp@/Yes Bank,-1564.05,1564.05,0.0,,shopping,Expenses:Shopping,0.3,False,,,,,
27-04-2024,BANK,1570.0,0.0,1570.0,,salary,Income:Salary,0.3,False,,,,,
27-04-2024,Charte/ICId31c6dcc4e9e4d659a141dfc29043ecd/,-1000.0,1000.0,0.0,,unknown,Expenses:Uncategorized,0.0,False,,,,,
29-04-2024,Bank/ICIbb838c7f321644c980b339f0a924f3e4/,-650.0,650.0,0.0,,unknown,Expenses:Uncategorized,0.0,False,,,,,
29-04-2024,paying/amazon@yapl/Yes Bank,-1688.0,1688.0,0.0,,shopping,Expenses:Shopping,1.1,False,,,,,
30-04-2024,BharatPe/bharatpe.900678/Federal,-80.0,80.0,0.0,,food,Expenses:Food:Restaurant,0.2,True,BharatPe,bharatpe.900678,Federal,,
30-04-2024,SMALL/ICI0f2bb90a3cfd4c1a8360205ba38d5f87/,-65.0,65.0,0.0,,shopping,Expenses:Shopping,0.8,False,,,,,
30-04-2024,Bank Ltd/ICI613deb0dd81a426c8e6c6b8402be7ec5/,-419.0,419.0,0.0,,unknown,Expenses:Uncategorized,0.0,False,,,,,
30-04-2024,Paym/ICI5eea2f23ee6c4cfea9a00a7b68b2ddf9/,-50.0,50.0,0.0,,salary,Income:Salary,0.8,False,,,,,
01-05-2024,Union,-95.0,95.0,0.0,,food,Expenses:Food:Restaurant,0.2,False,,,,,
01-05-2024,Bank/ICI402c96c96c294b52ac6ac2fd2e3844eb/,-50.0,50.0,0.0,,investment,Expenses:Investment,0.8,False,,,,,
01-05-2024,Overseas/ICIf9baf800d66648f1a4937ceb99aeda29/,-800.0,800.0,0.0,,unknown,Expenses:Uncategorized,0.0,False,,,,,
01-05-2024,Overseas/ICIe34c2996983c41a6beeffd923ebeccb6/,-200.0,200.0,0.0,,investment,Expenses:Investment,0.8,False,,,,,
01-05-2024,Ltd./ICI6a0a44d22f424b89af646bccd4b5277a/,-31000.0,31000.0,0.0,,shopping,Expenses:Shopping,0.3,False,,,,,
01-05-2024,Ltd/ICI3a2ad94ea36e437cbb85ebf62125727d/,-1684.0,1684.0,0.0,,shopping,Expenses:Shopping,0.3,False,,,,,
01-05-2024,Ltd/ICIc96e237237cc48ccabd1e0faa03bcb2c/,-95.0,95.0,0.0,,food,Expenses:Food:Restaurant,0.2,False,,,,,
02-05-2024,Ltd/ICI3d46354e392c4cc4b4600786d868feea/,-220.0,220.0,0.0,,unknown,Expenses:Uncategorized,0.0,False,,,,,
02-05-2024,Ltd/ICI566234e4d12245b6ac6614ccda0fbcfb/,-120.0,120.0,0.0,,unknown,Expenses:Uncategorized,0.0,False,,,,,
02-05-2024,Union,-220.0,220.0,0.0,,unknown,Expenses:Uncategorized,0.0,False,,,,,
02-05-2024,tak Mahindra,-998.0,998.0,0.0,,unknown,Expenses:Uncategorized,0.0,False,,,,,
03-05-2024,SMALL/ICId3a2ef9aa49948a19f7cda62cffb327b/,-60.0,60.0,0.0,,shopping,Expenses:Shopping,0.8,False,,,,,
03-05-2024,Charte/ICI12c80fe414b842ffbd757138af6c8b4c/,-1000.0,1000.0,0.0,,unknown,Expenses:Uncategorized,0.0,False,,,,,
03-05-2024,Central/ICI87345c12734a4d0a83108a8ba6f06347/,-50000.0,50000.0,0.0,,shopping,Expenses:Shopping,0.3,False,,,,,
04-05-2024,Ltd/ICI51aeef138fd743de9631a064bd8d0f7c/,-252.0,252.0,0.0,,investment,Expenses:Investment,0.8,False,,,,,
04-05-2024,FUNDTRANSFER-120000086112-CNRB0002415,44100.0,0.0,44100.0,,transfer,Expenses:Transfer,0.8,False,,,,,
06-05-2024,I/SBI90ba1e6ae5224ead9a906d9d68f86a55,10000.0,0.0,10000.0,,salary,Income:Salary,0.3,False,,,,,
06-05-2024,Mandate/appleservices.b/HDFCBANK,-99.0,99.0,0.0,,food,Expenses:Food:Restaurant,0.2,False,,,,,
06-05-2024,Bank/PPPL19812528206050524103154/,-999.0,999.0,0.0,,unknown,Expenses:Uncategorized,0.0,False,,,,,
06-05-2024,b/ICICI,-219.0,219.0,0.0,,unknown,Expenses:Uncategorized,0.0,False,,,,,
06-05-2024,Ltd/ICI988d06f1e9a04532b1d311202f2d96cc/,-1155.0,1155.0,0.0,,shopping,Expenses:Shopping,0.3,False,,,,,
06-05-2024,Ltd/ICI81e46d18854b482eb2aa2c2b62ee9c81/,-20.0,20.0,0.0,,food,Expenses:Food:Restaurant,0.2,False,,,,,
06-05-2024,Ltd/ICI8d9121501b7f45c89049f9dd80ddb345/,-5.0,5.0,0.0,,food,Expenses:Food:Restaurant,0.2,False,,,,,
06-05-2024,Bank Ltd/ICI2f6350294f28452aa7f54e9eada861f8/,-1000.0,1000.0,0.0,,unknown,Expenses:Uncategorized,0.0,False,,,,,
06-05-2024,Ltd/ICI37fa2f283ee74799a4eb1a8777796168/,-110.0,110.0,0.0,,unknown,Expenses:Uncategorized,0.0,False,,,,,
06-05-2024,To RD Ac no 218625002611,-5000.0,5000.0,0.0,,shopping,Expenses:Shopping,0.3,False,,,,,
07-05-2024,fees/minnus.manjusha/Union Bank of,2000.0,0.0,2000.0,,salary,Income:Salary,0.3,False,,,,,
08-05-2024,Ltd/ICId770226112d448f9a569a0d08ccf4398/,-50.0,50.0,0.0,,food,Expenses:Food:Restaurant,0.2,False,,,,,
08-05-2024,Ltd/ICI6686e156c1bd4bacb6164171293218e9/,-80.0,80.0,0.0,,food,Expenses:Food:Restaurant,0.2,False,,,,,
08-05-2024,Bank Ltd./ICI0d8196c39aa34278af9442a09d86bdd5/,-540.0,540.0,0.0,,unknown,Expenses:Uncategorized,0.0,False,,,,,
08-05-2024,Ltd/ICI6b8c397dda374e8aa6e371f5d4dc5449/,-80.0,80.0,0.0,,food,Expenses:Food:Restaurant,0.2,False,,,,,
09-05-2024,Bank/ICI148d50d582194616a31d0c652cfdaa73/,-26447.0,26447.0,0.0,,investment,Expenses:Investment,1.1,False,,,,,
09-05-2024,Bank Ltd/ICI215f8816808f44ab825a8f7f94d61746/,-150.0,150.0,0.0,,unknown,Expenses:Uncategorized,0.0,False,,,,,
09-05-2024,501/ibacoicecreams@/Yes Bank,-682.69,682.69,0.0,,unknown,Expenses:Uncategorized,0.0,False,,,,,
09-05-2024,BANK LTD/ICI05149df5ef154d5d966175aa859a8af8/,-230.0,230.0,0.0,,unknown,Expenses:Uncategorized,0.0,False,,,,,
10-05-2024,ayments/PPPL19853802529100524072545/,-999.0,999.0,0.0,,unknown,Expenses:Uncategorized,0.0,False,,,,,
10-05-2024,634328285,-1000.0,1000.0,0.0,,unknown,Expenses:Uncategorized,0.0,False,,,,,
10-05-2024,634328287,-1000.0,1000.0,0.0,,unknown,Expenses:Uncategorized,0.0,False,,,,,
10-05-2024,572993818,-2000.0,2000.0,0.0,,shopping,Expenses:Shopping,0.3,False,,,,,
10-05-2024,634328289,-1000.0,1000.0,0.0,,unknown,Expenses:Uncategorized,0.0,False,,,,,
10-05-2024,572599254,-2000.0,2000.0,0.0,,shopping,Expenses:Shopping,0.3,False,,,,,
10-05-2024,572683069,-2000.0,2000.0,0.0,,shopping,Expenses:Shopping,0.3,False,,,,,
10-05-2024,National/ICIf82fdad8b0144f8591f0987e7f8aa660/,-2500.0,2500.0,0.0,,investment,Expenses:Investment,1.1,False,,,,,
10-05-2024,BharatPe/bharatpe9072526/Yes Bank,-145.0,145.0,0.0,,unknown,Expenses:Uncategorized,0.0,True,bharatpe,,,,
10-05-2024,Vysya,26450.0,0.0,26450.0,,salary,Income:Salary,0.5,False,,,,,
10-05-2024,1/reglobe@icici/ICICI,13000.0,0.0,13000.0,,salary,Income:Salary,0.5,False,,,,,
10-05-2024,Mahindra /ICIa4b8ab576cdf40b4b41ba9f0761473f4/,-200.0,200.0,0.0,,unknown,Expenses:Uncategorized,0.0,False,,,,,
10-05-2024,Vysya Ban/ICI44bed344cec34fde9a0a5f143f0f086c/,-600.0,600.0,0.0,,investment,Expenses:Investment,0.8,False,,,,,
10-05-2024,paying/amazon@yapl/Yes Bank,-1499.0,1499.0,0.0,,shopping,Expenses:Shopping,1.1,False,,,,,
11-05-2024,Ltd/ICI7b08f9e324114b208dcb8d8c97947c99/,-50.0,50.0,0.0,,food,Expenses:Food:Restaurant,0.2,False,,,,,
11-05-2024,Bank Ltd/ICIa0bae622adf14a82a919c92f555e35d1/,-270.0,270.0,0.0,,unknown,Expenses:Uncategorized,0.0,False,,,,,
11-05-2024,Ltd/ICI3d85fb0b5c334eb6aad38c47b541a3b7/,-95.0,95.0,0.0,,food,Expenses:Food:Restaurant,0.2,False,,,,,
13-05-2024,Bank Ltd/ICI70b157564ab747d189d65969dcd63f3b/,-200.0,200.0,0.0,,unknown,Expenses:Uncategorized,0.0,False,,,,,
13-05-2024,Bank/AXI445cdcc98c744d93880b59f7f68dc28e,100.0,0.0,100.0,,salary,Income:Salary,0.3,False,,,,,
14-05-2024,Ltd/ICIbcbd56edfab643fea1ee14cd3e1a2055/,-180.0,180.0,0.0,,unknown,Expenses:Uncategorized,0.0,False,,,,,
14-05-2024,Razorpa/swiggyinstamart/Axis Bank,-335.0,335.0,0.0,,food,Expenses:Food:Restaurant,1.7,True,swiggyinstamart,Axis Bank,,,
15-05-2024,Charte/ICIb9594d5ac60a4c63a4109779e4d6e861/,-1000.0,1000.0,0.0,,unknown,Expenses:Uncategorized,0.0,False,,,,,
15-05-2024,Ltd/ICI1356e85fb61a45ea8e0a173593110141/,-240.0,240.0,0.0,,unknown,Expenses:Uncategorized,0.0,False,,,,,
18-05-2024,Charte/ICI2eb2f50d39a14a5b9ba76edc5819b65d/,-100.0,100.0,0.0,,unknown,Expenses:Uncategorized,0.0,False,,,,,
18-05-2024,irctcapp@/Yes Bank,-1564.05,1564.05,0.0,,shopping,Expenses:Shopping,0.3,False,,,,,
20-05-2024,Ltd./ICI982c80a2fb9145b191d3faa6eb1ac102/,-2590.0,2590.0,0.0,,shopping,Expenses:Shopping,0.3,False,,,,,
21-05-2024,Ltd/ICI8c472e35140b41b884e8459ce9f96a06/,-300.0,300.0,0.0,,unknown,Expenses:Uncategorized,0.0,False,,,,,
21-05-2024,Bank Ltd/ICIf1f8313e0eed40688425f9d7c7125765/,-300.0,300.0,0.0,,unknown,Expenses:Uncategorized,0.0,False,,,,,
21-05-2024,Ltd/ICI7126e2d7a0d24a7782699a32e2ed8b9e/,-150.0,150.0,0.0,,unknown,Expenses:Uncategorized,0.0,False,,,,,
21-05-2024,Bank/PPPL19942616869210524120240/,-999.0,999.0,0.0,,unknown,Expenses:Uncategorized,0.0,False,,,,,
21-05-2024,Bank,-4252.0,4252.0,0.0,,shopping,Expenses:Shopping,0.3,False,,,,,
21-05-2024,BANK/ICI21b14916e7854ea58f98dc198ace46ae/,-1000.0,1000.0,0.0,,unknown,Expenses:Uncategorized,0.0,False,,,,,
21-05-2024,Vysya Ban/ICI0ca9fcfac052485ea41239e390f08a30/,-720.0,720.0,0.0,,unknown,Expenses:Uncategorized,0.0,False,,,,,
21-05-2024,Ltd/ICId11ae6b1410547a9ac73aa33e52305d5/,-120.0,120.0,0.0,,unknown,Expenses:Uncategorized,0.0,False,,,,,
22-05-2024,Bank Ltd/ICId75852c87c534cb0b7fed018d44f1870/,-895.0,895.0,0.0,,unknown,Expenses:Uncategorized,0.0,False,,,,,
22-05-2024,Ltd./ICIf6d4cca83cbd440a84f9a1ca1e7d46c7/,-30.0,30.0,0.0,,food,Expenses:Food:Restaurant,0.2,False,,,,,
22-05-2024,Ltd/ICIb2c19bbc4906456ea8680d7a1a2e8ab2/,-290.0,290.0,0.0,,unknown,Expenses:Uncategorized,0.0,False,,,,,
22-05-2024,Bank/ICIc4ce72ce1ee046f89a79929851e47958/,-55.0,55.0,0.0,,food,Expenses:Food:Restaurant,0.2,False,,,,,
22-05-2024,Ltd/ICIdee51218ee6a45eda59dd28001937694/,-600.0,600.0,0.0,,unknown,Expenses:Uncategorized,0.0,False,,,,,
22-05-2024,Merchant/311876310677239/Canara,-250.0,250.0,0.0,,unknown,Expenses:Uncategorized,0.0,False,,,,,
22-05-2024,Swi/upiswiggy@icici/ICICI,-358.0,358.0,0.0,,food,Expenses:Food:Restaurant,1.7,True,swiggy,icici,ICICI,,
23-05-2024,Ltd/ICI9d01c9b9ef2745d09faa92ed2e9eeccd/,-40.0,40.0,0.0,,food,Expenses:Food:Restaurant,0.2,False,,,,,
23-05-2024,Ltd/ICI7ec576acb535413c8dcc01206f86396c/,-60.0,60.0,0.0,,food,Expenses:Food:Restaurant,0.2,False,,,,,
23-05-2024,Ltd/ICI720a11a326844eddb019a3f5a2c5db7c/,-360.0,360.0,0.0,,unknown,Expenses:Uncategorized,0.0,False,,,,,
23-05-2024,Bank Ltd/ICI2ad21913b84040e0ab52f255ef57911f/,-50.0,50.0,0.0,,food,Expenses:Food:Restaurant,0.2,False,,,,,
23-05-2024,Union,-60.0,60.0,0.0,,food,Expenses:Food:Restaurant,0.2,False,,,,,
25-05-2024,154/apollopharmacyo/Yes Bank,-52.8,52.8,0.0,,medical,Expenses:Medical,0.8,False,,,,,
25-05-2024,Razorpa/swiggy773.rzp@i/ICICI,-286.0,286.0,0.0,,food,Expenses:Food:Restaurant,1.7,True,swiggy773.rzp,ICICI,,,
25-05-2024,Ltd/ICIe32c9270afa245abad9361fad019e06b/,-135.0,135.0,0.0,,unknown,Expenses:Uncategorized,0.0,False,,,,,
27-05-2024,WOOD/bharatpe9077200/Yes Bank,-710.0,710.0,0.0,,unknown,Expenses:Uncategorized,0.0,True,bharatpe,,,,
27-05-2024,Bank/ICI719de7c3704642a0b0e7311a0bfc1fb3/,-50.0,50.0,0.0,,food,Expenses:Food:Restaurant,0.2,False,,,,,
27-05-2024,Ltd/ICI7c1a0b0b17b844b0b252f79290d7aec4/,-160.0,160.0,0.0,,unknown,Expenses:Uncategorized,0.0,False,,,,,
27-05-2024,FC BANK,-1031.0,1031.0,0.0,,shopping,Expenses:Shopping,0.3,False,,,,,
27-05-2024,Swi/upiswiggy@icici/ICICI,-254.0,254.0,0.0,,food,Expenses:Food:Restaurant,1.7,True,swiggy,icici,ICICI,,
27-05-2024,M/upiswiggy@icici/ICICI,254.0,0.0,254.0,,food,Expenses:Food:Restaurant,0.8,False,,,,,
27-05-2024,Swi/upiswiggy@icici/ICICI,-327.0,327.0,0.0,,food,Expenses:Food:Restaurant,1.7,True,swiggy,icici,ICICI,,
27-05-2024,expenses/sriharihindu@ok/State Bank Of,7412.0,0.0,7412.0,,salary,Income:Salary,0.3,False,,,,,
27-05-2024,Bank Ltd/ICIa6f6c960b6bf4596842ecd0943bb8d4d/,-315.0,315.0,0.0,,unknown,Expenses:Uncategorized,0.0,False,,,,,
27-05-2024,Ltd/ICIc0ead322aac841d09f614bbecde5fdfb/,-40.0,40.0,0.0,,investment,Expenses:Investment,0.8,False,,,,,
27-05-2024,Id/swiggyupi@axisb/Axis Bank,-380.0,380.0,0.0,,food,Expenses:Food:Restaurant,1.7,True,swiggy,axisb,Axis Bank,,
28-05-2024,Ltd/ICIac861280e2c0485db03e8b3cb79d2f42/,-3856.0,3856.0,0.0,,shopping,Expenses:Shopping,0.3,False,,,,,
28-05-2024,BANK,-10265.0,10265.0,0.0,,shopping,Expenses:Shopping,0.3,False,,,,,
28-05-2024,Ban/ICIf357aaf46f224d3e9f6b67c77061184a/,-2000.0,2000.0,0.0,,shopping,Expenses:Shopping,0.3,False,,,,,
28-05-2024,Ltd/ICI311cf6b006734bc4b7d8c7d39ab38a9d/,-20.0,20.0,0.0,,food,Expenses:Food:Restaurant,0.2,False,,,,,
28-05-2024,BankLtd/PTMee1250624c79495eab892df1eff0dd32,870.0,0.0,870.0,,salary,Income:Salary,0.3,False,,,,,
28-05-2024,BankLtd/PTM8f65b473ad9b4162b34d92c8fe8b09c4,870.0,0.0,870.0,,salary,Income:Salary,0.3,False,,,,,
28-05-2024,Ltd/ICIf7d076d29a9f4b6ea6e1f7e29564e7db/,-300.0,300.0,0.0,,unknown,Expenses:Uncategorized,0.0,False,,,,,
28-05-2024,501/ibacoicecreams@/Yes Bank,-242.14,242.14,0.0,,unknown,Expenses:Uncategorized,0.0,False,,,,,
29-05-2024,Vysya Ban/ICI5fa89d14d00a482d8f429ccc573d8ff2/,-600.0,600.0,0.0,,unknown,Expenses:Uncategorized,0.0,False,,,,,
30-05-2024,Ltd/ICIf12c3923d4964150bf378fda4380c4a6/,-130.0,130.0,0.0,,investment,Expenses:Investment,0.8,False,,,,,
30-05-2024,Ltd/ICI0e1080eb8b1e440cbbd9cb9ef43e65db/,-631.0,631.0,0.0,,unknown,Expenses:Uncategorized,0.0,False,,,,,
31-05-2024,Bank,-32.0,32.0,0.0,,food,Expenses:Food:Restaurant,0.2,False,,,,,
31-05-2024,Ltd/ICIe69294f3bd2f4516b1cbbe110c270d54/,-18.0,18.0,0.0,,food,Expenses:Food:Restaurant,0.2,False,,,,,
31-05-2024,Ltd/ICI1025d9bd774141dd8f29cffef16fd9db/,-110.0,110.0,0.0,,investment,Expenses:Investment,0.8,False,,,,,
31-05-2024,DYNA/msdapparelspriv/HDFC BANK,-2158.0,2158.0,0.0,,shopping,Expenses:Shopping,0.3,False,,,,,
31-05-2024,Ltd./ICIe2b651651deb4e3889d997f0ee275569/,-60.0,60.0,0.0,,food,Expenses:Food:Restaurant,0.2,False,,,,,
31-05-2024,Id/swiggyupi@axisb/Axis Bank,-197.0,197.0,0.0,,food,Expenses:Food:Restaurant,1.7,True,swiggy,axisb,Axis Bank,,
01-06-2024,irctcapp@/Yes Bank,-1754.05,1754.05,0.0,,shopping,Expenses:Shopping,0.3,False,,,,,
01-06-2024,irctcapp@/Yes Bank,-1724.05,1724.05,0.0,,shopping,Expenses:Shopping,0.3,False,,,,,
03-06-2024,Bank/ICI9ba8732effaf42d7b5bffcca94ab7cf5/,-450.0,450.0,0.0,,unknown,Expenses:Uncategorized,0.0,False,,,,,
03-06-2024,BankLtd/PTM54af11d5b6f242f38a92aa6b78f26f3d,870.0,0.0,870.0,,salary,Income:Salary,0.3,False,,,,,
03-06-2024,BankLtd/PTM7ab95f9117324cb4bb2d82f5f1ee3229,1635.36,0.0,1635.36,,salary,Income:Salary,0.3,False,,,,,
03-06-2024,BankLtd/PTM7e2961a676754af59babbed4ab5f2a32,1665.36,0.0,1665.36,,salary,Income:Salary,0.3,False,,,,,
04-06-2024,Bank,-80.0,80.0,0.0,,food,Expenses:Food:Restaurant,0.2,False,,,,,
05-06-2024,Mandate/appleservices.b/HDFCBANK,-99.0,99.0,0.0,,food,Expenses:Food:Restaurant,0.2,False,,,,,
05-06-2024,M C RAGUNATHAN-REF/-018301000009000-,20000.0,0.0,20000.0,,salary,Income:Salary,0.5,False,,,,,
05-06-2024,Ltd./ICI5973e9e7ae9943e1836ea62ac3bbbe6a/,-31000.0,31000.0,0.0,,shopping,Expenses:Shopping,0.3,False,,,,,
05-06-2024,Bank/ICI696a1b5ac42146aba0f2adbeefdd26cb/,-50.0,50.0,0.0,,investment,Expenses:Investment,0.8,False,,,,,
05-06-2024,b/ICICI,-219.0,219.0,0.0,,unknown,Expenses:Uncategorized,0.0,False,,,,,
05-06-2024,Bank/ICI65115da03a46491393dcd49a14e2e2e4,44275.0,0.0,44275.0,,salary,Income:Salary,0.5,False,,,,,
05-06-2024,Of I/SBI634e49f773824cdc8b7479165c3a742a,2000.0,0.0,2000.0,,salary,Income:Salary,0.3,False,,,,,
05-06-2024,To RD Ac no 218625002611,-5000.0,5000.0,0.0,,shopping,Expenses:Shopping,0.3,False,,,,,
05-06-2024,Ltd/ICI8d7253aa5d324fd6a1b61755a724faf6/,-265.0,265.0,0.0,,investment,Expenses:Investment,0.8,False,,,,,
05-06-2024,Ltd/ICIe6dfe21345b042fabfc7d58be95cd7ad/,-140.0,140.0,0.0,,unknown,Expenses:Uncategorized,0.0,False,,,,,
05-06-2024,Ltd/ICIc2cb4f32fe2c463db9518ff397a35121/,-60.0,60.0,0.0,,food,Expenses:Food:Restaurant,0.2,False,,,,,
06-06-2024,Union,-765.0,765.0,0.0,,unknown,Expenses:Uncategorized,0.0,False,,,,,
06-06-2024,Union,-78.0,78.0,0.0,,food,Expenses:Food:Restaurant,0.2,False,,,,,
06-06-2024,Refund/appleservices.b/HDFC BANK,99.0,0.0,99.0,,salary,Income:Salary,0.3,False,,,,,
07-06-2024,irctcapp@/Yes Bank,-1944.5,1944.5,0.0,,shopping,Expenses:Shopping,0.3,False,,,,,
07-06-2024,irctcapp@/Yes Bank,-722.7,722.7,0.0,,unknown,Expenses:Uncategorized,0.0,False,,,,,
07-06-2024,/ATTN/NEFT-00000010773571902-SBIN0011781,7500.0,0.0,7500.0,,transfer,Expenses:Transfer,0.8,False,,,,,
07-06-2024,Ltd/ICI135898189d884d8fab9a34fbe90d74af/,-170.0,170.0,0.0,,unknown,Expenses:Uncategorized,0.0,False,,,,,
08-06-2024,BharatPe/bharatpe9072540/Yes Bank,-150.0,150.0,0.0,,unknown,Expenses:Uncategorized,0.0,True,bharatpe,,,,
08-06-2024,Bank Ltd/ICI42dce5ead30d4f6b9c2aed10ea914661/,-302.19,302.19,0.0,,unknown,Expenses:Uncategorized,0.0,False,,,,,
08-06-2024,Bank Ltd/ICI3678f1b97f5141ac9e8015bca97948ef/,-590.0,590.0,0.0,,unknown,Expenses:Uncategorized,0.0,False,,,,,
08-06-2024,Ltd/ICIa3b22df1aa214ab6baacc76a699e0032/,-100.0,100.0,0.0,,unknown,Expenses:Uncategorized,0.0,False,,,,,
08-06-2024,BankLtd/PTMfce9bf512b6f4a28a3d9d8bbe7a224c1,1790.72,0.0,1790.72,,salary,Income:Salary,0.3,False,,,,,
10-06-2024,irctcapp@/Yes Bank,-2653.6,2653.6,0.0,,shopping,Expenses:Shopping,0.3,False,,,,,
10-06-2024,irctcapp@/Yes Bank,-969.05,969.05,0.0,,unknown,Expenses:Uncategorized,0.0,False,,,,,
10-06-2024,irctcapp@/Yes Bank,-969.05,969.05,0.0,,unknown,Expenses:Uncategorized,0.0,False,,,,,
10-06-2024,Ltd/ICId3595bbafc024f90950f75133992c768/,-50.0,50.0,0.0,,food,Expenses:Food:Restaurant,0.2,False,,,,,
10-06-2024,612996306,-2000.0,2000.0,0.0,,shopping,Expenses:Shopping,0.3,False,,,,,
10-06-2024,634328288,-1000.0,1000.0,0.0,,unknown,Expenses:Uncategorized,0.0,False,,,,,
10-06-2024,634328290,-1000.0,1000.0,0.0,,unknown,Expenses:Uncategorized,0.0,False,,,,,
10-06-2024,612919591,-2000.0,2000.0,0.0,,shopping,Expenses:Shopping,0.3,False,,,,,
10-06-2024,613286765,-2000.0,2000.0,0.0,,shopping,Expenses:Shopping,0.3,False,,,,,
10-06-2024,Bank/ICI57e17fd6d4144984a9f68ec54f99809d/,-500.0,500.0,0.0,,investment,Expenses:Investment,0.8,False,,,,,
10-06-2024,Union,-650.0,650.0,0.0,,unknown,Expenses:Uncategorized,0.0,False,,,,,
10-06-2024,Vysya,-130.0,130.0,0.0,,unknown,Expenses:Uncategorized,0.0,False,,,,,
11-06-2024,Mandate/appleservices.b/HDFCBANK,-99.0,99.0,0.0,,food,Expenses:Food:Restaurant,0.2,False,,,,,
11-06-2024,Ltd/ICIca5bbb82d5824f4ca3b7b2dde5c70427/,-115.0,115.0,0.0,,unknown,Expenses:Uncategorized,0.0,False,,,,,
11-06-2024,Bank Of I/ICI061f514a79c345da99de4dde6a215529/,-4000.0,4000.0,0.0,,shopping,Expenses:Shopping,0.3,False,,,,,
11-06-2024,BankLtd/PTM097288cd53304d76bc3fdfcf0b012c44,2500.0,0.0,2500.0,,investment,Expenses:Investment,0.8,False,,,,,
12-06-2024,Transaction/corporationofch/HDFC BANK,-1765.0,1765.0,0.0,,shopping,Expenses:Shopping,0.3,False,,,,,
12-06-2024,Bank/PPPL20127638422120624094842/,-839.0,839.0,0.0,,unknown,Expenses:Uncategorized,0.0,False,,,,,
12-06-2024,Bank/ICI9a46c95ab7074891a9e45f1592c83dc6/,-1500.0,1500.0,0.0,88296.36,shopping,Expenses:Shopping,0.3,False,,,,,
12-06-2024,Charte/ICI56c0bf79540a46f6a47ff6897363ba79/,-1500.0,1500.0,0.0,86796.36,shopping,Expenses:Shopping,0.3,False,,,,,
12-06-2024,Ltd/ICIf296e487cfa44728999629271f107a2b/,-35.0,35.0,0.0,86761.36,food,Expenses:Food:Restaurant,0.2,False,,,,,
12-06-2024,Bank/ICI135a3cd8a7a34b218627059c4472248b/,-1450.0,1450.0,0.0,85311.36,shopping,Expenses:Shopping,0.3,False,,,,,
12-06-2024,-0938101017267-CNRB0000938,10000.0,0.0,10000.0,95311.36,salary,Income:Salary,0.3,False,,,,,
12-06-2024,Ltd/ICI4007377eb469445b9cab9e2cd0dbea40/,-110.0,110.0,0.0,95201.36,unknown,Expenses:Uncategorized,0.0,False,,,,,
12-06-2024,Ltd/ICI4c9b49bc22394f7bb3139d0fa08a2469/,-1000.0,1000.0,0.0,94201.36,unknown,Expenses:Uncategorized,0.0,False,,,,,
12-06-2024,Bank,-325.0,325.0,0.0,93876.36,unknown,Expenses:Uncategorized,0.0,False,,,,,
13-06-2024,BANK,-250.0,250.0,0.0,93626.36,unknown,Expenses:Uncategorized,0.0,False,,,,,
14-06-2024,Bank,-336.0,336.0,0.0,93290.36,unknown,Expenses:Uncategorized,0.0,False,,,,,
15-06-2024,DYNA/chnrkmuttroadma/HDFC BANK,-780.22,780.22,0.0,92510.14,unknown,Expenses:Uncategorized,0.0,False,,,,,
16-06-2024,Ltd/ICI57e4393f868541f1b62a51e2051fd195/,-30.0,30.0,0.0,92480.14,investment,Expenses:Investment,0.8,False,,,,,
16-06-2024,Ltd/ICIee7507046e974e7dbbe7ac3ba10c7391/,-2000.0,2000.0,0.0,90480.14,shopping,Expenses:Shopping,0.3,False,,,,,
16-06-2024,LTD/ICIe458345d46834e87b03d9e602fef109c/,-3896.0,3896.0,0.0,86584.14,shopping,Expenses:Shopping,0.3,False,,,,,
16-06-2024,LTD/ICI6780f710c4a24bb7839daae393e952e1/,-4595.0,4595.0,0.0,81989.14,shopping,Expenses:Shopping,0.3,False,,,,,
16-06-2024,Ltd./ICI0becaca526c0451caee0d7e11ba8dfc5/,-120.0,120.0,0.0,81869.14,unknown,Expenses:Uncategorized,0.0,False,,,,,
16-06-2024,Charte/ICI7dd8d0fa8fe14232bd02f00e3b9d0093/,-500.0,500.0,0.0,81369.14,unknown,Expenses:Uncategorized,0.0,False,,,,,
16-06-2024,8726277@p/Yes Bank,-664.38,664.38,0.0,80704.76,unknown,Expenses:Uncategorized,0.0,False,,,,,
17-06-2024,Ltd/ICI569662bd1ad44beb97ea1925a09a7779/,-150.0,150.0,0.0,80554.76,unknown,Expenses:Uncategorized,0.0,False,,,,,
17-06-2024,Bank Of I/ICIe4fd1344993241b89db538f25fd606c7/,-550.0,550.0,0.0,80004.76,investment,Expenses:Investment,0.8,False,,,,,
17-06-2024,Bank Ltd./ICI2216c26cab9e40589f2f65f5f8969fcd/,-598.0,598.0,0.0,79406.76,unknown,Expenses:Uncategorized,0.0,False,,,,,
18-06-2024,Merchant/306784110544793/Canara,-800.0,800.0,0.0,78606.76,unknown,Expenses:Uncategorized,0.0,False,,,,,
18-06-2024,Bank Ltd/ICI9e334ae2f0ff4a9a8ead0d0b8f1b2c81/,-90.0,90.0,0.0,78516.76,food,Expenses:Food:Restaurant,0.2,False,,,,,
18-06-2024,BANK,-480.0,480.0,0.0,78036.76,unknown,Expenses:Uncategorized,0.0,False,,,,,
18-06-2024,D BANK/ICIaa2d1a5c107342c4be6adb0c4a81e81e/,-684.0,684.0,0.0,77352.76,unknown,Expenses:Uncategorized,0.0,False,,,,,
18-06-2024,Ltd/ICIb9f2b301cd1e458ca670f0c83d6705c8/,-16200.0,16200.0,0.0,61152.76,shopping,Expenses:Shopping,0.3,False,,,,,
18-06-2024,Bank/ICI1d7d926ca9e64cebb25e1f6215cba9cb/,-300.0,300.0,0.0,60852.76,unknown,Expenses:Uncategorized,0.0,False,,,,,
19-06-2024,Bank/ICIaa256b6f41ab45fea6b21e56010213c3/,-220.0,220.0,0.0,60632.76,unknown,Expenses:Uncategorized,0.0,False,,,,,
19-06-2024,Bank Ltd./ICIf9a0948512d64e5eaeca84012c55d499/,-5000.0,5000.0,0.0,55632.76,shopping,Expenses:Shopping,0.3,False,,,,,
19-06-2024,Merchant/311876310677239/Canara,-250.0,250.0,0.0,55382.76,unknown,Expenses:Uncategorized,0.0,False,,,,,
19-06-2024,Paytm/9884093234@payt/Citibank/PTM7574F84685,1600.0,0.0,1600.0,56982.76,salary,Income:Salary,1.1,True,,,,,
19-06-2024,LTD/ICI026180761ffe4718b7e26dbc7586ba25/,-320.0,320.0,0.0,56662.76,unknown,Expenses:Uncategorized,0.0,False,,,,,
19-06-2024,Ltd/ICI6ca7e0562fc14784a1199ca0f8fdadad/,-65.0,65.0,0.0,56597.76,investment,Expenses:Investment,0.8,False,,,,,
19-06-2024,Bank Ltd/ICIacfe500de92a415b8f4c1cfcb0a28223/,-149.0,149.0,0.0,56448.76,unknown,Expenses:Uncategorized,0.0,False,,,,,
19-06-2024,SRIVATHSANGAN-KAMALAHARI PAYMENT-,3000.0,0.0,3000.0,59448.76,salary,Income:Salary,1.1,False,,,,,
19-06-2024,of Baroda/ICIdde353aaccde4518aa1a6fa273297b6f/,-300.0,300.0,0.0,59148.76,unknown,Expenses:Uncategorized,0.0,False,,,,,
19-06-2024,irctcapp@/Yes Bank,-579.05,579.05,0.0,58569.71,unknown,Expenses:Uncategorized,0.0,False,,,,,
20-06-2024,154/apollopharmacyo/Yes Bank,-509.15,509.15,0.0,58060.56,medical,Expenses:Medical,0.8,False,,,,,
20-06-2024,BANK LTD/HDF991530037761454ebf1df87f35ff8b86,100.0,0.0,100.0,58160.56,salary,Income:Salary,0.3,False,,,,,
20-06-2024,Bank of I/ICIa318f90ed87d4cef9c12360e9500a29d/,-400.0,400.0,0.0,57760.56,unknown,Expenses:Uncategorized,0.0,False,,,,,
21-06-2024,SABHA-/ATTN/THE VEDAPARAYANA SABHA-,2250.0,0.0,2250.0,60010.56,salary,Income:Salary,0.3,False,,,,,
21-06-2024,BANK,-1500.0,1500.0,0.0,58510.56,shopping,Expenses:Shopping,0.3,False,,,,,
21-06-2024,Ltd/ICI580767cd7b2f4472aaef73d745e4bb03/,-1000.0,1000.0,0.0,57510.56,unknown,Expenses:Uncategorized,0.0,False,,,,,
22-06-2024,Mahindra /ICI0f9d7ca8b3204219a9f5228aed3b3b09/,-300.0,300.0,0.0,57210.56,unknown,Expenses:Uncategorized,0.0,False,,,,,
22-06-2024,Ltd/ICIe25dd29ee02f4cac9cd6f9f74f8d5265/,-180.0,180.0,0.0,57030.56,unknown,Expenses:Uncategorized,0.0,False,,,,,
22-06-2024,Ltd./ICI96f4acec66ff4e9ebbb140e020d7b1f1/,-1000.0,1000.0,0.0,56030.56,unknown,Expenses:Uncategorized,0.0,False,,,,,
22-06-2024,Ltd/ICI5b64d15a17fa49248f4eb7a4c935d66d/,-1000.0,1000.0,0.0,55030.56,unknown,Expenses:Uncategorized,0.0,False,,,,,
22-06-2024,Bank/ICI3f409487636446a78b9d0b6a28ae0eab/,-125.0,125.0,0.0,54905.56,unknown,Expenses:Uncategorized,0.0,False,,,,,
24-06-2024,Bank/ICI2c2eba0471ec4db69d996e71c53e68a9/,-475.0,475.0,0.0,54428.56,unknown,Expenses:Uncategorized,0.0,False,,,,,
24-06-2024,Bank Ltd/ICIb55689217bb24f43bbe6e3f236e40c9a/,-300.0,300.0,0.0,54128.56,unknown,Expenses:Uncategorized,0.0,False,,,,,
25-06-2024,Bank/ICI5765f940abfc4edfbf19e63d19d2da19/,-337.0,337.0,0.0,53791.56,unknown,Expenses:Uncategorized,0.0,False,,,,,
25-06-2024,Bank,-9686.0,9686.0,0.0,44105.56,shopping,Expenses:Shopping,0.3,False,,,,,
25-06-2024,Intent/goindigo.payu@i/ICICIBank/ICI38cd319f4aff4,-8508.0,8508.0,0.0,35597.56,salary,Income:Salary,0.8,False,,,,,
26-06-2024,Bank/AXI81d1ec002c2a4a67945376323b8fd3ef,8508.0,0.0,8508.0,44105.56,investment,Expenses:Investment,0.8,False,,,,,
26-06-2024,Ltd./ICI3a6ac5b3e6f74ea0a472ea0ccfae10fe/,-245.0,245.0,0.0,43860.56,unknown,Expenses:Uncategorized,0.0,False,,,,,
26-06-2024,Ltd/ICI58382ae9ac2546a58136492244ec1d9a/,-90.0,90.0,0.0,43770.56,food,Expenses:Food:Restaurant,0.2,False,,,,,
27-06-2024,concert/gayathrivenkata/Bank of,12500.0,0.0,12500.0,56270.56,salary,Income:Salary,0.5,False,,,,,
27-06-2024,Ltd/ICI84d67c74edff4763bc4c94ac6920634e/,-44.0,44.0,0.0,56226.56,food,Expenses:Food:Restaurant,0.2,False,,,,,
27-06-2024,Bank Ltd./ICI2faa2a52162f4e7387f023d30098d041/,-252.0,252.0,0.0,55974.56,unknown,Expenses:Uncategorized,0.0,False,,,,,
27-06-2024,Bank Ltd./ICI40985b538cc946bc8390a2e55136dfe0/,-516.0,516.0,0.0,55458.56,unknown,Expenses:Uncategorized,0.0,False,,,,,
28-06-2024,Ltd/ICIe97d9406d41048848abffd3718df0ca4/,-40.0,40.0,0.0,55418.56,investment,Expenses:Investment,0.8,False,,,,,
28-06-2024,Ltd/ICIc6b875800afd478083ffb8241a6c1baf/,-40.0,40.0,0.0,55378.56,investment,Expenses:Investment,0.8,False,,,,,
28-06-2024,Ltd/ICI4b9f39ad29bf4afbb170641b7739f9f2/,-83.0,83.0,0.0,55295.56,food,Expenses:Food:Restaurant,0.2,False,,,,,
28-06-2024,Ltd/ICI6d897c96802d43df948a574125556cf0/,-140.0,140.0,0.0,55155.56,unknown,Expenses:Uncategorized,0.0,False,,,,,
29-06-2024,LTD/ICI590104578f8f4c6dad0fc61af1204f83/,-4960.0,4960.0,0.0,50195.56,shopping,Expenses:Shopping,0.3,False,,,,,
29-06-2024,Ltd/ICIb79964024fe9416ca5564849b6ac3044/,-147.0,147.0,0.0,50048.56,unknown,Expenses:Uncategorized,0.0,False,,,,,
29-06-2024,Ltd/ICIdd5cb3d6c7264203a14a58db6ddfa38f/,-60.0,60.0,0.0,49988.56,food,Expenses:Food:Restaurant,0.2,False,,,,,
29-06-2024,Baroda/ICI804daed2f6aa4071874ab6b35f62bbc3/,-140.0,140.0,0.0,49848.56,unknown,Expenses:Uncategorized,0.0,False,,,,,
29-06-2024,Ltd/ICI1babaf83362341a4a1408ddb009b4cba/,-60.0,60.0,0.0,49788.56,food,Expenses:Food:Restaurant,0.2,False,,,,,
29-06-2024,Ltd/ICI6ff318827aa94010a7fb1fba0d561b2b/,-100.0,100.0,0.0,49688.56,unknown,Expenses:Uncategorized,0.0,False,,,,,
29-06-2024,Bank,-55.0,55.0,0.0,49633.56,food,Expenses:Food:Restaurant,0.2,False,,,,,
29-06-2024,Ltd/ICIc7e1e4fb2bd94397b802c49722edfdc0/,-499.0,499.0,0.0,49134.56,investment,Expenses:Investment,0.8,False,,,,,
30-06-2024,218601511117:Int.Pd:30-03-2024 to 29-06-2024,1063.0,0.0,1063.0,50197.56,salary,Income:Salary,0.3,False,,,,,
30-06-2024,DYNA/ibaco.40979347@/HDFC BANK,-1793.6,1793.6,0.0,48403.96,shopping,Expenses:Shopping,0.3,False,,,,,
30-06-2024,Bank Ltd./ICI2d5a84a2f01f447b99f08b060070e55a/,-315.0,315.0,0.0,48088.96,unknown,Expenses:Uncategorized,0.0,False,,,,,
30-06-2024,Ltd/ICI9973ec93d73d481099c71401d48e96f5/,-95.0,95.0,0.0,47993.96,food,Expenses:Food:Restaurant,0.2,False,,,,,
30-06-2024,Ltd/ICIa48517cba0ca4cc1aae985228d0ce77c/,-20.0,20.0,0.0,47973.96,food,Expenses:Food:Restaurant,0.2,False,,,,,
01-07-2024,Bank Ltd/ICI1b6e04521ca345549c0af5a42565d755/,-400.0,400.0,0.0,47573.96,unknown,Expenses:Uncategorized,0.0,False,,,,,
01-07-2024,BharatPe/bharatpe.900703/Federal,-40.0,40.0,0.0,47533.96,food,Expenses:Food:Restaurant,0.2,True,BharatPe,bharatpe.900703,Federal,,
01-07-2024,BANK,-460.0,460.0,0.0,47073.96,unknown,Expenses:Uncategorized,0.0,False,,,,,
01-07-2024,Ltd/ICI7543b427dfcf4eabbe77e94daaee8b5b/,-90.0,90.0,0.0,46983.96,food,Expenses:Food:Restaurant,0.2,False,,,,,
02-07-2024,Bank/ICId743c6a553c8461f9da2e24c938c1a7c/,-1300.0,1300.0,0.0,45683.96,shopping,Expenses:Shopping,0.3,False,,,,,
02-07-2024,Bank Ltd./ICI18cc826fc87b4bd1945b71218e719476/,-425.0,425.0,0.0,45258.96,unknown,Expenses:Uncategorized,0.0,False,,,,,
02-07-2024,Bank Ltd./ICIa30f5ab277d84545994da04791656b3a/,-15.0,15.0,0.0,45243.96,food,Expenses:Food:Restaurant,0.2,False,,,,,
02-07-2024,Ltd./ICI3eee5bf2369b4af48ffa8eb582fa94c1/,-31000.0,31000.0,0.0,14243.96,shopping,Expenses:Shopping,0.3,False,,,,,
02-07-2024,Ltd./ICI2f54b3105a9342939604f8ea50261177/,-160.0,160.0,0.0,14083.96,unknown,Expenses:Uncategorized,0.0,False,,,,,
04-07-2024,BharatPe/bharatpe.900710/Federal,-40.0,40.0,0.0,14043.96,food,Expenses:Food:Restaurant,0.2,True,BharatPe,bharatpe.900710,Federal,,
04-07-2024,Ltd/ICIcbae0dba26a74ea5a44156ecff3e4d43/,-170.0,170.0,0.0,13873.96,unknown,Expenses:Uncategorized,0.0,False,,,,,
04-07-2024,Ltd/ICI9eda7ef510224eedb7d428059a7a8d07/,-70.0,70.0,0.0,13803.96,food,Expenses:Food:Restaurant,0.2,False,,,,,
05-07-2024,Mandate/appleservices.b/HDFCBANK,-99.0,99.0,0.0,13704.96,food,Expenses:Food:Restaurant,0.2,False,,,,,
05-07-2024,SRIVATHSANGAN-GOLUSU-50100676414853-,5000.0,0.0,5000.0,18704.96,salary,Income:Salary,0.3,False,,,,,
05-07-2024,b/ICICI,-219.0,219.0,0.0,18485.96,unknown,Expenses:Uncategorized,0.0,False,,,,,
05-07-2024,To RD Ac no 218625002611,-5000.0,5000.0,0.0,13485.96,shopping,Expenses:Shopping,0.3,False,,,,,
06-07-2024,Bank,-70.0,70.0,0.0,13415.96,food,Expenses:Food:Restaurant,0.2,False,,,,,
06-07-2024,irctcapp@/Yes Bank,-2533.6,2533.6,0.0,10882.36,shopping,Expenses:Shopping,0.3,False,,,,,
06-07-2024,RAMANATH,20000.0,0.0,20000.0,30882.36,salary,Income:Salary,0.5,False,,,,,
07-07-2024,Ltd./ICIed3baf6859a74a6994ddc9fb9546bfb8/,-190.0,190.0,0.0,30692.36,unknown,Expenses:Uncategorized,0.0,False,,,,,
07-07-2024,KAILASH/bharatpe9077200/Yes Bank,-541.0,541.0,0.0,30151.36,unknown,Expenses:Uncategorized,0.0,True,bharatpe,,,,
08-07-2024,BY CASH - CHENNAI - NEW AVADI ROAD,650.0,0.0,650.0,30801.36,atm,Expenses:ATM:Withdrawal,0.8,False,,,,,
08-07-2024,Ltd/ICIfbb897d65c22490682e6a6c1c5ab2a0a/,-300.0,300.0,0.0,30501.36,unknown,Expenses:Uncategorized,0.0,False,,,,,
09-07-2024,TRFR FROM: CARNATIC WORLD.COM PVT LTD,4000.0,0.0,4000.0,34501.36,salary,Income:Salary,0.3,False,,,,,
09-07-2024,DAMODARAN FOUNDATION-THIRD PARTY,18000.0,0.0,18000.0,52501.36,salary,Income:Salary,0.5,False,,,,,
10-07-2024,659594053,-2000.0,2000.0,0.0,50501.36,shopping,Expenses:Shopping,0.3,False,,,,,
10-07-2024,675626540,-1000.0,1000.0,0.0,49501.36,unknown,Expenses:Uncategorized,0.0,False,,,,,
10-07-2024,659237767,-1000.0,1000.0,0.0,48501.36,unknown,Expenses:Uncategorized,0.0,False,,,,,
10-07-2024,659236775,-2000.0,2000.0,0.0,46501.36,shopping,Expenses:Shopping,0.3,False,,,,,
10-07-2024,659313371,-1000.0,1000.0,0.0,45501.36,unknown,Expenses:Uncategorized,0.0,False,,,,,
10-07-2024,659313234,-2000.0,2000.0,0.0,43501.36,shopping,Expenses:Shopping,0.3,False,,,,,
10-07-2024,BIL/INFT/DGE3017794/NA/ NANDHINI S,40000.0,0.0,40000.0,83501.36,salary,Income:Salary,0.5,False,,,,,
10-07-2024,Ltd./ICI3fdd4763d04c4659a45dea8dcc1b4b12/,-40000.0,40000.0,0.0,43501.36,investment,Expenses:Investment,1.1,False,,,,,
10-07-2024,Bank Ltd./ICIa9d52fff436a4232b3168eab73655992/,-40.0,40.0,0.0,43461.36,food,Expenses:Food:Restaurant,0.2,False,,,,,
10-07-2024,-00000040245133206-SBIN0004255,3000.0,0.0,3000.0,46461.36,salary,Income:Salary,0.3,False,,,,,
10-07-2024,Ltd/ICI8da8edd8ea1947d193a3d54a1a903573/,-35.0,35.0,0.0,46426.36,food,Expenses:Food:Restaurant,0.2,False,,,,,
10-07-2024,Ltd/ICI7d81e627738e4f2e959e969a51c83207/,-120.0,120.0,0.0,46306.36,unknown,Expenses:Uncategorized,0.0,False,,,,,
10-07-2024,Bank Ltd./ICI4d62a8ab0d574c649a7a101f17355fd1/,-220.0,220.0,0.0,46086.36,investment,Expenses:Investment,0.8,False,,,,,
10-07-2024,DAMODARAN FOUNDATION-THIRD PARTY,1938.0,0.0,1938.0,48024.36,salary,Income:Salary,0.3,False,,,,,
11-07-2024,Bank Of I/ICIcaa05118e03c47cd8c55017c2c35c5de/,-300.0,300.0,0.0,47724.36,unknown,Expenses:Uncategorized,0.0,False,,,,,
11-07-2024,Ltd/ICI07c48c4f98df448a9d58bd26c47501d3/,-20.0,20.0,0.0,37589.55,food,Expenses:Food:Restaurant,0.2,False,,,,,
11-07-2024,Ltd/ICIf80fe37b9bfb4781900e7b25a05df9cf/,-50.0,50.0,0.0,37539.55,food,Expenses:Food:Restaurant,0.2,False,,,,,
11-07-2024,Bank/ICI382a91a8a6f9446f842f8643f832696a/,-320.0,320.0,0.0,37219.55,unknown,Expenses:Uncategorized,0.0,False,,,,,
11-07-2024,BANK,-28.0,28.0,0.0,37191.55,food,Expenses:Food:Restaurant,0.2,False,,,,,
11-07-2024,Ltd/ICIfe6b231901544e0b8b602b0635167b55/,-637.2,637.2,0.0,36554.35,unknown,Expenses:Uncategorized,0.0,False,,,,,
11-07-2024,Bank Ltd./ICIcbcbf67744424965bd6b1608afcb638c/,-70.0,70.0,0.0,36484.35,food,Expenses:Food:Restaurant,0.2,False,,,,,
12-07-2024,irctcapp@/Yes Bank,-1564.05,1564.05,0.0,34920.3,shopping,Expenses:Shopping,0.3,False,,,,,
13-07-2024,irctcapp@/Yes Bank,-2149.05,2149.05,0.0,32771.25,shopping,Expenses:Shopping,0.3,False,,,,,
13-07-2024,reimburse/manjusk@okicici/ICICI,2750.0,0.0,2750.0,35521.25,salary,Income:Salary,0.3,True,manjusk,,,,
13-07-2024,Ltd/ICI07b66e72f6c7499fba81d18f42a9854f/,-330.0,330.0,0.0,35191.25,unknown,Expenses:Uncategorized,0.0,False,,,,,
13-07-2024,BankLtd/PTM51c145cbd60343079a6d517c890ebb1,945.36,0.0,945.36,36136.61,salary,Income:Salary,0.3,False,,,,,
13-07-2024,Ltd/ICI4358aca99acf4c60be7a9c52bc606620/,-70.0,70.0,0.0,36066.61,food,Expenses:Food:Restaurant,0.2,False,,,,,
14-07-2024,Bank/ICId9af2360e1ee4f31a7d694139d683bd6/,-250.0,250.0,0.0,35816.61,unknown,Expenses:Uncategorized,0.0,False,,,,,
14-07-2024,Ltd/ICI9a69a4859c08427198649d3f67a0dfe4/,-20.0,20.0,0.0,35796.61,food,Expenses:Food:Restaurant,0.2,False,,,,,
15-07-2024,BANK,-190.0,190.0,0.0,35606.61,unknown,Expenses:Uncategorized,0.0,False,,,,,
15-07-2024,Bank/ICIbef12af1d22546fba4d4cc3f94a7c6c8/,-300.0,300.0,0.0,35306.61,unknown,Expenses:Uncategorized,0.0,False,,,,,
15-07-2024,PH/bharatpe4000023/Yes Bank,-263.0,263.0,0.0,35043.61,unknown,Expenses:Uncategorized,0.0,True,bharatpe,,,,
15-07-2024,Union,-20.0,20.0,0.0,35023.61,food,Expenses:Food:Restaurant,0.2,False,,,,,
15-07-2024,Ltd/ICI8416f8c0394e4fe08d47776d2a66a461/,-40.0,40.0,0.0,34983.61,food,Expenses:Food:Restaurant,0.2,False,,,,,
15-07-2024,BANK,-29.0,29.0,0.0,34954.61,food,Expenses:Food:Restaurant,0.2,False,,,,,
16-07-2024,Ltd/493038697748/PTM40716805613135757345202,-969.05,969.05,0.0,33464.27,unknown,Expenses:Uncategorized,0.0,False,,,,,
17-07-2024,Ltd/419957858555/ICI62e325cdf52749a1a0a3b8255,-460.0,460.0,0.0,33004.27,unknown,Expenses:Uncategorized,0.0,False,,,,,
17-07-2024,Ltd/456549273432/ICI2e31ada660384c638d18b0a1b,-310.0,310.0,0.0,32694.27,unknown,Expenses:Uncategorized,0.0,False,,,,,
17-07-2024,Ltd/456552970264/ICI9771902f864b43819f7d89382,-849.0,849.0,0.0,31845.27,unknown,Expenses:Uncategorized,0.0,False,,,,,
17-07-2024,Bank/419928972651/ICI8ae7d71550094287b37c4e7,-1450.0,1450.0,0.0,30395.27,shopping,Expenses:Shopping,0.3,False,,,,,
17-07-2024,LTD/419975985515/PLUTUSDQR000000000000000,-412.53,412.53,0.0,29982.74,unknown,Expenses:Uncategorized,0.0,False,,,,,
17-07-2024,LTD/419929888130/PLUTUSDQR000000000000000,-378.97,378.97,0.0,29603.77,unknown,Expenses:Uncategorized,0.0,False,,,,,
17-07-2024,LTD/419922586865/PLUTUSDQR000000000000000,-10.0,10.0,0.0,29593.77,food,Expenses:Food:Restaurant,0.2,False,,,,,
18-07-2024,National/420054323570/ICI174e145f05aa4225b8529,-500.0,500.0,0.0,29093.77,unknown,Expenses:Uncategorized,0.0,False,,,,,
18-07-2024,National/420013817921/ICI3b2b1bae7b304ce9be7a,-1800.0,1800.0,0.0,27293.77,shopping,Expenses:Shopping,0.3,False,,,,,
18-07-2024,National/420041020130/ICI03dd4e17493a46658a59f,-100.0,100.0,0.0,27193.77,unknown,Expenses:Uncategorized,0.0,False,,,,,
18-07-2024,Ltd/420035727102/ICI9937209232d74d269fa49b0bf,-40.0,40.0,0.0,27153.77,food,Expenses:Food:Restaurant,0.2,False,,,,,
18-07-2024,Ltd./456671920405/ICI70f8afca028447ee88651a9b4,-230.0,230.0,0.0,26923.77,unknown,Expenses:Uncategorized,0.0,False,,,,,
18-07-2024,Ltd./456654940859/ICI867b3212b8a84b90ba4ee730,-3438.0,3438.0,0.0,23485.77,shopping,Expenses:Shopping,0.3,False,,,,,
19-07-2024,/420125963339/ICI249f00881e66411e8183d7a6a1ef,-4496.0,4496.0,0.0,18989.77,shopping,Expenses:Shopping,0.3,False,,,,,
19-07-2024,Bank/420157999387/AXI00f528f0975741278b13e64,4000.0,0.0,4000.0,22989.77,salary,Income:Salary,0.3,False,,,,,
19-07-2024,Ltd/456792788309/ICI4a767edaf8da4eb0907256d0f,-55.0,55.0,0.0,22934.77,food,Expenses:Food:Restaurant,0.2,False,,,,,
19-07-2024,Ltd/456798997989/ICI315758538ce94b518d64c6317,-25.0,25.0,0.0,22909.77,food,Expenses:Food:Restaurant,0.2,False,,,,,
20-07-2024,Sapphiro Drcard Jfee+GST,-2358.82,2358.82,0.0,20550.95,shopping,Expenses:Shopping,0.3,False,,,,,
20-07-2024,/420277925903/ICI903c579d4cf944d09a2105420fb8,-185.0,185.0,0.0,20365.95,unknown,Expenses:Uncategorized,0.0,False,,,,,
20-07-2024,Ltd/420237334454/ICI11d67c3a6d7b42c987cfb8746,-130.0,130.0,0.0,20235.95,unknown,Expenses:Uncategorized,0.0,False,,,,,
20-07-2024,Baroda/420227946982/ICIf31ebbc5a46b495381e7fe,-379.0,379.0,0.0,19856.95,unknown,Expenses:Uncategorized,0.0,False,,,,,
20-07-2024,Bank/456897493693/AXI47eb6f52d2c44e18806ff97e,2500.0,0.0,2500.0,22356.95,salary,Income:Salary,0.3,False,,,,,
21-07-2024,Bank/456900454366/ICIbc3c63352f60438284eb0a00,-150.0,150.0,0.0,22204.95,unknown,Expenses:Uncategorized,0.0,False,,,,,
21-07-2024,Ltd/420315602591/PTM40721802791067084817202,-1389.05,1389.05,0.0,20815.9,shopping,Expenses:Shopping,0.3,False,,,,,
21-07-2024,/420396082776/ICIff8481fee3384d349ad55701a1a03,-1389.05,1389.05,0.0,19426.85,shopping,Expenses:Shopping,0.3,False,,,,,
21-07-2024,Charte/420383572736/ICI7a016ba73fca4121a0294f9,-5000.0,5000.0,0.0,14426.85,shopping,Expenses:Shopping,0.3,False,,,,,
21-07-2024,I/456997503629/ICIc37c5ff6100144ea97f1e06b977a,-44.0,44.0,0.0,14382.85,food,Expenses:Food:Restaurant,0.2,False,,,,,
21-07-2024,OfI/420329821782/SBIbbc7f8a922454fd2abed334a9,18000.0,0.0,18000.0,32382.85,investment,Expenses:Investment,0.8,False,,,,,
22-07-2024,Bank/420469164379/AXI52e2f2e819d140fdb2ac54d,8000.0,0.0,8000.0,40382.85,investment,Expenses:Investment,0.8,False,,,,,
22-07-2024,Ltd/420465627268/ICI03f289b3eeb448f9941b50b21,-400.0,400.0,0.0,39982.85,unknown,Expenses:Uncategorized,0.0,False,,,,,
22-07-2024,Ltd/420423616843/ICI0248cd2a916941b290bd97107,-550.0,550.0,0.0,39432.85,unknown,Expenses:Uncategorized,0.0,False,,,,,
22-07-2024,Ltd/493632417250/PTM2030dd9735fb4893a0128e8,1389.05,0.0,1389.05,40821.9,salary,Income:Salary,0.3,False,,,,,
24-07-2024,Limit/420603010980/ICIdf4626e95e2048429da6e016,-60.0,60.0,0.0,40761.9,food,Expenses:Food:Restaurant,0.2,False,,,,,
24-07-2024,Limit/457215924719/ICIf320aa680d2649178990d18c,-30.0,30.0,0.0,40731.9,food,Expenses:Food:Restaurant,0.2,False,,,,,
24-07-2024,/420396082776/ICIff8481fee3384d349ad55701a1a0,1300.35,0.0,1300.35,42032.25,salary,Income:Salary,0.3,False,,,,,
25-07-2024,Payments/420710598874/APB7963f905ecd446f7a0c,-2394.5,2394.5,0.0,39637.75,salary,Income:Salary,0.8,False,,,,,
25-07-2024,LTD/457393964720/ICIbfbfb7e41b1f4153a46257901,-50.0,50.0,0.0,38723.75,food,Expenses:Food:Restaurant,0.2,False,,,,,
25-07-2024,Ltd/457345671027/ICI5555de1b1dcb4ad0b8ea5ee5,-230.0,230.0,0.0,38493.75,unknown,Expenses:Uncategorized,0.0,False,,,,,
25-07-2024,Ltd/420702077742/ICI4bd1c4002f96469d98419ebb9,-30.0,30.0,0.0,38463.75,food,Expenses:Food:Restaurant,0.2,False,,,,,
25-07-2024,Ltd/457344468880/ICI770a72294bd34206b6584b1b,-10.0,10.0,0.0,38453.75,food,Expenses:Food:Restaurant,0.2,False,,,,,
25-07-2024,Ltd/420745091685/ICIc459c5c2f3344240ac574664f1,-120.0,120.0,0.0,38333.75,unknown,Expenses:Uncategorized,0.0,False,,,,,
25-07-2024,Ltd/457330373641/ICI4faf7fe109e140af8abec2b4dd,-5.0,5.0,0.0,38328.75,food,Expenses:Food:Restaurant,0.2,False,,,,,
26-07-2024,Ltd/420874011147/ICI42eec7a827324f009ef5a9a2f4,-5.0,5.0,0.0,38323.75,food,Expenses:Food:Restaurant,0.2,False,,,,,
26-07-2024,Ltd/420816323396/ICIf4affc764b984e9cb09f4b93f67,-614.0,614.0,0.0,37709.75,unknown,Expenses:Uncategorized,0.0,False,,,,,
26-07-2024,LTD/420842421444/ICI7f31f1465f94445eaa873d83d,-20.0,20.0,0.0,37689.75,food,Expenses:Food:Restaurant,0.2,False,,,,,
26-07-2024,/457440730055/ICId2dbe7af091744e39f12b381c32d,-100.0,100.0,0.0,37589.75,unknown,Expenses:Uncategorized,0.0,False,,,,,
26-07-2024,I/457439940959/ICI0354461a3d6446138f8486d1c45,-110.0,110.0,0.0,37479.75,unknown,Expenses:Uncategorized,0.0,False,,,,,
27-07-2024,Payments/420910613418/APB6fbd4321b9ec4a4f99,-2754.5,2754.5,0.0,,salary,Income:Salary,0.8,False,,,,,
27-07-2024,Ltd/420951259558/ICIfe02df947b4942c48bb4fdc9ffa,-440.0,440.0,0.0,,investment,Expenses:Investment,0.8,False,,,,,
27-07-2024,Ltd/420993566752/ICI3e0daa115a304ab8859cf116b,-138.0,138.0,0.0,,unknown,Expenses:Uncategorized,0.0,False,,,,,
27-07-2024,/420931175789/ICI7b6034c826b64e6991671eed1f8e,-675.0,675.0,0.0,,unknown,Expenses:Uncategorized,0.0,False,,,,,
27-07-2024,Ltd/457584294044/ICI861f653e88104377ac1179b43,-640.0,640.0,0.0,,unknown,Expenses:Uncategorized,0.0,False,,,,,
27-07-2024,Ltd/420904198278/ICI49098aa0b3684cd4847a48e2a,-100.0,100.0,0.0,,unknown,Expenses:Uncategorized,0.0,False,,,,,
27-07-2024,LTD/420978298281/PLUTUSDQR000000000000000,-820.0,820.0,0.0,,unknown,Expenses:Uncategorized,0.0,False,,,,,
27-07-2024,/420986895135/ICI05d816794da145f9b2a7cb718aaa,-85.0,85.0,0.0,,food,Expenses:Food:Restaurant,0.2,False,,,,,
28-07-2024,Ltd/457618401407/ICI2cb96930985d4501b18d2952,-292.0,292.0,0.0,,unknown,Expenses:Uncategorized,0.0,False,,,,,
28-07-2024,Ltd/421087802737/ICI6ecaf3d321474af6853c9d2055,-25.0,25.0,0.0,,food,Expenses:Food:Restaurant,0.2,False,,,,,
28-07-2024,Ltd/457691810286/ICIcd0c55a4f72d49c99afde63761,-5.0,5.0,0.0,,investment,Expenses:Investment,0.8,False,,,,,
28-07-2024,Ltd/457630022370/ICI63a1d037775f445ea17353735,-15.0,15.0,0.0,,food,Expenses:Food:Restaurant,0.2,False,,,,,
28-07-2024,PTY/457652012430/ICIaa3448f8ae30439bb1a37716c,-100.0,100.0,0.0,,unknown,Expenses:Uncategorized,0.0,False,,,,,
28-07-2024,Bank/421084233365/ICIa64bd14c394d43ddaa6b028,-4100.0,4100.0,0.0,,shopping,Expenses:Shopping,0.3,False,,,,,
28-07-2024,Ltd/421057017432/ICI4f973800d0ed4fa59002bf6726,-130.0,130.0,0.0,,unknown,Expenses:Uncategorized,0.0,False,,,,,
28-07-2024,LTD/457669331196/ICIe0705832ebfd45aab61235fa2,-27.0,27.0,0.0,,investment,Expenses:Investment,0.8,False,,,,,
28-07-2024,Ltd/457673327200/ICIea141021fcb2412db6781e657,-30.0,30.0,0.0,,food,Expenses:Food:Restaurant,0.2,False,,,,,
28-07-2024,I/457614532495/ICIf8835172e8914d6dac484d5bca0,-500.0,500.0,0.0,,unknown,Expenses:Uncategorized,0.0,False,,,,,
29-07-2024,LTD/421181338610/ICI9f50c8b2a408421e8a502be7a,-570.0,570.0,0.0,,unknown,Expenses:Uncategorized,0.0,False,,,,,
29-07-2024,Bank/421181949384/ICIbd408f5f29974dee9a324a61,-20000.0,20000.0,0.0,,shopping,Expenses:Shopping,0.3,False,,,,,
29-07-2024,00279001001612692-CIUB0000279,5000.0,0.0,5000.0,,salary,Income:Salary,0.3,False,,,,,
29-07-2024,Ban/421155265982/ICI83a4369580b6494194f8ee0fc,950.0,0.0,950.0,,salary,Income:Salary,0.3,False,,,,,
30-07-2024,0769/ICIae594f777edf41a9ac786af9ea527e21/,-50.0,50.0,0.0,,food,Expenses:Food:Restaurant,0.2,False,,,,,
30-07-2024,922010066771090-UTIB0001767,10000.0,0.0,10000.0,,salary,Income:Salary,0.3,False,,,,,
30-07-2024,Charte/421240825427/ICIef0cbd30054648aa871e48,-10000.0,10000.0,0.0,,shopping,Expenses:Shopping,0.3,False,,,,,
30-07-2024,Ltd/421202229825/ICIa0c95f48e35f48bd93afada4c0,-160.0,160.0,0.0,,unknown,Expenses:Uncategorized,0.0,False,,,,,
30-07-2024,Overseas/421289732005/ICI537e945b7cb24584ba2,-250.0,250.0,0.0,,unknown,Expenses:Uncategorized,0.0,False,,,,,
30-07-2024,Ltd/421299328973/ICIc716220bf06a4a91b28ad7480,-50.0,50.0,0.0,,food,Expenses:Food:Restaurant,0.2,False,,,,,
30-07-2024,Ltd/457896237284/ICI64a8a1f7b212415087aeaecc2,-451.0,451.0,0.0,,unknown,Expenses:Uncategorized,0.0,False,,,,,
31-07-2024,Ltd/457981363266/ICIf33d48d401b04ab4aa100e0e6,-20.0,20.0,0.0,,food,Expenses:Food:Restaurant,0.2,False,,,,,
31-07-2024,Ltd/421362564486/ICI63a26bb189104c42b0f377fed,-30.0,30.0,0.0,,food,Expenses:Food:Restaurant,0.2,False,,,,,
31-07-2024,Ltd/457917167622/ICI53bde94c9248414e97153dacd,-75.0,75.0,0.0,,food,Expenses:Food:Restaurant,0.2,False,,,,,
01-08-2024,SRIVATHSANGAN-AMMA APPA TICKET-,6000.0,0.0,6000.0,,salary,Income:Salary,0.3,False,,,,,
03-08-2024,I/421680465502/SBIf4706ccdcfe24717b2561c67ffdd,10000.0,0.0,10000.0,,investment,Expenses:Investment,0.8,False,,,,,
04-08-2024,LTD/421727811174/HDF82ac9f8db9454937b62be0e,8000.0,0.0,8000.0,,salary,Income:Salary,0.3,False,,,,,
05-08-2024,LTD/421854690672/HDF1ED23CB7CC82E20CE0635,-99.0,99.0,0.0,,food,Expenses:Food:Restaurant,0.2,False,,,,,
05-08-2024,LTD/421862105347/ICI087dbe89f42e4158b95400c2,-219.0,219.0,0.0,,unknown,Expenses:Uncategorized,0.0,False,,,,,
05-08-2024,To RD Ac no 218625002611,-5000.0,5000.0,0.0,,shopping,Expenses:Shopping,0.3,False,,,,,
06-08-2024,Of/421924855994/ICI8dc35f05509c4078b5db330afa,-500.0,500.0,0.0,,unknown,Expenses:Uncategorized,0.0,False,,,,,
06-08-2024,/458573664648/ICIe72671b2745547609ec9fc3df125f,-15000.0,15000.0,0.0,,shopping,Expenses:Shopping,0.3,False,,,,,
06-08-2024,/458563548013/ICI32ba335274c3451b8de8b6f2996d,-4000.0,4000.0,0.0,,shopping,Expenses:Shopping,0.3,False,,,,,
06-08-2024,Ltd/421943368046/AXI0df1fc72593c4b9a907decfe7f,-165.0,165.0,0.0,,unknown,Expenses:Uncategorized,0.0,False,,,,,
07-08-2024,Payments/422038724191/ICI6d16b148b2d3477ba7b,-200.0,200.0,0.0,,salary,Income:Salary,0.8,False,,,,,
07-08-2024,/422074881120/ICI68303cf499a24155881592214767,-6064.0,6064.0,0.0,,shopping,Expenses:Shopping,0.3,False,,,,,
07-08-2024,Ltd/422016282444/AXBdae71802f4cf4fbfbe47d43eb,-142.0,142.0,0.0,,unknown,Expenses:Uncategorized,0.0,False,,,,,
08-08-2024,Bank/458715507956/AXIe19b8497079a4d42952a84,3000.0,0.0,3000.0,,salary,Income:Salary,0.3,False,,,,,
08-08-2024,/422127879661/PPPL20611506769080824134055/,-3300.0,3300.0,0.0,,shopping,Expenses:Shopping,0.3,False,,,,,
08-08-2024,Ltd/458721677235/PYTM40808803887699295233/,-199.0,199.0,0.0,,unknown,Expenses:Uncategorized,0.0,False,,,,,
08-08-2024,00279001001612692-CIUB0000279,3000.0,0.0,3000.0,,salary,Income:Salary,0.3,False,,,,,
08-08-2024,SMALL/458726000746/ICI44522a6ce4cd40b29bd95,-1000.0,1000.0,0.0,,shopping,Expenses:Shopping,0.8,False,,,,,
08-08-2024,Ltd/458731387062/ICI59a0b40801924d8d8669ba03f,-90.0,90.0,0.0,,food,Expenses:Food:Restaurant,0.2,False,,,,,
09-08-2024,Ltd/422244751592/ICI1a8331895dbd4e59bf478545e,-250.0,250.0,0.0,,unknown,Expenses:Uncategorized,0.0,False,,,,,
09-08-2024,Ltd/458877067195/ICIf8137fd62eb5464cbc83d588e,-360.0,360.0,0.0,,investment,Expenses:Investment,0.8,False,,,,,
09-08-2024,Ltd/458861561404/ICIb33d9e0a20a147ae858758e1f,-100.0,100.0,0.0,,unknown,Expenses:Uncategorized,0.0,False,,,,,
10-08-2024,Payments/422310532580/APBf49bd9e59c304ab58a,-923.6,923.6,0.0,,salary,Income:Salary,0.8,False,,,,,
10-08-2024,Ltd/422313818376/ICIe19da5282f3347dabf9a660987,-140.0,140.0,0.0,,unknown,Expenses:Uncategorized,0.0,False,,,,,
11-08-2024,Ltd/459055670580/ICI43f71ad5feb84d648c5c5ffc1e8,-30.0,30.0,0.0,,food,Expenses:Food:Restaurant,0.2,False,,,,,
11-08-2024,Ltd/459057360232/ICI8e735cdf271a4af09df68523bf,-50.0,50.0,0.0,,food,Expenses:Food:Restaurant,0.2,False,,,,,
11-08-2024,Bank/422490664623/ICI6ed3902725834570b06140a,-25.0,25.0,0.0,,food,Expenses:Food:Restaurant,0.2,False,,,,,
11-08-2024,LTD/422403173548/ICI737ebfe9fbe14e3ca15a3400d,-58.0,58.0,0.0,,food,Expenses:Food:Restaurant,0.2,False,,,,,
12-08-2024,675626541,-1000.0,1000.0,0.0,,unknown,Expenses:Uncategorized,0.0,False,,,,,
12-08-2024,707652227,-1000.0,1000.0,0.0,,unknown,Expenses:Uncategorized,0.0,False,,,,,
12-08-2024,Bank/459118441250/AXI8d2a83ce79a245bea8943c7,2000.0,0.0,2000.0,,salary,Income:Salary,0.3,False,,,,,
12-08-2024,/459157882156/ICI7680b88f8dd94bf58322b876bde5,-900.0,900.0,0.0,,unknown,Expenses:Uncategorized,0.0,False,,,,,
12-08-2024,I/422589579414/ICI92da3d0825e447d88914d11ad86,-50.0,50.0,0.0,,food,Expenses:Food:Restaurant,0.2,False,,,,,
12-08-2024,Ltd/422593597918/ICI247ce3eba5ff4e459c2596ce2c,-420.0,420.0,0.0,,unknown,Expenses:Uncategorized,0.0,False,,,,,
12-08-2024,/422519864295/AXIed755f3fd7bd4234840a7d93d2f,200.0,0.0,200.0,,investment,Expenses:Investment,0.8,False,,,,,
12-08-2024,Bank/459109669410/AXId9c82ffa538b4d2c8a39dec,10000.0,0.0,10000.0,,salary,Income:Salary,0.3,False,,,,,
13-08-2024,Ltd/422608940938/ICIedb0b4fc0d224357a36121f67,-600.0,600.0,0.0,,unknown,Expenses:Uncategorized,0.0,False,,,,,
13-08-2024,Ltd/422624439815/ICIcb327d22f78b49d2bf2378116,-266.0,266.0,0.0,,unknown,Expenses:Uncategorized,0.0,False,,,,,
13-08-2024,ECSRTN1_128247011502242000939,-590.0,590.0,0.0,,unknown,Expenses:Uncategorized,0.0,False,,,,,
13-08-2024,ECSRTN120824_7011502242000939,-590.0,590.0,0.0,,unknown,Expenses:Uncategorized,0.0,False,,,,,
13-08-2024,Ban/422608068252/ICIe6ca8784974b4a8c84dc2a89,-419.0,419.0,0.0,,unknown,Expenses:Uncategorized,0.0,False,,,,,
13-08-2024,I/422625259178/ICIaf8edf7468394342be8a045e67fb,-39.0,39.0,0.0,,food,Expenses:Food:Restaurant,0.2,False,,,,,
13-08-2024,Ltd/459201963365/ICI91e504201d0b421bb2b2eb05,-110.0,110.0,0.0,,unknown,Expenses:Uncategorized,0.0,False,,,,,
14-08-2024,00279001001612692-CIUB0000279,27000.0,0.0,27000.0,,salary,Income:Salary,0.5,False,,,,,
14-08-2024,ECSRTN2_128247011502242000939,-590.0,590.0,0.0,,unknown,Expenses:Uncategorized,0.0,False,,,,,
14-08-2024,TRF TO FD no. 218610004729,-80000.0,80000.0,0.0,,investment,Expenses:Investment,1.1,False,,,,,
14-08-2024,LTD/422770618331/PLUTUSDQR000000000000000,-714.0,714.0,0.0,,unknown,Expenses:Uncategorized,0.0,False,,,,,
15-08-2024,/422812133459/ICI419795ce7f55425fb77330ab85e8,-4000.0,4000.0,0.0,,shopping,Expenses:Shopping,0.3,False,,,,,
15-08-2024,Ltd/459482539609/ICI16618e02215048cd8cd7a0a5e,-260.0,260.0,0.0,,unknown,Expenses:Uncategorized,0.0,False,,,,,
15-08-2024,LTD/459465477215/PLUTUSDQR000000000000000,-1354.0,1354.0,0.0,,shopping,Expenses:Shopping,0.3,False,,,,,
16-08-2024,I/459567089790/ICI566570eee8ad4916977536ca46b,-500.0,500.0,0.0,,unknown,Expenses:Uncategorized,0.0,False,,,,,
16-08-2024,Of/459516893406/ICId2946fbb01ad497db98ae2e9d,-450.0,450.0,0.0,,unknown,Expenses:Uncategorized,0.0,False,,,,,
16-08-2024,843126199,-2000.0,2000.0,0.0,,shopping,Expenses:Shopping,0.3,False,,,,,
16-08-2024,843126200,-3000.0,3000.0,0.0,,shopping,Expenses:Shopping,0.3,False,,,,,
16-08-2024,843126201,-3000.0,3000.0,0.0,,shopping,Expenses:Shopping,0.3,False,,,,,
16-08-2024,PTY/422902728598/ICI2f133589edde49d69a7c3080,-60.0,60.0,0.0,,food,Expenses:Food:Restaurant,0.2,False,,,,,
17-08-2024,/459644733567/ICI18aadfe268fc4d4eacdd0b2e811ff,-360.0,360.0,0.0,,unknown,Expenses:Uncategorized,0.0,False,,,,,
17-08-2024,I/423080122294/ICI36931ee14aa746408de84f54a3f8,180.0,0.0,180.0,,salary,Income:Salary,0.3,False,,,,,
17-08-2024,Bank/423081634898/ICI9fb2190c88ab4bd5aff7d463,-120.0,120.0,0.0,,unknown,Expenses:Uncategorized,0.0,False,,,,,
17-08-2024,Payments/423011891804/APBd669e23e79584122b3,-3174.5,3174.5,0.0,,salary,Income:Salary,0.8,False,,,,,
17-08-2024,Of/423030155727/ICI0f5c9f322baa4dbc9c4f5ec7266,-700.0,700.0,0.0,39429.79,unknown,Expenses:Uncategorized,0.0,False,,,,,
18-08-2024,Charte/423162389889/ICIa4b26a17cbe646088915f5,-2000.0,2000.0,0.0,37429.79,shopping,Expenses:Shopping,0.3,False,,,,,
18-08-2024,/423120182850/ICI6e8043ccaf54458bb54e1537482d,-1389.05,1389.05,0.0,36040.74,shopping,Expenses:Shopping,0.3,False,,,,,
18-08-2024,Payments/423110841238/APB68536262dde844e0bc,-1614.05,1614.05,0.0,34426.69,salary,Income:Salary,0.8,False,,,,,
18-08-2024,Bank/459790144249/AXI5d76782f50b843e4b27c2d6,1615.0,0.0,1615.0,36041.69,salary,Income:Salary,0.3,False,,,,,
18-08-2024,LTD/423101093146/ICIb5ba13555fe541319bf46f688,-4387.0,4387.0,0.0,31654.69,shopping,Expenses:Shopping,0.3,False,,,,,
19-08-2024,I/423256779566/ICI5cc96bd172a54a789e7068e9998,-64.0,64.0,0.0,31190.69,food,Expenses:Food:Restaurant,0.2,False,,,,,
19-08-2024,Bank/459850783088/ICI7fedd670ab034e8bbeb07b1f,-410.0,410.0,0.0,30780.69,unknown,Expenses:Uncategorized,0.0,False,,,,,
20-08-2024,/423328405187/ICI84799ce4bdae4231a5b03185472,-1389.05,1389.05,0.0,29391.64,shopping,Expenses:Shopping,0.3,False,,,,,
20-08-2024,Payments/423310838579/APBff707a4b8f5d42f48bd,-1389.05,1389.05,0.0,28002.59,salary,Income:Salary,0.8,False,,,,,
20-08-2024,Payments/423310842560/APBe1132d44d72c418c9d,-1614.05,1614.05,0.0,26388.54,salary,Income:Salary,0.8,False,,,,,
20-08-2024,Payments/423322626011/APBa19b5a5668224d12a9,835.0,0.0,835.0,27223.54,salary,Income:Salary,1.1,False,,,,,
21-08-2024,Payments/423421656746/APB473427d97e6743939f,1300.35,0.0,1300.35,28523.89,salary,Income:Salary,1.1,False,,,,,
22-08-2024,I/460109384021/ICIc16a838f0ca442a1942222b035e4,-230.0,230.0,0.0,52293.89,unknown,Expenses:Uncategorized,0.0,False,,,,,
23-08-2024,/460233055796/ICI7db414e7516a470aa7ad563b2a5,-210.0,210.0,0.0,52083.89,unknown,Expenses:Uncategorized,0.0,False,,,,,
23-08-2024,I/423687939251/ICId30a869da2834977b0d8316801f,-65.0,65.0,0.0,52018.89,food,Expenses:Food:Restaurant,0.2,False,,,,,
23-08-2024,/423328405187/ICI84799ce4bdae4231a5b03185472,1389.05,0.0,1389.05,53407.94,salary,Income:Salary,0.3,False,,,,,
23-08-2024,Bank/423608751780/ICI0623a734f0e54f478a3e1027,-100.0,100.0,0.0,53307.94,unknown,Expenses:Uncategorized,0.0,False,,,,,
24-08-2024,Ltd/423789492035/ICIf063c6e5f3d148bd805e04e9b,-250.0,250.0,0.0,53057.94,unknown,Expenses:Uncategorized,0.0,False,,,,,
24-08-2024,Ltd/460306603028/ICI6b1abb298f4a421eadb238055,-219.0,219.0,0.0,52838.94,unknown,Expenses:Uncategorized,0.0,False,,,,,
24-08-2024,Ltd/423720618990/AMZDQR0000000000000001715,-350.0,350.0,0.0,52488.94,unknown,Expenses:Uncategorized,0.0,False,,,,,
24-08-2024,Ltd/423727930733/AMZDQR0000000000000001715,-190.0,190.0,0.0,52298.94,unknown,Expenses:Uncategorized,0.0,False,,,,,
25-08-2024,Ltd/423862753456/ICI9399c1694c0c4a5a876dfe6a3,-40.0,40.0,0.0,52258.94,food,Expenses:Food:Restaurant,0.2,False,,,,,
25-08-2024,Ltd/460446059653/ICIa2c50c1c310d41a4b18739d8c,-130.0,130.0,0.0,52128.94,unknown,Expenses:Uncategorized,0.0,False,,,,,
25-08-2024,Ltd/460430874867/ICI7d68e49c00b9430484c3cba0e,-255.26,255.26,0.0,51873.68,unknown,Expenses:Uncategorized,0.0,False,,,,,
25-08-2024,Ltd/423846787782/AXB3a1e555f910e4310a32aaa4b,-195.0,195.0,0.0,51678.68,unknown,Expenses:Uncategorized,0.0,False,,,,,
25-08-2024,Ltd/423831410684/AXBeb5546eaeb9d41be935c4e2,17.0,0.0,17.0,51695.68,salary,Income:Salary,0.3,False,,,,,
26-08-2024,/423966410444/ICI20fd63e205ef4ba39f48faefcbbb0,-302.0,302.0,0.0,50581.68,investment,Expenses:Investment,0.8,False,,,,,
27-08-2024,LTD/424074232100/IBL17393c1953714e34aaaa9fca,6064.0,0.0,6064.0,56645.68,salary,Income:Salary,0.3,False,,,,,
28-08-2024,Bank/460701867834/ICI75fa97496dd54939a73ebfda,-500.0,500.0,0.0,56145.68,investment,Expenses:Investment,0.8,False,,,,,
29-08-2024,Ban/460852040085/ICIac39f6fddd5c449db300592d6,-270.0,270.0,0.0,55424.54,investment,Expenses:Investment,0.8,False,,,,,
30-08-2024,Bank/424322955770/HDFCWC93A938E26378DD1EE,17000.0,0.0,17000.0,72424.54,salary,Income:Salary,0.5,False,,,,,
30-08-2024,LTD/424382007575/ICI7a68abc15384460184c33f9e4,-15.0,15.0,0.0,72409.54,food,Expenses:Food:Restaurant,0.2,False,,,,,
30-08-2024,Ltd/460964996904/ICId0030240b4d141eb957446bf4,-38.0,38.0,0.0,72371.54,food,Expenses:Food:Restaurant,0.2,False,,,,,
30-08-2024,Ltd/460930197447/ICIb4538706f2004879beecdfc77a,-30.0,30.0,0.0,72341.54,food,Expenses:Food:Restaurant,0.2,False,,,,,
30-08-2024,LTD/424340507257/PLUTUSDQR000000000000271,-3437.0,3437.0,0.0,68904.54,shopping,Expenses:Shopping,0.3,False,,,,,
30-08-2024,National/460940313660/ICI76526ca2574a45d689f62,-150.0,150.0,0.0,68754.54,unknown,Expenses:Uncategorized,0.0,False,,,,,
30-08-2024,Usi/YesBank_Yespay/424331810425/YJPccf27c01d,-292.0,292.0,0.0,68462.54,salary,Income:Salary,0.8,False,,,,,
31-08-2024,Ltd/424424332530/ICIca6beb9cc7134430830231401,-5400.0,5400.0,0.0,63062.54,shopping,Expenses:Shopping,0.3,False,,,,,
31-08-2024,Ltd/424485339548/ICI5ebba5e97ec14e199d36ec137,-500.0,500.0,0.0,62562.54,unknown,Expenses:Uncategorized,0.0,False,,,,,
31-08-2024,Bank/424481453523/ICI063ff3a4f5454266ae82bcb99,-500.0,500.0,0.0,62062.54,unknown,Expenses:Uncategorized,0.0,False,,,,,
31-08-2024,-/ATTN/TRANSFER-00000000402617518-,27238.0,0.0,27238.0,,transfer,Expenses:Transfer,0.8,False,,,,,
31-08-2024,LTD/461031663350/ICIca8eb2a66a414d07a85e92eb,-960.0,960.0,0.0,,unknown,Expenses:Uncategorized,0.0,False,,,,,
01-09-2024,LTD/424557101528/IBL831a4c06a9784670ab427892,7500.0,0.0,7500.0,,salary,Income:Salary,0.3,False,,,,,
01-09-2024,Ltd/424592716213/ICI71ddcb979c69488b8d1c633d,-20.0,20.0,0.0,,food,Expenses:Food:Restaurant,0.2,False,,,,,
02-09-2024,National/461209128418/ICId5ba8d98d30745aa9c3a,-1000.0,1000.0,0.0,,unknown,Expenses:Uncategorized,0.0,False,,,,,
02-09-2024,Ltd/461235431949/ICIfcd438cf4ecd4df5b88b6196d8,-325.0,325.0,0.0,,unknown,Expenses:Uncategorized,0.0,False,,,,,
02-09-2024,National/461212828684/ICIa4b9827a3b81455eac300,-530.0,530.0,0.0,,unknown,Expenses:Uncategorized,0.0,False,,,,,
02-09-2024,Baroda/461274450164/ICIf486dcd508764ddc9d3239,-1000.0,1000.0,0.0,,unknown,Expenses:Uncategorized,0.0,False,,,,,
02-09-2024,Baroda/461277856765/ICI10f4df55804a42fca71d3ca,-500.0,500.0,0.0,,unknown,Expenses:Uncategorized,0.0,False,,,,,
02-09-2024,Ltd/461216355292/ICIa9841ad0414e43a2a063db626,-300.0,300.0,0.0,,unknown,Expenses:Uncategorized,0.0,False,,,,,
02-09-2024,5556/ICI065f7411ed3f4999aa6a1075dd65ea4d/,-100.0,100.0,0.0,,unknown,Expenses:Uncategorized,0.0,False,,,,,
02-09-2024,Ltd/461223756455/ICI71e69838a44347e9976e3bbef,-83.0,83.0,0.0,,food,Expenses:Food:Restaurant,0.2,False,,,,,
02-09-2024,Ltd/461225459347/ICI40a7adc26035496d86571f454,-20.0,20.0,0.0,,food,Expenses:Food:Restaurant,0.2,False,,,,,
02-09-2024,Ltd/461298564688/ICIf84bec4fbfe943f4ad94b5f86be,-300.0,300.0,0.0,,unknown,Expenses:Uncategorized,0.0,False,,,,,
02-09-2024,/424684771046/PLUTUSDQR0000000000000000012,-386.0,386.0,0.0,,unknown,Expenses:Uncategorized,0.0,False,,,,,
02-09-2024,Ltd/424622050689/ICI7de3951fcac94d1581e533bd2,-135.0,135.0,0.0,,unknown,Expenses:Uncategorized,0.0,False,,,,,
02-09-2024,002415,-81900.0,81900.0,0.0,,shopping,Expenses:Shopping,0.3,False,,,,,
02-09-2024,Artivators-CNRB,81900.0,0.0,81900.0,,salary,Income:Salary,0.5,False,,,,,
02-09-2024,002415,-81900.0,81900.0,0.0,,shopping,Expenses:Shopping,0.3,False,,,,,
02-09-2024,Artivators-CNRB,81900.0,0.0,81900.0,,salary,Income:Salary,0.5,False,,,,,
02-09-2024,GRAM/424608192294/ICI40b7ac5a23304fb1b7e093,-300.0,300.0,0.0,,unknown,Expenses:Uncategorized,0.0,False,,,,,
02-09-2024,Ltd/461291484642/ICI72eb7eed705f471dabe078d53,-30.0,30.0,0.0,,food,Expenses:Food:Restaurant,0.2,False,,,,,
03-09-2024,Bank/424743879856/ICI6d8d693f38e24491ba28a3ea,-300.0,300.0,0.0,,unknown,Expenses:Uncategorized,0.0,False,,,,,
03-09-2024,Ba/424736426935/ICI2c9e4d5a941d4f828e53545c9b,-205.0,205.0,0.0,,unknown,Expenses:Uncategorized,0.0,False,,,,,
04-09-2024,002415,-81900.0,81900.0,0.0,,shopping,Expenses:Shopping,0.3,False,,,,,
04-09-2024,Artivators-CNRB,81900.0,0.0,81900.0,,salary,Income:Salary,0.5,False,,,,,
05-09-2024,LTD/424967084596/HDF215445B10B10E67AE0634E,-99.0,99.0,0.0,,food,Expenses:Food:Restaurant,0.2,False,,,,,
05-09-2024,LTD/424901253635/ICIa715b9380f0f4214aea0a5209,-219.0,219.0,0.0,,unknown,Expenses:Uncategorized,0.0,False,,,,,
05-09-2024,Ltd/424900536981/ICIa171fb114e2946ae88aa6491b,-31000.0,31000.0,0.0,,shopping,Expenses:Shopping,0.3,False,,,,,
05-09-2024,LTD/424969464241/HDFEA4243D169A2486CA2169,-10381.0,10381.0,0.0,,shopping,Expenses:Shopping,0.3,False,,,,,
05-09-2024,To RD Ac no 218625002611,-5000.0,5000.0,0.0,,shopping,Expenses:Shopping,0.3,False,,,,,
06-09-2024,SRIVATHSANGAN-KRISHNA-50100676414853-,2000.0,0.0,2000.0,,salary,Income:Salary,0.3,False,,,,,
09-09-2024,218610004729: Closure Proceeds,70124.0,0.0,70124.0,,salary,Income:Salary,0.5,False,,,,,
09-09-2024,Bank/425315908112/ICI5919609b2e4447828032918,-81900.0,81900.0,0.0,,shopping,Expenses:Shopping,0.3,False,,,,,
10-09-2024,767285421,-1000.0,1000.0,0.0,,unknown,Expenses:Uncategorized,0.0,False,,,,,
10-09-2024,767205946,-2000.0,2000.0,0.0,,shopping,Expenses:Shopping,0.3,False,,,,,
10-09-2024,767206708,-1000.0,1000.0,0.0,,unknown,Expenses:Uncategorized,0.0,False,,,,,
10-09-2024,767285172,-2000.0,2000.0,0.0,,shopping,Expenses:Shopping,0.3,False,,,,,
10-09-2024,767589184,-2000.0,2000.0,0.0,,shopping,Expenses:Shopping,0.3,False,,,,,
10-09-2024,767586124,-1000.0,1000.0,0.0,,unknown,Expenses:Uncategorized,0.0,False,,,,,
10-09-2024,FUNDTRANSFER-120000086112-CNRB0002415,81900.0,0.0,81900.0,,transfer,Expenses:Transfer,0.8,False,,,,,
11-09-2024,TRF TO FD no. 218610004783,-70000.0,70000.0,0.0,,investment,Expenses:Investment,1.1,False,,,,,
19-09-2024,I/462998223416/ICI6b1177688f7f44a782a7ae8a3ec8,-6300.0,6300.0,0.0,,shopping,Expenses:Shopping,0.3,False,,,,,
19-09-2024,Bank/426311852300/AXI375a6c903d044725b4ab90f,2200.0,0.0,2200.0,,salary,Income:Salary,0.3,False,,,,,
19-09-2024,LTD/462930765744/ICI70a718dd8eaa495582ad5f83,-4300.0,4300.0,0.0,,shopping,Expenses:Shopping,0.3,False,,,,,
20-09-2024,/426471436578/ICI56fa96757a5046fd98a9bc38b088f,-2500.0,2500.0,0.0,,investment,Expenses:Investment,1.1,False,,,,,
25-09-2024,1156173000002937-KVBL0002101,10000.0,0.0,10000.0,,salary,Income:Salary,0.3,False,,,,,
25-09-2024,/463593660807/ICIdc4a3176a6834f92a6b258b29cac,-302.0,302.0,0.0,,unknown,Expenses:Uncategorized,0.0,False,,,,,
25-09-2024,Ltd/463502472867/ICIe42bb462db7e4393b8d9b6e1,-2208.0,2208.0,0.0,,shopping,Expenses:Shopping,0.3,False,,,,,
27-09-2024,/427198984489/ICIf3eeef1e78134cc2a833224655f97,-3350.0,3350.0,0.0,,shopping,Expenses:Shopping,0.3,False,,,,,
27-09-2024,Ltd/427106475641/PYTM40927806099198954505/,-4401.52,4401.52,0.0,,shopping,Expenses:Shopping,0.3,False,,,,,
28-09-2024,/427203773001/ICI9fd4ff5dfc4147dbb32c4b4ca167b,-2849.0,2849.0,0.0,,investment,Expenses:Investment,1.1,False,,,,,
30-09-2024,218601511117:Int.Pd:30-06-2024 to 29-09-2024,273.0,0.0,273.0,,salary,Income:Salary,0.3,False,,,,,
30-09-2024,VIR/SOUTHWES /202409302251/427432885447/,-10899.36,10899.36,0.0,,shopping,Expenses:Shopping,0.3,False,,,,,
01-10-2024,/427198984489/ICIf3eeef1e78134cc2a833224655f9,3350.0,0.0,3350.0,,salary,Income:Salary,0.3,False,,,,,
01-10-2024,Charte/464137073222/ICIa39e6f669cdb41b0a3537f9,-1000.0,1000.0,0.0,,unknown,Expenses:Uncategorized,0.0,False,,,,,
02-10-2024,218610004729: Closure Proceeds,10050.0,0.0,10050.0,,salary,Income:Salary,0.5,False,,,,,
02-10-2024,218610004783: Closure Proceeds,20029.0,0.0,20029.0,,salary,Income:Salary,0.5,False,,,,,
02-10-2024,Ltd/427656241387/ICI019215d1e69b4c23bf0220f5c7,-31000.0,31000.0,0.0,,shopping,Expenses:Shopping,0.3,False,,,,,
03-10-2024,LTD/427793636128/HDF402FB58A0FC64E9E99E93E,-2999.0,2999.0,0.0,,shopping,Expenses:Shopping,0.3,False,,,,,
03-10-2024,LTD/427793633399/HDFD427136DC4A54AD486184,-599.0,599.0,0.0,,investment,Expenses:Investment,0.8,False,,,,,
04-10-2024,Ltd/464443336645/ICI1cffe1d5c873409cae1aaa1956,-3300.0,3300.0,0.0,,shopping,Expenses:Shopping,0.3,False,,,,,
05-10-2024,218610004783: Closure Proceeds,20033.0,0.0,20033.0,,salary,Income:Salary,0.5,False,,,,,
05-10-2024,LTD/427902413039/HDF22D5CD47D7C68594E0634,-99.0,99.0,0.0,,food,Expenses:Food:Restaurant,0.2,False,,,,,
05-10-2024,LTD/427939997791/ICI3f30c4183feb49469394a70f5,-219.0,219.0,0.0,,unknown,Expenses:Uncategorized,0.0,False,,,,,
05-10-2024,To RD Ac no 218625002611,-5000.0,5000.0,0.0,,shopping,Expenses:Shopping,0.3,False,,,,,
08-10-2024,Bank/464851530096/ICI6ea23008a2b24d278a415d9,-1260.0,1260.0,0.0,,shopping,Expenses:Shopping,0.3,False,,,,,
09-10-2024,Ltd/428318892391/ICI34e5ad294232420b9918c353d,-357.0,357.0,0.0,,unknown,Expenses:Uncategorized,0.0,False,,,,,
09-10-2024,LTD/428304382068/ICIcc8864e6337d4eae86149bcff,-480.0,480.0,0.0,,unknown,Expenses:Uncategorized,0.0,False,,,,,
09-10-2024,/464903010857/ICI1e95ea8004014496881bc56fb332,-170.0,170.0,0.0,,unknown,Expenses:Uncategorized,0.0,False,,,,,
10-10-2024,834384682,-1000.0,1000.0,0.0,,unknown,Expenses:Uncategorized,0.0,False,,,,,
10-10-2024,834385534,-2000.0,2000.0,0.0,,shopping,Expenses:Shopping,0.3,False,,,,,
10-10-2024,834293700,-2000.0,2000.0,0.0,,shopping,Expenses:Shopping,0.3,False,,,,,
10-10-2024,834292800,-1000.0,1000.0,0.0,,unknown,Expenses:Uncategorized,0.0,False,,,,,
10-10-2024,834732600,-1000.0,1000.0,0.0,,unknown,Expenses:Uncategorized,0.0,False,,,,,
10-10-2024,834735390,-2000.0,2000.0,0.0,,shopping,Expenses:Shopping,0.3,False,,,,,
10-10-2024,Ltd/428436045821/ICI1685dac5bfca461f9ecdc58fbb,-400.0,400.0,0.0,,unknown,Expenses:Uncategorized,0.0,False,,,,,
11-10-2024,Overseas/428575831448/ICI9e88b4098a5144148e66,-180.0,180.0,0.0,,unknown,Expenses:Uncategorized,0.0,False,,,,,
11-10-2024,LTD/428557654955/ICI0806a8a5cd9d48ec90d2c61af,-170.0,170.0,0.0,,unknown,Expenses:Uncategorized,0.0,False,,,,,
11-10-2024,Ltd/465142057911/ICIdf3d90001e144d6689de6e138,-60.0,60.0,0.0,,food,Expenses:Food:Restaurant,0.2,False,,,,,
11-10-2024,LTD/428545741349/PLUTUSDQR000000000000000,-62.78,62.78,0.0,,food,Expenses:Food:Restaurant,0.2,False,,,,,
12-10-2024,I/428662470891/ICIb8985f739a724d49aef023e29d39,-1200.0,1200.0,0.0,,shopping,Expenses:Shopping,0.3,False,,,,,
13-10-2024,Overseas/465349931054/ICIc705f58c363e462ba273,-280.0,280.0,0.0,,unknown,Expenses:Uncategorized,0.0,False,,,,,
14-10-2024,Bank/465482456060/ICIefe99df32b6d4c29a00972b6,5000.0,0.0,5000.0,,salary,Income:Salary,0.3,False,,,,,
14-10-2024,Usi/bookmyshow@axb/Axis Bank,-442.92,442.92,0.0,,unknown,Expenses:Uncategorized,0.0,False,,,,,
15-10-2024,Ltd/735696652894/AXBfdb66abae4524480a45a4f3c,286.17,0.0,286.17,,investment,Expenses:Investment,0.8,False,,,,,
15-10-2024,LTD/428988010635/ICIb9ee0d6f826e43baa565ca57,-250.0,250.0,0.0,,unknown,Expenses:Uncategorized,0.0,False,,,,,
15-10-2024,LTD/428943795174/HDFAE94B1031EB946F4A27C6,-18.0,18.0,0.0,,food,Expenses:Food:Restaurant,0.2,False,,,,,
15-10-2024,LTD/428943922607/HDF96E766F699CF481AB5238A,-18.0,18.0,0.0,,food,Expenses:Food:Restaurant,0.2,False,,,,,
15-10-2024,Ltd/465551245205/ICI429d3b7a05224b4f950731d30,-1000.0,1000.0,0.0,,unknown,Expenses:Uncategorized,0.0,False,,,,,
15-10-2024,Ltd/465591841643/ICI3b11d56d416744f18a6241ff41,-100.0,100.0,0.0,,unknown,Expenses:Uncategorized,0.0,False,,,,,
15-10-2024,Ltd/428954757807/ICIff8ca9b291274810bfacff1fe67,-20.0,20.0,0.0,,food,Expenses:Food:Restaurant,0.2,False,,,,,
15-10-2024,Ltd/428900955408/ICIb5ac472f17a843d291c6e2fa94,-180.0,180.0,0.0,,unknown,Expenses:Uncategorized,0.0,False,,,,,
16-10-2024,10442011001749-PUNB0104410,35000.0,0.0,35000.0,,salary,Income:Salary,0.5,False,,,,,
16-10-2024,Ltd/429023374828/AXBff9c49e2e74846b3b0d5049e,-664.38,664.38,0.0,,unknown,Expenses:Uncategorized,0.0,False,,,,,
16-10-2024,LTD/429096683216/ICIe5bcd8e1485b4e31a7b919fc,-240.0,240.0,0.0,,unknown,Expenses:Uncategorized,0.0,False,,,,,
16-10-2024,Bank/465694092270/ICIad964a311c8a49e1bbe3c10,-180.0,180.0,0.0,,unknown,Expenses:Uncategorized,0.0,False,,,,,
16-10-2024,Ltd/429023893539/ICIbc38ead614f246b593d47ec3f,-3000.0,3000.0,0.0,,shopping,Expenses:Shopping,0.3,False,,,,,
16-10-2024,Ltd/429072197335/AMZDQR0000000000000001715,-1110.0,1110.0,0.0,,shopping,Expenses:Shopping,0.3,False,,,,,
16-10-2024,Ltd/429093195334/AMZDQR0000000000000001715,-320.0,320.0,0.0,,unknown,Expenses:Uncategorized,0.0,False,,,,,
16-10-2024,Ltd/429022204028/ICIb5d545b5d45745e895fb81e39,-180.0,180.0,0.0,,unknown,Expenses:Uncategorized,0.0,False,,,,,
17-10-2024,LTD/465765619205/ICI384dafdd9e824b609f4a5fb3c,-750.0,750.0,0.0,,investment,Expenses:Investment,0.8,False,,,,,
17-10-2024,Ltd/465701098655/ICI92e54a5bb7814cf88c0b32ca3,-650.0,650.0,0.0,,unknown,Expenses:Uncategorized,0.0,False,,,,,
17-10-2024,PTY/465719512311/ICIe0dbf2df35474062bef3d983a,-60.0,60.0,0.0,,food,Expenses:Food:Restaurant,0.2,False,,,,,
17-10-2024,PTY/429178814511/ICIa091ac7c77e84614adbbd169,-40.0,40.0,0.0,,food,Expenses:Food:Restaurant,0.2,False,,,,,
17-10-2024,LTD/465749120935/PLUTUSDQR000000000000000,-6947.0,6947.0,0.0,,shopping,Expenses:Shopping,0.3,False,,,,,
17-10-2024,/ICIa0c17fb004a24145821b835fffdf59e4/,-180.0,180.0,0.0,,investment,Expenses:Investment,0.8,False,,,,,
17-10-2024,/UTIB0001767,-200000.0,200000.0,0.0,,shopping,Expenses:Shopping,0.3,False,,,,,
17-10-2024,KRISHNA S-UTIB0,200000.0,0.0,200000.0,,salary,Income:Salary,0.5,False,,,,,
17-10-2024,LTD/465708932094/ICIb1473e9815054d939c6074ec,-21000.0,21000.0,0.0,,shopping,Expenses:Shopping,0.3,False,,,,,
17-10-2024,I/429127036366/ICI2bbc9374066546d59dd97a18499,-300.0,300.0,0.0,,unknown,Expenses:Uncategorized,0.0,False,,,,,
18-10-2024,/UTIB0001767,-200000.0,200000.0,0.0,,shopping,Expenses:Shopping,0.3,False,,,,,
18-10-2024,KRISHNA S-UTIB0,200000.0,0.0,200000.0,,salary,Income:Salary,0.5,False,,,,,
18-10-2024,HNA SA S,-200000.0,200000.0,0.0,,shopping,Expenses:Shopping,0.3,False,,,,,
18-10-2024,Bank/465831071620/ICI046978ee95e84d5694bdb8a,-160.0,160.0,0.0,,unknown,Expenses:Uncategorized,0.0,False,,,,,
18-10-2024,SRIVATHSANGAN-LOVE YOU-50100676414853-,500.0,0.0,500.0,,salary,Income:Salary,0.3,False,,,,,
18-10-2024,Ltd/465805765426/ICI201ba5909de84c74a0c442f02,-85.0,85.0,0.0,,food,Expenses:Food:Restaurant,0.2,False,,,,,
18-10-2024,Ban/429250868305/ICI0a4e7b4c99e9403ab05584b2,-175.0,175.0,0.0,,unknown,Expenses:Uncategorized,0.0,False,,,,,
18-10-2024,Ltd/429259091288/ICI00cd0f7f670341cd83e13481bf,-32.0,32.0,0.0,,food,Expenses:Food:Restaurant,0.2,False,,,,,
18-10-2024,LTD/429275295906/ICIe4e90498fe404c4fa87c7ed8f,-972.0,972.0,0.0,,unknown,Expenses:Uncategorized,0.0,False,,,,,
18-10-2024,Ltd/429223196648/ICIda75b103978b48f6971d36e4ff,-340.0,340.0,0.0,,unknown,Expenses:Uncategorized,0.0,False,,,,,
19-10-2024,LTD/465969705698/ICIae1d41cdc6a345f9b5a8da3fb,-650.0,650.0,0.0,,unknown,Expenses:Uncategorized,0.0,False,,,,,
20-10-2024,F/429484371638/ICIf9e5e10aec6a40998b57fc77b33,-170.0,170.0,0.0,,unknown,Expenses:Uncategorized,0.0,False,,,,,
20-10-2024,/466007978340/ICIa535e9dfa6b8412d85a4f9fd3670,-170.0,170.0,0.0,,investment,Expenses:Investment,0.8,False,,,,,
21-10-2024,Ltd/429520108552/ICIaa93a3a61ea5408da310a6841,-1000.0,1000.0,0.0,,unknown,Expenses:Uncategorized,0.0,False,,,,,
21-10-2024,Overseas/466116823139/ICId2d04855c28e43d7905,-8118.0,8118.0,0.0,,shopping,Expenses:Shopping,0.3,False,,,,,
21-10-2024,Ltd/466135817423/ICI23b24118cf1644208fdf2a73c5,-180.0,180.0,0.0,,investment,Expenses:Investment,0.8,False,,,,,
21-10-2024,Ltd/429548218616/PTM41021805786339240989202,-2854.5,2854.5,0.0,,shopping,Expenses:Shopping,0.3,False,,,,,
21-10-2024,Ltd/466145748681/ICIa3d42f795f55458d9a0e184e15,-130.0,130.0,0.0,,unknown,Expenses:Uncategorized,0.0,False,,,,,
21-10-2024,Ltd/466159655048/ICIa640b47b4998408ea12875fb7,-206.5,206.5,0.0,,unknown,Expenses:Uncategorized,0.0,False,,,,,
22-10-2024,LTD/466236174231/ICIa43ec2d10c5140649ce86768,-1802.0,1802.0,0.0,,shopping,Expenses:Shopping,0.3,False,,,,,
22-10-2024,Ltd/429691882832/ICI52bfe13150b64c01a74526270,-3455.0,3455.0,0.0,,shopping,Expenses:Shopping,0.3,False,,,,,
22-10-2024,/466232085238/ICI2e62f8185c494e65be0830432e1e,-1850.0,1850.0,0.0,,shopping,Expenses:Shopping,0.3,False,,,,,
22-10-2024,Bank/429614376076/ICI29e986d6b06e492588b9264,-250.0,250.0,0.0,,unknown,Expenses:Uncategorized,0.0,False,,,,,
22-10-2024,Ltd/429619085325/ICI4b4894ffc6994bf7ae15377d2e,-675.0,675.0,0.0,,unknown,Expenses:Uncategorized,0.0,False,,,,,
22-10-2024,Ltd/429658799202/ICIaf6cdfc9524d43509430b00310,-882.0,882.0,0.0,,unknown,Expenses:Uncategorized,0.0,False,,,,,
23-10-2024,I/429726693881/SBIfab5751f804549bf90afe9b99fc0,1.0,0.0,1.0,,salary,Income:Salary,0.3,False,,,,,
23-10-2024,Charte/466330134843/ICI2ec7567699da4fffbb96d4e,-1000.0,1000.0,0.0,,unknown,Expenses:Uncategorized,0.0,False,,,,,
23-10-2024,Ltd/429780042630/PYTM41023805405094774849/,-302.0,302.0,0.0,,unknown,Expenses:Uncategorized,0.0,False,,,,,
23-10-2024,Ltd/429792179837/AXB7cb5d32d7750494e9a1bb7ff,-199.0,199.0,0.0,,unknown,Expenses:Uncategorized,0.0,False,,,,,
24-10-2024,Charte/429893573403/ICIb4d9ed2bc4e748cf8947b8,-1500.0,1500.0,0.0,,shopping,Expenses:Shopping,0.3,False,,,,,
24-10-2024,Ltd/429839211559/PTM41024803892926603273202,-901.7,901.7,0.0,,unknown,Expenses:Uncategorized,0.0,False,,,,,
24-10-2024,Ltd/429832698713/ICIf691035f2ba84f109569209007,-50.0,50.0,0.0,92079.54,food,Expenses:Food:Restaurant,0.2,False,,,,,
24-10-2024,Ban/429849892377/ICI00f1c8d02852482dac3d38cbe,-6119.0,6119.0,0.0,85960.54,shopping,Expenses:Shopping,0.3,False,,,,,
24-10-2024,Ltd/466406784831/ICIb2528064a4bc48e3bc0c70602,-30.0,30.0,0.0,85930.54,food,Expenses:Food:Restaurant,0.2,False,,,,,
24-10-2024,BANK/429825496050/PPPL21367004981241024203,-1821.52,1821.52,0.0,84109.02,shopping,Expenses:Shopping,0.3,False,,,,,
24-10-2024,Ltd/429860910764/ICI398b7fe9cbce4931b37d715d0,-173.0,173.0,0.0,83936.02,unknown,Expenses:Uncategorized,0.0,False,,,,,
25-10-2024,Bank/466532717531/ICI42e7268663274775b4d7d6b,-500.0,500.0,0.0,83436.02,unknown,Expenses:Uncategorized,0.0,False,,,,,
25-10-2024,LTD/466559128646/ICI669fef2fce684ae0ba73b2380,-871.5,871.5,0.0,82564.52,unknown,Expenses:Uncategorized,0.0,False,,,,,
25-10-2024,Ltd/429941843612/ICI2f27c069807f4fb0a7fdd67c08,-80.0,80.0,0.0,82484.52,investment,Expenses:Investment,0.8,False,,,,,
25-10-2024,Ltd/429945440029/PTM41025805989072578561202,-1914.5,1914.5,0.0,80570.02,shopping,Expenses:Shopping,0.3,False,,,,,
26-10-2024,975627438,-30000.0,30000.0,0.0,50570.02,shopping,Expenses:Shopping,0.3,False,,,,,
26-10-2024,Ltd/466697372374/ICIbfeacf70f28a4b4f861f29920ae,-250.0,250.0,0.0,50320.02,unknown,Expenses:Uncategorized,0.0,False,,,,,
26-10-2024,Payments/430006897200/ICIeb8dcc5b396c4e6a98c,-500.0,500.0,0.0,49820.02,salary,Income:Salary,0.8,False,,,,,
26-10-2024,Ltd/466675192311/ICI76fb2bf406c84f04bdb8b7953e,-60.0,60.0,0.0,49760.02,food,Expenses:Food:Restaurant,0.2,False,,,,,
26-10-2024,Ltd/466669511186/ICI40b1ecdc5dee44c18a3290300,-130.0,130.0,0.0,49630.02,unknown,Expenses:Uncategorized,0.0,False,,,,,
26-10-2024,/430042788445/ICI01f710caa6dc4f48965e73557eee,-599.0,599.0,0.0,49031.02,unknown,Expenses:Uncategorized,0.0,False,,,,,
27-10-2024,PTY/430154841182/ICI11aa5c2a052f43e196b383dc,-95.0,95.0,0.0,48936.02,food,Expenses:Food:Restaurant,0.2,False,,,,,
27-10-2024,PTY/430133235341/ICI488495c85a0448d59eba95c2,-27.0,27.0,0.0,48909.02,food,Expenses:Food:Restaurant,0.2,False,,,,,
27-10-2024,Ltd/430164062594/ICIa1e0b7ae5fcb4b9482365c554,-50.0,50.0,0.0,48859.02,food,Expenses:Food:Restaurant,0.2,False,,,,,
27-10-2024,Ltd/430194763600/ICI47bdfaa77aec44c2a338cb875,-500.0,500.0,0.0,48359.02,unknown,Expenses:Uncategorized,0.0,False,,,,,
27-10-2024,I/430149579275/SBIb9bf06c2334d46ee8a4379121d,20000.0,0.0,20000.0,68359.02,salary,Income:Salary,0.5,False,,,,,
28-10-2024,Ltd/430228375864/ICI66a1d95dc5c64c42a41c945ad,-55.0,55.0,0.0,68304.02,food,Expenses:Food:Restaurant,0.2,False,,,,,
28-10-2024,Ltd/466893804639/ICI9930f0aab99c4c61ad7523be5,-30.0,30.0,0.0,68274.02,food,Expenses:Food:Restaurant,0.2,False,,,,,
28-10-2024,Ltd/466876119730/ICI31be57a8041b48b49219fc4d0,-25.0,25.0,0.0,68249.02,food,Expenses:Food:Restaurant,0.2,False,,,,,
29-10-2024,LTD/430332429639/HDFc497fede6f2c41d3a1ce982f,5000.0,0.0,5000.0,,salary,Income:Salary,0.3,False,,,,,
29-10-2024,/430352843829/ICI132c2e36100a499fb1614e3f0d56,-127.0,127.0,0.0,,unknown,Expenses:Uncategorized,0.0,False,,,,,
29-10-2024,Charte/430353315697/ICIac296c069fa54a6c8666885,-500.0,500.0,0.0,,unknown,Expenses:Uncategorized,0.0,False,,,,,
29-10-2024,CHARITAB/135435/SBI/26.10.2024,20000.0,0.0,20000.0,,salary,Income:Salary,0.5,False,,,,,
29-10-2024,ARTS ACADEMY TRUST-27 OCT CONCERT-,20000.0,0.0,20000.0,,salary,Income:Salary,0.5,False,,,,,
30-10-2024,Ltd/430436583301/ICI02a8561fbcd845488e909768e,-70.0,70.0,0.0,,food,Expenses:Food:Restaurant,0.2,False,,,,,
30-10-2024,Central/430478521093/ICI317a300c51d64561bd33a,-150.0,150.0,0.0,,unknown,Expenses:Uncategorized,0.0,False,,,,,
01-11-2024,Ltd/430623115373/ICI300f3e7b0a90465f94f7af6326f,-1650.0,1650.0,0.0,,shopping,Expenses:Shopping,0.3,False,,,,,
01-11-2024,Bank/430644219840/ICI541fb12fc6364509806aa577,-230.0,230.0,0.0,,unknown,Expenses:Uncategorized,0.0,False,,,,,
01-11-2024,Ltd/467288718808/ICI1ee3b0d89f814850a5c49a953,-30.0,30.0,0.0,,food,Expenses:Food:Restaurant,0.2,False,,,,,
01-11-2024,Bank/430634676603/AXI2511dadf8c43421dbbe65a9,3500.0,0.0,3500.0,,salary,Income:Salary,0.3,False,,,,,
01-11-2024,Ltd/467239326280/ICIaed3353f9a904a5c94c57e3c7,-145.0,145.0,0.0,,unknown,Expenses:Uncategorized,0.0,False,,,,,
01-11-2024,Ltd/430675418608/ICI2dc275eba2a14818905761ca5,-555.0,555.0,0.0,,unknown,Expenses:Uncategorized,0.0,False,,,,,
02-11-2024,Overseas/430711946487/ICI4c846d89b38b4e5f9965,-220.0,220.0,0.0,,unknown,Expenses:Uncategorized,0.0,False,,,,,
02-11-2024,Ltd/430729247298/ICI53eb349f18a24476abcfdc708a,-120.0,120.0,0.0,,investment,Expenses:Investment,0.8,False,,,,,
03-11-2024,PTY/467401318698/ICI94446a9a40414c36a29e0399,-450.0,450.0,0.0,,unknown,Expenses:Uncategorized,0.0,False,,,,,
03-11-2024,BANK/430844705427/ICI4a3f4371c0f54feda5bd5658,-150.0,150.0,0.0,,unknown,Expenses:Uncategorized,0.0,False,,,,,
03-11-2024,Ltd/467418013247/ICIae88f7da7ec449ad81edc8772,-30.0,30.0,0.0,,food,Expenses:Food:Restaurant,0.2,False,,,,,
03-11-2024,Ltd/467491412302/ICI7fe9744216284963aaa73ca4f2,-50.0,50.0,0.0,,food,Expenses:Food:Restaurant,0.2,False,,,,,
03-11-2024,Ltd/430857810862/ICIb97100ddfa2c4029aeb6c6305,-450.0,450.0,0.0,,unknown,Expenses:Uncategorized,0.0,False,,,,,
03-11-2024,Bank/430887409511/ICI6dcb6f0b9d4947ffa09b108e,-640.0,640.0,0.0,,unknown,Expenses:Uncategorized,0.0,False,,,,,
03-11-2024,BANK/467418307212/ICI90bebcdfa21740c39535642,-80.0,80.0,0.0,,food,Expenses:Food:Restaurant,0.2,False,,,,,
04-11-2024,Payments/430949166388/ICIed09a8ce91b346dda68,-500.0,500.0,0.0,,salary,Income:Salary,0.8,False,,,,,
04-11-2024,Ltd/430948987330/ICI75fd5d620aaf476d894997bf84,-480.82,480.82,0.0,,investment,Expenses:Investment,0.8,False,,,,,
04-11-2024,I/430979484021/ICI7ff6629e3875479da3b42efb43ee,-20.0,20.0,0.0,,food,Expenses:Food:Restaurant,0.2,False,,,,,
05-11-2024,LTD/431016802890/HDF26209BDB02CA68B5E0634,-99.0,99.0,0.0,,food,Expenses:Food:Restaurant,0.2,False,,,,,
05-11-2024,LTD/467632401160/ICI3bc5566fca0943c5a9346fccd,-335.0,335.0,0.0,,unknown,Expenses:Uncategorized,0.0,False,,,,,
05-11-2024,Ltd/431027285678/PTM41105802774022963225202,-1944.5,1944.5,0.0,,shopping,Expenses:Shopping,0.3,False,,,,,
05-11-2024,PTY/467634596380/ICI4f57238717db4e7da1667497,-90.0,90.0,0.0,,food,Expenses:Food:Restaurant,0.2,False,,,,,
05-11-2024,/467677607091/ICI456058213e724b6e982264631a8f,-9750.0,9750.0,0.0,,shopping,Expenses:Shopping,0.3,False,,,,,
05-11-2024,LTD/431089320487/ICIfd161ab0769e4b589e4bb9c4,-219.0,219.0,0.0,,investment,Expenses:Investment,0.8,False,,,,,
05-11-2024,Ltd/431094111043/ICIc577caf29d624e2985c4e8fa87,-3300.0,3300.0,0.0,,shopping,Expenses:Shopping,0.3,False,,,,,
05-11-2024,To RD Ac no 218625002611,-5000.0,5000.0,0.0,,shopping,Expenses:Shopping,0.3,False,,,,,
05-11-2024,LTD/431069535535/ICIcf62e53bb291489c9de6cf635,-100.0,100.0,0.0,,unknown,Expenses:Uncategorized,0.0,False,,,,,
05-11-2024,LTD/467673545862/ICIee62305a49e84525a66f0f23f,-100.0,100.0,0.0,,unknown,Expenses:Uncategorized,0.0,False,,,,,
06-11-2024,Bank/431148450687/ICI3d44ec8304bd4e668f9b603,-1450.0,1450.0,0.0,,shopping,Expenses:Shopping,0.3,False,,,,,
06-11-2024,Ltd/431190650153/ICI85738dedf1184813828ab2d9a,-64.0,64.0,0.0,,food,Expenses:Food:Restaurant,0.2,False,,,,,
06-11-2024,Ltd/467761762616/ICIdd1d6d9a406d4018aaf802fe5,-31000.0,31000.0,0.0,,shopping,Expenses:Shopping,0.3,False,,,,,
06-11-2024,Ltd/431121212054/PTM41106802993936434177202,-2324.5,2324.5,0.0,,shopping,Expenses:Shopping,0.3,False,,,,,
06-11-2024,I/467710250828/ICIfc5c8934468d4923924f19292f4f0,-600.0,600.0,0.0,,unknown,Expenses:Uncategorized,0.0,False,,,,,
06-11-2024,/467750098899/ICId195a93e4a3e428f8e113b09403d,-200.0,200.0,0.0,,unknown,Expenses:Uncategorized,0.0,False,,,,,
06-11-2024,Ltd/467718294939/ICI94ae3e9b446f4c03b85ace809,-50.0,50.0,0.0,,food,Expenses:Food:Restaurant,0.2,False,,,,,
07-11-2024,Ltd/467812909595/ICI870cf78cd48e47f8a1100895a3,-1500.0,1500.0,0.0,,shopping,Expenses:Shopping,0.3,False,,,,,
07-11-2024,Ltd/431262385554/AXBdda2552320d740c393e3716,-1419.0,1419.0,0.0,,shopping,Expenses:Shopping,0.3,False,,,,,
08-11-2024,Ltd/431314053121/ICI743648010581485b878fa5970,-40.0,40.0,0.0,,food,Expenses:Food:Restaurant,0.2,False,,,,,
08-11-2024,Ltd/467964863843/ICIc4ff09f60b5c4205b3a8910a9d,-99.0,99.0,0.0,40393.99,food,Expenses:Food:Restaurant,0.2,False,,,,,
08-11-2024,LTD/467929883410/ICI4e5e4fa366ef4ffabd4150bb60,-760.0,760.0,0.0,39633.99,unknown,Expenses:Uncategorized,0.0,False,,,,,
08-11-2024,Ltd/467915384598/ICI2c54205c160845eeb42710a53,-515.0,515.0,0.0,39118.99,unknown,Expenses:Uncategorized,0.0,False,,,,,
09-11-2024,BANK/431439611077/APL01930f70deb39d8208040,-299.0,299.0,0.0,38819.99,unknown,Expenses:Uncategorized,0.0,False,,,,,
09-11-2024,Ltd/468001929784/ICI6389168724474ac6bd84da9ee,-144.0,144.0,0.0,38675.99,unknown,Expenses:Uncategorized,0.0,False,,,,,
09-11-2024,Ltd/431402037594/ICIe0cc6e9524f74a3c8a17c54a59,-70.0,70.0,0.0,38605.99,food,Expenses:Food:Restaurant,0.2,False,,,,,
09-11-2024,Ltd/468097939468/ICI5d799d960f0641b2ab7528ecd,-20.0,20.0,0.0,38585.99,food,Expenses:Food:Restaurant,0.2,False,,,,,
09-11-2024,Ltd/468033536031/ICI87b3ac46b43e468fa73067e8b,-50.0,50.0,0.0,38535.99,food,Expenses:Food:Restaurant,0.2,False,,,,,
09-11-2024,Bank/468012835994/ICI7870fc3fcd0940a0bc63f91a6,-30.0,30.0,0.0,38505.99,food,Expenses:Food:Restaurant,0.2,False,,,,,
09-11-2024,Ltd/431499840666/ICI059698ff015242a7bf958b951a,-90.0,90.0,0.0,38415.99,food,Expenses:Food:Restaurant,0.2,False,,,,,
09-11-2024,Ltd/431400545361/ICI6682c54ee337446b85e2babf1,-115.0,115.0,0.0,38300.99,unknown,Expenses:Uncategorized,0.0,False,,,,,
10-11-2024,Ltd/468164584403/ICIbb0a32ae03f34cf1a329026e84,-75.0,75.0,0.0,38225.99,food,Expenses:Food:Restaurant,0.2,False,,,,,
10-11-2024,Ltd/431564965105/ICI21e1f39028ed4fe8af4541a9b3,-130.0,130.0,0.0,38095.99,unknown,Expenses:Uncategorized,0.0,False,,,,,
10-11-2024,LTD/468163168010/ICI72da29ae081a42c394acf0de0,-98.0,98.0,0.0,37997.99,food,Expenses:Food:Restaurant,0.2,False,,,,,
10-11-2024,LTD/431528897950/ICId5df34d522174d59a8da3653,-800.0,800.0,0.0,37197.99,unknown,Expenses:Uncategorized,0.0,False,,,,,
10-11-2024,/431515809307/ICIf3da4da6372a45558cfef25855eb6,-256.0,256.0,0.0,36941.99,unknown,Expenses:Uncategorized,0.0,False,,,,,
11-11-2024,889376668,-1000.0,1000.0,0.0,35941.99,unknown,Expenses:Uncategorized,0.0,False,,,,,
11-11-2024,889068416,-2000.0,2000.0,0.0,33941.99,shopping,Expenses:Shopping,0.3,False,,,,,
11-11-2024,888987253,-1000.0,1000.0,0.0,32941.99,unknown,Expenses:Uncategorized,0.0,False,,,,,
11-11-2024,888987168,-2000.0,2000.0,0.0,30941.99,shopping,Expenses:Shopping,0.3,False,,,,,
11-11-2024,889069023,-1000.0,1000.0,0.0,29941.99,unknown,Expenses:Uncategorized,0.0,False,,,,,
11-11-2024,889376869,-2000.0,2000.0,0.0,27941.99,shopping,Expenses:Shopping,0.3,False,,,,,
11-11-2024,Ltd/431640715290/ICIa27064579eb04e40ac7f665c9,-60.0,60.0,0.0,27881.99,food,Expenses:Food:Restaurant,0.2,False,,,,,
11-11-2024,Ltd/468256057543/ICI910f79ddda02418c806bab223,-240.0,240.0,0.0,27641.99,unknown,Expenses:Uncategorized,0.0,False,,,,,
12-11-2024,Ltd/468372779804/ICIf3c371c8f8724be4ad46e7070f,-50.0,50.0,0.0,,food,Expenses:Food:Restaurant,0.2,False,,,,,
12-11-2024,Ltd/431769984427/ICIa588a327fa6d441a94c577072,-120.0,120.0,0.0,,unknown,Expenses:Uncategorized,0.0,False,,,,,
12-11-2024,BANK/872656703174/AXI7195f20dafac470683fcf94,-17893.0,17893.0,0.0,,shopping,Expenses:Shopping,0.3,False,,,,,
13-11-2024,LTD/468499424188/GK5TL8PND8ARD7G1UBCPP62,-1084.0,1084.0,0.0,,shopping,Expenses:Shopping,0.3,False,,,,,
13-11-2024,LTD/468445737761/ICI28c93867d4bc451482ebe268,-318.0,318.0,0.0,,unknown,Expenses:Uncategorized,0.0,False,,,,,
13-11-2024,BANK/468465136581/ICI01c43622311b4e729cd256,-484.0,484.0,0.0,,unknown,Expenses:Uncategorized,0.0,False,,,,,
13-11-2024,Ltd/468450050076/ICI9955fd1466724a8292bc88521,-55.0,55.0,0.0,,investment,Expenses:Investment,0.8,False,,,,,
13-11-2024,Ltd/431804441802/ICI37c71cc6bdce4c5c90b4431e0,-12.0,12.0,0.0,,food,Expenses:Food:Restaurant,0.2,False,,,,,
13-11-2024,LTD/431822263570/ICI96a6fab8f15a444a8aabdb258,-28.0,28.0,0.0,,food,Expenses:Food:Restaurant,0.2,False,,,,,
14-11-2024,BANK/468511169941/AXB2563a7251cf0469b91c5c,-798.54,798.54,0.0,,unknown,Expenses:Uncategorized,0.0,False,,,,,
14-11-2024,BANK/468560270244/ICI2ff86aa657c24528b044006,-1805.0,1805.0,0.0,,shopping,Expenses:Shopping,0.3,False,,,,,
14-11-2024,Ltd/431967980651/ICI0d97286c975c4ae2899e5c6ca,-75.0,75.0,0.0,,food,Expenses:Food:Restaurant,0.2,False,,,,,
14-11-2024,LTD/431987411231/HDF5fe08f8ff08548a9a530d849,4000.0,0.0,4000.0,,salary,Income:Salary,0.3,False,,,,,
14-11-2024,LTD/431987455845/HDF3eb6efb202384829af08315,1430.0,0.0,1430.0,,salary,Income:Salary,0.3,False,,,,,
14-11-2024,FOUNDATION--2649101001719-CNRB0002649,37800.0,0.0,37800.0,,salary,Income:Salary,0.5,False,,,,,
14-11-2024,Ltd/431949801660/ICI80fcfea3dd924b23b3ed57787,-30.0,30.0,0.0,,food,Expenses:Food:Restaurant,0.2,False,,,,,
14-11-2024,Ltd/431960000258/ICI64605018d20147fe9ed1526d8,-70.0,70.0,0.0,,food,Expenses:Food:Restaurant,0.2,False,,,,,
14-11-2024,Ltd/431996803928/ICI5daeaf793b8c4257ab210b6ea,-1000.0,1000.0,0.0,,unknown,Expenses:Uncategorized,0.0,False,,,,,
14-11-2024,BANK/431983814779/ICI6b94426efb7e4dc09e96296,-140.0,140.0,0.0,,unknown,Expenses:Uncategorized,0.0,False,,,,,
15-11-2024,Ltd/468672226025/ICI7d97053defa543b5a6d24c1d9,-150.0,150.0,0.0,,unknown,Expenses:Uncategorized,0.0,False,,,,,
15-11-2024,LTD/432051262785/HDF26E4D933F05AC42FE06350,-5.0,5.0,0.0,,food,Expenses:Food:Restaurant,0.2,False,,,,,
15-11-2024,LTD/432051363673/HDFFD5B91772B8E403EACAA,5.0,0.0,5.0,,investment,Expenses:Investment,0.8,False,,,,,
15-11-2024,Ltd/468680238851/ICI62be4cee81b14322a7f7da1c3,-50.0,50.0,0.0,,food,Expenses:Food:Restaurant,0.2,False,,,,,
15-11-2024,Ltd/432020735381/ICI2da787b68cbc42f1b9a112f749,-170.0,170.0,0.0,46539.45,unknown,Expenses:Uncategorized,0.0,False,,,,,
15-11-2024,Ltd/432043452477/PTM41115805252150114305202,-4959.05,4959.05,0.0,41580.4,shopping,Expenses:Shopping,0.3,False,,,,,
15-11-2024,BANK/432084065477/ICIcda36afdc0df4b429608807,-60.0,60.0,0.0,41520.4,investment,Expenses:Investment,0.8,False,,,,,
16-11-2024,Ban/432176884315/ICIe74a335dcee6416b9fa598f39f,-200.0,200.0,0.0,41320.4,unknown,Expenses:Uncategorized,0.0,False,,,,,
16-11-2024,I/468793573628/ICI93f41215623a46c18f332d5ca031,-50.0,50.0,0.0,41270.4,food,Expenses:Food:Restaurant,0.2,False,,,,,
16-11-2024,/468785791545/ICI2ecfc8a809a743d2a893f0645b71,-3647.0,3647.0,0.0,37623.4,shopping,Expenses:Shopping,0.3,False,,,,,
16-11-2024,Ltd/432148778570/PYTM41116803719049502721/,-4013.0,4013.0,0.0,33610.4,shopping,Expenses:Shopping,0.3,False,,,,,
16-11-2024,Limit/432159111707/ICI665786bddd7345cba9a16d6,-50.0,50.0,0.0,33560.4,food,Expenses:Food:Restaurant,0.2,False,,,,,
17-11-2024,Bank/696762236904/AXL26142610350c4cc79e6898f,10.0,0.0,10.0,32500.37,salary,Income:Salary,0.3,False,,,,,
17-11-2024,Bank/212341125581/AXL6bdb7bd12d5b429ebf13b9,4990.0,0.0,4990.0,37490.37,salary,Income:Salary,0.3,False,,,,,
17-11-2024,Ltd/432240059990/ICI440c528b32d54112a2564cbc8,-579.0,579.0,0.0,36911.37,unknown,Expenses:Uncategorized,0.0,False,,,,,
17-11-2024,Ltd/432293664026/ICI1f04bbb8f2f04837ae06831f29,-118.0,118.0,0.0,36793.37,unknown,Expenses:Uncategorized,0.0,False,,,,,
18-11-2024,Ltd/468962885822/ICI3a4b5b2a8f124ccdbb9803bc2,-111.0,111.0,0.0,36682.37,unknown,Expenses:Uncategorized,0.0,False,,,,,
18-11-2024,irctcapp@/Yes Bank,-1089.05,1089.05,0.0,35593.32,shopping,Expenses:Shopping,0.3,False,,,,,
18-11-2024,irctcapp@/Yes Bank,-1689.05,1689.05,0.0,33904.27,shopping,Expenses:Shopping,0.3,False,,,,,
18-11-2024,Ltd/468950882177/ICI4561ccade7854d77b0ca3464e,-100.0,100.0,0.0,33804.27,unknown,Expenses:Uncategorized,0.0,False,,,,,
18-11-2024,Ltd/432399398559/ICI554521cc39ea4f73b5497b752,-100.0,100.0,0.0,33704.27,unknown,Expenses:Uncategorized,0.0,False,,,,,
18-11-2024,Ltd/468933906939/ICI32a83654340c42a29c97639d1,-489.0,489.0,0.0,33215.27,unknown,Expenses:Uncategorized,0.0,False,,,,,
19-11-2024,LTD/432451566218/ICId105ac51ca424a6b89bccecf6,-226.0,226.0,0.0,32989.27,unknown,Expenses:Uncategorized,0.0,False,,,,,
20-11-2024,Ltd/469165687093/ICIb7eac6f1dc524be5b47f613f89,-25.0,25.0,0.0,32964.27,food,Expenses:Food:Restaurant,0.2,False,,,,,
20-11-2024,LTD/432557712846/HDF3be5bf462256400193a1e69,33760.0,0.0,33760.0,66724.27,salary,Income:Salary,0.5,False,,,,,
20-11-2024,Charte/469109593981/ICIf44afad544254a86b97a947,-50000.0,50000.0,0.0,16724.27,shopping,Expenses:Shopping,0.3,False,,,,,
20-11-2024,BANK/740907853254/AXI368e6d55825f41a7aeae0d,3.0,0.0,3.0,16727.27,salary,Income:Salary,0.3,False,,,,,
20-11-2024,BANK/469180415779/ICIea5e4215c5ff482aac52cad1,-30.0,30.0,0.0,16697.27,food,Expenses:Food:Restaurant,0.2,False,,,,,
20-11-2024,Ltd/432594401860/ICI96a0995f928944fb9e831bdbb,-469.74,469.74,0.0,16227.53,unknown,Expenses:Uncategorized,0.0,False,,,,,
20-11-2024,PAYMENTS/469119611453/ICIfd6e764cf23e418989,-15.0,15.0,0.0,16212.53,investment,Expenses:Investment,0.8,False,,,,,
20-11-2024,LTD/469136507639/ICI3b93300d163a4a6e84841c31,-125.0,125.0,0.0,16087.53,unknown,Expenses:Uncategorized,0.0,False,,,,,
21-11-2024,MUSIC/356266/CAB/15.11.2024,25000.0,0.0,25000.0,41087.53,salary,Income:Salary,0.5,False,,,,,
21-11-2024,PAYMENTS/432615337903/ICId8906bb942e64eef86,-302.0,302.0,0.0,40785.53,salary,Income:Salary,0.8,False,,,,,
21-11-2024,LTD/469220344738/ICI7977ace5a6e94923871d3cba,-357.0,357.0,0.0,40428.53,unknown,Expenses:Uncategorized,0.0,False,,,,,
21-11-2024,Ltd/432605251865/ICId243d9ba90e04bdaa43fb0948,-70.0,70.0,0.0,40358.53,food,Expenses:Food:Restaurant,0.2,False,,,,,
21-11-2024,BANK/432627381418/ICI3b7fe1241d03423194ea9a2,-150.0,150.0,0.0,40208.53,unknown,Expenses:Uncategorized,0.0,False,,,,,
21-11-2024,Ltd/432655873761/ICI8f36730118b842419b4d1f7ec,-70.0,70.0,0.0,40138.53,food,Expenses:Food:Restaurant,0.2,False,,,,,
21-11-2024,BANK/469226171042/ICI0d249f3f4dea431b81f71954,-130.0,130.0,0.0,40008.53,unknown,Expenses:Uncategorized,0.0,False,,,,,
21-11-2024,I/469200164477/ICI16e9c2417fcb4c3ba1b12edaa8d,-120.0,120.0,0.0,39888.53,unknown,Expenses:Uncategorized,0.0,False,,,,,
22-11-2024,Ltd/469398591490/ICIc7e7216c40ee4ad092422edc6,-25.0,25.0,0.0,39863.53,food,Expenses:Food:Restaurant,0.2,False,,,,,
22-11-2024,BANK/469360837315/ICI0e6ad70297974ef09468be3,-100.0,100.0,0.0,39763.53,unknown,Expenses:Uncategorized,0.0,False,,,,,
23-11-2024,Ltd/432884950532/ICIc241ca2718cd439ab6b747927,-89.25,89.25,0.0,39674.28,food,Expenses:Food:Restaurant,0.2,False,,,,,
23-11-2024,Charte/469405265760/ICIeae94bc1f9104ba6802a56,-1000.0,1000.0,0.0,38674.28,unknown,Expenses:Uncategorized,0.0,False,,,,,
23-11-2024,LTD/432851077059/ICI79114c09eeda4d928ab0bde1,-116.0,116.0,0.0,38558.28,unknown,Expenses:Uncategorized,0.0,False,,,,,
23-11-2024,Ltd/432861784282/ICIdf51a44200bc44db9b32a644d,-75.0,75.0,0.0,38483.28,food,Expenses:Food:Restaurant,0.2,False,,,,,
24-11-2024,LTD/432983250000/HDF22D885EE39C34869A90DC,-1499.0,1499.0,0.0,36984.28,shopping,Expenses:Shopping,0.3,False,,,,,
25-11-2024,LTD/433010836263/ICI3c507d5da35c437cb07727dc,-280.0,280.0,0.0,36704.28,unknown,Expenses:Uncategorized,0.0,False,,,,,
25-11-2024,PTY/433058152346/ICIb90691a4f91f4fbd946074321,-50.0,50.0,0.0,36654.28,food,Expenses:Food:Restaurant,0.2,False,,,,,
25-11-2024,BANK/469640316763/AXI8e5696c4ac114b329553d,1.0,0.0,1.0,36655.28,salary,Income:Salary,0.3,False,,,,,
25-11-2024,BANK/433069307911/AXIe65cf9c0f88648088032378,33000.0,0.0,33000.0,69655.28,salary,Income:Salary,0.5,False,,,,,
26-11-2024,LTD/469795591155/ICI6bb40983c3ba4d32a8dd22b2,-100.0,100.0,0.0,69555.28,unknown,Expenses:Uncategorized,0.0,False,,,,,
27-11-2024,00279001001612692-CIUB0000279,5000.0,0.0,5000.0,74555.28,salary,Income:Salary,0.3,False,,,,,
27-11-2024,BANK/433279440311/ICI1eb32d8132ce4706bb1fed3,-350.0,350.0,0.0,74205.28,unknown,Expenses:Uncategorized,0.0,False,,,,,
27-11-2024,OVERSEAS/469846261583/ICI1c82d42919d645cb94,-240.0,240.0,0.0,73965.28,unknown,Expenses:Uncategorized,0.0,False,,,,,
27-11-2024,BANK/469829760926/ICI0e8449d1e7b44e35bd3649,-240.0,240.0,0.0,73725.28,unknown,Expenses:Uncategorized,0.0,False,,,,,
27-11-2024,Ltd/433214977448/ICI36da4a50c3994dbf87a459393,-26.0,26.0,0.0,73699.28,food,Expenses:Food:Restaurant,0.2,False,,,,,
27-11-2024,Ltd/433222776779/ICI3cd70b99de434d1e86369c467,-136.0,136.0,0.0,73563.28,unknown,Expenses:Uncategorized,0.0,False,,,,,
27-11-2024,Ltd/469892588257/ICIbe67e29cb31149fa8b41b5ce1,-130.0,130.0,0.0,73433.28,unknown,Expenses:Uncategorized,0.0,False,,,,,
28-11-2024,Ltd/433328104509/PTM41128802772215143433202,-1859.05,1859.05,0.0,71574.23,shopping,Expenses:Shopping,0.3,False,,,,,
28-11-2024,PAYMENTS/433310486651/APB1b75b7d9e82742d1,-3589.05,3589.05,0.0,67985.18,salary,Income:Salary,0.8,False,,,,,
28-11-2024,LTD/433312475254/HDF6af5c21740e449c3b223c8d,4590.0,0.0,4590.0,72575.18,salary,Income:Salary,0.3,False,,,,,
28-11-2024,BANK/433329041323/HDFbf22931e6d1245be90d52,5000.0,0.0,5000.0,77575.18,salary,Income:Salary,0.3,False,,,,,
29-11-2024,Ltd/470074330875/PYTM41129802306746074117/,-1157.41,1157.41,0.0,76417.77,shopping,Expenses:Shopping,0.3,False,,,,,
29-11-2024,Ltd/433435656220/ICIe97d6ef99c8b4e89b12c824fe9,-900.0,900.0,0.0,75517.77,unknown,Expenses:Uncategorized,0.0,False,,,,,
29-11-2024,Ltd/433450968462/ICI85100a7861f8482e80e227881,-110.0,110.0,0.0,75407.77,unknown,Expenses:Uncategorized,0.0,False,,,,,
29-11-2024,BANK/470088582317/AXI591a8c7073e148b3846028,4500.0,0.0,4500.0,79907.77,salary,Income:Salary,0.3,False,,,,,
29-11-2024,Ltd/433418038046/PTM26664b25a363463ea324090,1770.36,0.0,1770.36,81678.13,salary,Income:Salary,0.3,False,,,,,
29-11-2024,Ltd/433470778027/ICI19022ffde82c4ce68d97eaf7c4,-50.0,50.0,0.0,81628.13,investment,Expenses:Investment,0.8,False,,,,,
30-11-2024,Ltd/433516194663/ICI99405d9b9ac84facb3ffacd817,-140.0,140.0,0.0,81488.13,unknown,Expenses:Uncategorized,0.0,False,,,,,
30-11-2024,Ban/433599055695/HDF0d60b4c547354db99e2e2ce,4500.0,0.0,4500.0,85988.13,salary,Income:Salary,0.3,False,,,,,
30-11-2024,/433513316860/ICI199c1c5cfcf74d3caddf409202514,-130.0,130.0,0.0,85858.13,unknown,Expenses:Uncategorized,0.0,False,,,,,
30-11-2024,Ba/470164613023/ICI4343540e187f42cf9a2007ca6a,-591.0,591.0,0.0,85267.13,unknown,Expenses:Uncategorized,0.0,False,,,,,
30-11-2024,/470128110295/ICI30f9d6b529cf49beafa4cd2bebe3,-120.0,120.0,0.0,85147.13,unknown,Expenses:Uncategorized,0.0,False,,,,,
01-12-2024,Ltd/433602261052/ICIca310b4f7dcb42119322b3dc6,-335.0,335.0,0.0,84812.13,unknown,Expenses:Uncategorized,0.0,False,,,,,
01-12-2024,Ltd/433616657279/ICI12a40d59c19845c5b1cf9a2ef3,-180.0,180.0,0.0,84632.13,unknown,Expenses:Uncategorized,0.0,False,,,,,
01-12-2024,OVERSEAS/470219870118/ICI009d01f9187c410399,-80.0,80.0,0.0,84552.13,food,Expenses:Food:Restaurant,0.2,False,,,,,
01-12-2024,BARODA/433660279465/ICIf064bcb4037c497cb4cc,-110.0,110.0,0.0,84442.13,unknown,Expenses:Uncategorized,0.0,False,,,,,
01-12-2024,BANK/433627655356/AXB6fe6b9dada94439fa094a1,-269.0,269.0,0.0,84173.13,unknown,Expenses:Uncategorized,0.0,False,,,,,
02-12-2024,Bank/433731998345/ICIbce992eb4b06474ba78b784,-520.0,520.0,0.0,83653.13,unknown,Expenses:Uncategorized,0.0,False,,,,,
02-12-2024,COO/470379503764/ICI6c91f0031dd943fd8e5630d8,-950.0,950.0,0.0,82701.13,investment,Expenses:Investment,0.8,False,,,,,
02-12-2024,LTD/470317721677/ICI65572d3fd3994d34b2f836a54,-19.0,19.0,0.0,82682.13,investment,Expenses:Investment,0.8,False,,,,,
02-12-2024,Ltd/470344126118/ICI2d3019ad38bf4ffc93385bb3d1,-300.0,300.0,0.0,82382.13,unknown,Expenses:Uncategorized,0.0,False,,,,,
03-12-2024,Mercan/433872759110/ICI5ac9b75a47724639b4084f,-730.0,730.0,0.0,81652.13,unknown,Expenses:Uncategorized,0.0,False,,,,,
03-12-2024,BANK/433817168830/ICI31e59bfdfb29455c8d43eaf9,-31000.0,31000.0,0.0,50652.13,investment,Expenses:Investment,1.1,False,,,,,
04-12-2024,LTD/433929720776/ICI29fff3ef8fbc4754afc8fbb76d2,-1200.0,1200.0,0.0,64452.13,shopping,Expenses:Shopping,0.3,False,,,,,
04-12-2024,LTD/433929720776/ICI29fff3ef8fbc4754afc8fbb76d2,1200.0,0.0,1200.0,65652.13,salary,Income:Salary,0.3,False,,,,,
04-12-2024,BANK/433907426161/ICI4a8d3ca6d38045aa83f6ecc,-1200.0,1200.0,0.0,64452.13,shopping,Expenses:Shopping,0.3,False,,,,,
04-12-2024,BANK/470504841970/ICI2a7d0aa9c1524fddac2b6fb,-84.0,84.0,0.0,64368.13,investment,Expenses:Investment,0.8,False,,,,,
04-12-2024,OVERSEAS/470550645604/ICI1359b64fffb24dc88ea,-100.0,100.0,0.0,64268.13,unknown,Expenses:Uncategorized,0.0,False,,,,,
05-12-2024,LTD/434032551712/HDF28789169101409AEE063ED,-99.0,99.0,0.0,64169.13,food,Expenses:Food:Restaurant,0.2,False,,,,,
05-12-2024,CLG/KALASAGARAM/010336/UBI/02.12.2024,25000.0,0.0,25000.0,89169.13,salary,Income:Salary,0.5,False,,,,,
05-12-2024,TRU/483204/SBI/01.12.2024,4000.0,0.0,4000.0,93169.13,salary,Income:Salary,0.3,False,,,,,
05-12-2024,BANK/434062041751/SBIfa48c92038fa4554a89f5a3,1000.0,0.0,1000.0,94169.13,salary,Income:Salary,0.3,False,,,,,
05-12-2024,LTD/434034599182/ICI239eac6954b144f3bd554103,-219.0,219.0,0.0,93950.13,unknown,Expenses:Uncategorized,0.0,False,,,,,
05-12-2024,Ltd/434027703326/ICIae2f68a5b18848398b79a2014,-80.0,80.0,0.0,93870.13,food,Expenses:Food:Restaurant,0.2,False,,,,,
05-12-2024,BANK/434035991735/AXBfa8983eb969b49288d0d8,-664.38,664.38,0.0,93205.75,unknown,Expenses:Uncategorized,0.0,False,,,,,
05-12-2024,Ltd/470667004654/ICI4d69bcd5332a49ee9521e7933,-125.0,125.0,0.0,93080.75,unknown,Expenses:Uncategorized,0.0,False,,,,,
05-12-2024,Ltd/470658606184/AMZDQR0000000000000001715,-160.0,160.0,0.0,92920.75,unknown,Expenses:Uncategorized,0.0,False,,,,,
05-12-2024,To RD Ac no 218625002611,-5000.0,5000.0,0.0,87920.75,shopping,Expenses:Shopping,0.3,False,,,,,
05-12-2024,Ltd/470632710021/ICI7db1d31b532e4274b36690f56,-25.0,25.0,0.0,87895.75,food,Expenses:Food:Restaurant,0.2,False,,,,,
05-12-2024,LTD/434044631443/ICI0c4c09450868486a8581e211,-300.0,300.0,0.0,87595.75,unknown,Expenses:Uncategorized,0.0,False,,,,,
06-12-2024,OVERSEAS/434189720844/ICI4cde779b5651443588,-240.0,240.0,0.0,87355.75,unknown,Expenses:Uncategorized,0.0,False,,,,,
06-12-2024,BANK/470748345413/ICI9d6d19cd1d23409eba1340,-550.0,550.0,0.0,86805.75,unknown,Expenses:Uncategorized,0.0,False,,,,,
07-12-2024,I/434228480353/ICIb1f2149f2c0b40e2818911c40797,-200.0,200.0,0.0,86605.75,unknown,Expenses:Uncategorized,0.0,False,,,,,
07-12-2024,LTD/434284487285/ICI82684b2bed1e4492a9e635d6,-2245.0,2245.0,0.0,84360.75,shopping,Expenses:Shopping,0.3,False,,,,,
07-12-2024,/470860105165/PLUTUSDQR0000000000000000021,-347.0,347.0,0.0,84013.75,unknown,Expenses:Uncategorized,0.0,False,,,,,
07-12-2024,Ltd/434221209984/ICI4130dee9a3f640e5bbbf4100af,-190.0,190.0,0.0,83823.75,unknown,Expenses:Uncategorized,0.0,False,,,,,
07-12-2024,Ltd/470893490792/ICIbe6d833c86f84979ac106b2fe,-3.0,3.0,0.0,83820.75,food,Expenses:Food:Restaurant,0.2,False,,,,,
08-12-2024,BANK/434333742397/ICIc70b3f6af58349cdb002c2fd,-10.0,10.0,0.0,83810.75,investment,Expenses:Investment,0.8,False,,,,,
08-12-2024,Ltd/470988744031/ICIf56ced10660548809b2f762a09,-520.32,520.32,0.0,83290.43,unknown,Expenses:Uncategorized,0.0,False,,,,,
08-12-2024,BANK/434390947386/ICI6aa1f9f7a7314b5385100f0e,-310.0,310.0,0.0,82980.43,unknown,Expenses:Uncategorized,0.0,False,,,,,
08-12-2024,BANK/434380659991/ICI9f755cd73bd54654b4b606e,-127.0,127.0,0.0,82853.43,unknown,Expenses:Uncategorized,0.0,False,,,,,
08-12-2024,LTD/470963761625/ICI5a476d9e2aba4fc19e81417d,-373.0,373.0,0.0,82480.43,unknown,Expenses:Uncategorized,0.0,False,,,,,
08-12-2024,BANK/434311863579/ICI0c670a30d1ac4a72a7dc776,-30.0,30.0,0.0,82450.43,food,Expenses:Food:Restaurant,0.2,False,,,,,
08-12-2024,Bank/470904663644/ICI7b71f75bae6b4a5fad19eb82,-4400.0,4400.0,0.0,78050.43,shopping,Expenses:Shopping,0.3,False,,,,,
09-12-2024,LTD/471014090495/ICI0a75ad927db34bffbdf4b15ec,-1200.0,1200.0,0.0,76850.43,shopping,Expenses:Shopping,0.3,False,,,,,
09-12-2024,BANK/471095795546/ICI09e1e4ced91c46bfa62fa66,-409.0,409.0,0.0,76441.43,unknown,Expenses:Uncategorized,0.0,False,,,,,
09-12-2024,Ltd/471031690602/ICI218adfd88303413a941118f826,-64.0,64.0,0.0,76377.43,investment,Expenses:Investment,0.8,False,,,,,
09-12-2024,LTD/434403123222/ICI8a0ead238ac94b4c96578d52,-600.0,600.0,0.0,75777.43,unknown,Expenses:Uncategorized,0.0,False,,,,,
09-12-2024,Ltd/471023626692/ICI5a78f417935a4ebe9f951e1e2c,-1000.0,1000.0,0.0,74777.43,unknown,Expenses:Uncategorized,0.0,False,,,,,
09-12-2024,LTD/471095128010/ICI1e81d034d4d7432096c4e7d6,-1577.0,1577.0,0.0,73200.43,shopping,Expenses:Shopping,0.3,False,,,,,
09-12-2024,Ltd/471052536977/ICI16e1b9ac543243e6ba09dc51e,-290.0,290.0,0.0,72910.43,unknown,Expenses:Uncategorized,0.0,False,,,,,
09-12-2024,Ltd/434496242848/ICIfb7c44abcf9747d8b04154a53,-5.0,5.0,0.0,72905.43,food,Expenses:Food:Restaurant,0.2,False,,,,,
10-12-2024,948120001,-1000.0,1000.0,0.0,71905.43,unknown,Expenses:Uncategorized,0.0,False,,,,,
10-12-2024,948122634,-2000.0,2000.0,0.0,69905.43,shopping,Expenses:Shopping,0.3,False,,,,,
10-12-2024,947712970,-2000.0,2000.0,0.0,67905.43,shopping,Expenses:Shopping,0.3,False,,,,,
10-12-2024,947797973,-1000.0,1000.0,0.0,66905.43,unknown,Expenses:Uncategorized,0.0,False,,,,,
10-12-2024,947715297,-1000.0,1000.0,0.0,65905.43,unknown,Expenses:Uncategorized,0.0,False,,,,,
10-12-2024,947798283,-2000.0,2000.0,0.0,63905.43,shopping,Expenses:Shopping,0.3,False,,,,,
10-12-2024,Ltd/471124042788/ICIf8b4e5ab8f274331b6b257152,-50.0,50.0,0.0,63855.43,food,Expenses:Food:Restaurant,0.2,False,,,,,
10-12-2024,Ltd/471199946283/ICI4f9ad21b2a7b41fdadf16fd324,-53.0,53.0,0.0,63802.43,investment,Expenses:Investment,0.8,False,,,,,
10-12-2024,LTD/471159648564/GKZTQF445Z7Z6ZGENKIVTA72,-1803.2,1803.2,0.0,61999.23,shopping,Expenses:Shopping,0.3,False,,,,,
10-12-2024,RBL/471167250368/RBA6f9f33ca71e542c7b4c709d3,-1299.0,1299.0,0.0,60700.23,shopping,Expenses:Shopping,0.3,False,,,,,
10-12-2024,Ltd/434580756607/ICI89df5c7a3d714c939a4987633,-35.0,35.0,0.0,60665.23,food,Expenses:Food:Restaurant,0.2,False,,,,,
10-12-2024,BANK/434521267081/ICI77da7aa6bac74b388bcfa14,-150.0,150.0,0.0,60515.23,unknown,Expenses:Uncategorized,0.0,False,,,,,
10-12-2024,Ltd/471125991996/ICI019aa444128b42b293fb7dfe3,-165.0,165.0,0.0,60350.23,unknown,Expenses:Uncategorized,0.0,False,,,,,
11-12-2024,BANK/434678325866/ICI56519f4d1e9e4e53b73b4e8,-200.0,200.0,0.0,74150.23,unknown,Expenses:Uncategorized,0.0,False,,,,,
11-12-2024,BANK/434630300187/ICI8dffcddbb9e042d885e2bba,-30.0,30.0,0.0,74120.23,food,Expenses:Food:Restaurant,0.2,False,,,,,
11-12-2024,Ltd/434613023663/ICIa2e26d5ae16841ee9504764f5,-40.0,40.0,0.0,74080.23,food,Expenses:Food:Restaurant,0.2,False,,,,,
11-12-2024,BANK/471227331659/ICI9939e101f97b484c93eb792,-220.0,220.0,0.0,,unknown,Expenses:Uncategorized,0.0,False,,,,,
11-12-2024,LTD/434660325401/HDFB7CD8432978C4D839065B,1499.0,0.0,1499.0,,salary,Income:Salary,0.3,False,,,,,
12-12-2024,OVERSEAS/434731067336/ICIf7cc83f05e924ceab7f,-150.0,150.0,0.0,,unknown,Expenses:Uncategorized,0.0,False,,,,,
12-12-2024,BANK/434724184496/ICIcc87de756bdf4b14ad5a545,-210.0,210.0,0.0,,unknown,Expenses:Uncategorized,0.0,False,,,,,
12-12-2024,Ltd/434778298891/ICI40cf766a73494cfe8ed4952f58,-90.0,90.0,0.0,,food,Expenses:Food:Restaurant,0.2,False,,,,,
12-12-2024,BANK/471347811193/ICI69f4d468de0146ad9733186,-90.0,90.0,0.0,,food,Expenses:Food:Restaurant,0.2,False,,,,,
12-12-2024,BANK/471346198867/ICIa9f3c678a701443e88aa7ce,-10.0,10.0,0.0,,food,Expenses:Food:Restaurant,0.2,False,,,,,
12-12-2024,Ltd/434771010836/ICI2accef6b78294e15a94dcf4b9e,-328.0,328.0,0.0,,unknown,Expenses:Uncategorized,0.0,False,,,,,
13-12-2024,LTD/434847851213/HDFCWCB92850B7508028D15D,5000.0,0.0,5000.0,,salary,Income:Salary,0.3,False,,,,,
13-12-2024,Ltd/471441944455/ICIecc000a5aa264725965433807,-60.0,60.0,0.0,,food,Expenses:Food:Restaurant,0.2,False,,,,,
14-12-2024,I/471522455085/ICId720e5d92c344c88adf38a30973,-460.0,460.0,0.0,,unknown,Expenses:Uncategorized,0.0,False,,,,,
14-12-2024,LTD/471566588063/ICIc2dc15fa4e1248a2961d696b,-2500.0,2500.0,0.0,,shopping,Expenses:Shopping,0.3,False,,,,,
14-12-2024,Ltd/434910810870/ICIe233ce91d01247bba0a7e70b5,-625.0,625.0,0.0,,unknown,Expenses:Uncategorized,0.0,False,,,,,
14-12-2024,Ltd/434977011227/ICI24fc2c88d61241c9b4e333534,-55.0,55.0,0.0,,food,Expenses:Food:Restaurant,0.2,False,,,,,
15-12-2024,BANK/435064319528/ICIfd8f468e1b6f4668bbdf455d,-15.0,15.0,0.0,,investment,Expenses:Investment,0.8,False,,,,,
15-12-2024,FINA/471676607768/ICI634f2c174e0940f8a4c0b5bd,-160.0,160.0,0.0,,unknown,Expenses:Uncategorized,0.0,False,,,,,
15-12-2024,Ltd/435014129625/ICI8415877921084705a2e9e9df8,-25.0,25.0,0.0,,food,Expenses:Food:Restaurant,0.2,False,,,,,
15-12-2024,00279001001612692-CIUB0000279,13500.0,0.0,13500.0,,salary,Income:Salary,0.5,False,,,,,
16-12-2024,CLG/KARTIK ART/483231/SBI/04.12.2024,4000.0,0.0,4000.0,,salary,Income:Salary,0.3,False,,,,,
16-12-2024,CLG/KARTIK ART FESTIVAL/604391/SBI/12.12.2024,4000.0,0.0,4000.0,,salary,Income:Salary,0.3,False,,,,,
16-12-2024,BANK/435163887626/ICI9dd92e0a04534701a025ac,-17.0,17.0,0.0,,food,Expenses:Food:Restaurant,0.2,False,,,,,
16-12-2024,BANK/435112980557/ICIae467f1e77994786ac426d6,-140.0,140.0,0.0,,unknown,Expenses:Uncategorized,0.0,False,,,,,
16-12-2024,BANK/471729186979/ICI61f253775ed04b6daafefc1b,-150.0,150.0,0.0,,unknown,Expenses:Uncategorized,0.0,False,,,,,
16-12-2024,Bank/435190667146/ICIWC16F5D13E3FFD09D6C18,7000.0,0.0,7000.0,,investment,Expenses:Investment,0.8,False,,,,,
17-12-2024,Charte/435280825150/ICIc51236b4741a41c0a8edab,-2000.0,2000.0,0.0,,shopping,Expenses:Shopping,0.3,False,,,,,
17-12-2024,BANK/435277111146/AXI3f5e2605c6314eb8a73a1e,600.0,0.0,600.0,,salary,Income:Salary,0.3,False,,,,,
17-12-2024,Ltd/435251230716/ICI5b435302192748ba92b9f43e8,-30.0,30.0,0.0,,food,Expenses:Food:Restaurant,0.2,False,,,,,
17-12-2024,Ltd/435201636940/ICI545d1373e02b45669f21d1f8f1,-1000.0,1000.0,0.0,,unknown,Expenses:Uncategorized,0.0,False,,,,,
17-12-2024,LTD/435272632834/ICI55d4108531ab4951916839d2,-1050.0,1050.0,0.0,,shopping,Expenses:Shopping,0.3,False,,,,,
17-12-2024,SABHA-/URGENT/-352102010007364-UBIN0535214,2000.0,0.0,2000.0,,salary,Income:Salary,0.3,False,,,,,
17-12-2024,BANK/471840247686/ICIdfed7454f6324d7a98643ab,-70.0,70.0,0.0,,food,Expenses:Food:Restaurant,0.2,False,,,,,
17-12-2024,I/435293999305/SBIf6cbc2690b134e62a37c860288c,3000.0,0.0,3000.0,,salary,Income:Salary,0.3,False,,,,,
18-12-2024,Ltd/435314577385/ICI5cc58fa800b346f08d1969a449,-75.0,75.0,0.0,,food,Expenses:Food:Restaurant,0.2,False,,,,,
18-12-2024,Ltd/435347974643/ICIc15571fd3d56435a9e34239ff4,-479.9,479.9,0.0,,investment,Expenses:Investment,0.8,False,,,,,
18-12-2024,INDIA/471909017882/ICI37ee9d578e954b61944b99,-120.0,120.0,0.0,,unknown,Expenses:Uncategorized,0.0,False,,,,,
19-12-2024,LIMITE/472051978354/ICI02ac3861d2fb4a37845438,-903.0,903.0,0.0,,unknown,Expenses:Uncategorized,0.0,False,,,,,
19-12-2024,LIMITE/472071487134/ICI7489239cff2c4706b695279,-407.0,407.0,0.0,,unknown,Expenses:Uncategorized,0.0,False,,,,,
19-12-2024,LTD/472052487528/ICI242dcba37d504436b237b182,-240.0,240.0,0.0,,unknown,Expenses:Uncategorized,0.0,False,,,,,
20-12-2024,BANK/472182288970/ICIf62d02e5cf6343399de9f5b,-68.0,68.0,0.0,,food,Expenses:Food:Restaurant,0.2,False,,,,,
20-12-2024,LIMITE/435523789497/PTM41220803138964525061,-92.25,92.25,0.0,,food,Expenses:Food:Restaurant,0.2,False,,,,,
20-12-2024,00000000426811007-IDIB000R021,16700.0,0.0,16700.0,,salary,Income:Salary,0.5,False,,,,,
20-12-2024,BANK/435532204756/ICIa76391fd47ec4a108adc03b,-691.0,691.0,0.0,,investment,Expenses:Investment,0.8,False,,,,,
20-12-2024,I/472170812307/ICI52b46a74421643c6a3f31a1f5170,-70.0,70.0,0.0,,food,Expenses:Food:Restaurant,0.2,False,,,,,
20-12-2024,Bank/472125242862/AXI099f12edd1d24449b5eb0b,600.0,0.0,600.0,,salary,Income:Salary,0.3,False,,,,,
20-12-2024,LIMITE/435594625933/ICI84948b45b8074bd2983e2,-149.0,149.0,0.0,,unknown,Expenses:Uncategorized,0.0,False,,,,,
20-12-2024,ACH/DIRECTORSOUTH ZONE C/C122426818274,5000.0,0.0,5000.0,,salary,Income:Salary,0.3,False,,,,,
21-12-2024,/435623535774/ICI7231cbe71e8e4bc786770b4516f3,-325.0,325.0,0.0,,unknown,Expenses:Uncategorized,0.0,False,,,,,
21-12-2024,-NA-1156135000004740-KVBL0001156,4000.0,0.0,4000.0,,salary,Income:Salary,0.3,False,,,,,
21-12-2024,LTD/435664262881/ICI2161d36fefeb4e9292c28aa85,-25000.0,25000.0,0.0,,shopping,Expenses:Shopping,0.3,False,,,,,
21-12-2024,BANK/472261456936/ICI8add49112ca24a378e8a8e6,-1000.0,1000.0,0.0,,unknown,Expenses:Uncategorized,0.0,False,,,,,
21-12-2024,BANK/435658566119/ICI802bd8241d5e432697358d,-230.0,230.0,0.0,,unknown,Expenses:Uncategorized,0.0,False,,,,,
22-12-2024,LIMITE/472388019751/ICI85178ca9d31842aa962092,-45.0,45.0,0.0,,food,Expenses:Food:Restaurant,0.2,False,,,,,
22-12-2024,LIMITE/435708138775/ICI7c07f05f5157426db04c75f,-255.0,255.0,0.0,,unknown,Expenses:Uncategorized,0.0,False,,,,,
22-12-2024,BARODA/472321234013/ICId8a6debdfbc649b3a7c7,-50.0,50.0,0.0,,food,Expenses:Food:Restaurant,0.2,False,,,,,
23-12-2024,LIMITE/472462066844/ICI42ccf29ea6a2462c9bbdba,-2070.0,2070.0,0.0,,shopping,Expenses:Shopping,0.3,False,,,,,
23-12-2024,BANK/435802968407/ICI0478e2a1a068480cbf2fdf2b,-17.0,17.0,0.0,,investment,Expenses:Investment,0.8,False,,,,,
23-12-2024,Charte/435863662190/ICIa72cf3a44e51401db628a3,-5500.0,5500.0,0.0,,shopping,Expenses:Shopping,0.3,False,,,,,
23-12-2024,/435881170833/ICI0deb713ccdfe4ad187294bd43b7,-230.0,230.0,0.0,,unknown,Expenses:Uncategorized,0.0,False,,,,,
23-12-2024,/BRAHMA GANA SABHA-800510110004619-,4000.0,0.0,4000.0,,salary,Income:Salary,0.3,False,,,,,
23-12-2024,BANK/472428981327/ICI43972be7a50a478abc493c6,-55.0,55.0,0.0,,food,Expenses:Food:Restaurant,0.2,False,,,,,
23-12-2024,LIMITE/472412987462/ICI0ef97891a1544374aede05,-60.0,60.0,0.0,,food,Expenses:Food:Restaurant,0.2,False,,,,,
24-12-2024,CLG/THE MYLAPORE/530922/SBI/21.12.2024,3000.0,0.0,3000.0,,salary,Income:Salary,0.3,False,,,,,
24-12-2024,CLG/THE INDIAN/003059/KVB/21.12.2024,8000.0,0.0,8000.0,,salary,Income:Salary,0.3,False,,,,,
24-12-2024,CLG/THE INDIAN FINE/003047/KVB/20.12.2024,7000.0,0.0,7000.0,,salary,Income:Salary,0.3,False,,,,,
24-12-2024,LIMITE/435944516955/ICI903206200b524be881fd2b,-50.0,50.0,0.0,,investment,Expenses:Investment,0.8,False,,,,,
24-12-2024,-NA-1156135000004740-KVBL0001156,4000.0,0.0,4000.0,,salary,Income:Salary,0.3,False,,,,,
25-12-2024,I/436040114050/SBIc54bc4e24a4b4ceb85b5dba7fe,3500.0,0.0,3500.0,,salary,Income:Salary,0.3,False,,,,,
25-12-2024,BANK/472612357765/ICIacc83f5b4e384f4082f8b501,-170.0,170.0,0.0,,unknown,Expenses:Uncategorized,0.0,False,,,,,
25-12-2024,LTD/436035172148/ICI4d18616f8af345289f010020d,-35.0,35.0,0.0,,food,Expenses:Food:Restaurant,0.2,False,,,,,
25-12-2024,I/436063471789/ICIe39eeb42a7e247cbb4661f3e535,-170.0,170.0,0.0,,unknown,Expenses:Uncategorized,0.0,False,,,,,
25-12-2024,PTY/472659593156/ICIa1766a88a96a48cda52bd823,-478.0,478.0,0.0,,unknown,Expenses:Uncategorized,0.0,False,,,,,
25-12-2024,LTD/436087985446/ICI200ea9546f2b4549bc1b8dae,-388.0,388.0,0.0,,unknown,Expenses:Uncategorized,0.0,False,,,,,
26-12-2024,LIMITE/436167721183/ICI5beb0a725668468b99834,-998.0,998.0,0.0,,unknown,Expenses:Uncategorized,0.0,False,,,,,
26-12-2024,LIMITE/436143512942/ICI355b46f990264cf6860ae8a,-140.0,140.0,0.0,,unknown,Expenses:Uncategorized,0.0,False,,,,,
26-12-2024,OfI/436125558115/SBIf593d37b3a534d1e80c9230d,3500.0,0.0,3500.0,,salary,Income:Salary,0.3,False,,,,,
26-12-2024,/436140654674/ICIda9c3db49e7b4568a64e40850d4,-195.0,195.0,0.0,,unknown,Expenses:Uncategorized,0.0,False,,,,,
27-12-2024,LIMITE/472854165960/ICIc51bbf4a2f084b4f8d92774,-45.0,45.0,0.0,,food,Expenses:Food:Restaurant,0.2,False,,,,,
27-12-2024,BANK/436250369510/ICI744a0a470bfd4d51b382f01,-50.0,50.0,0.0,,investment,Expenses:Investment,0.8,False,,,,,
27-12-2024,-NA-1156135000004740-KVBL0001156,6000.0,0.0,6000.0,,salary,Income:Salary,0.3,False,,,,,
27-12-2024,LIMITE/436279192561/ICIbe02479c5f814b0382c25e,-820.0,820.0,0.0,,unknown,Expenses:Uncategorized,0.0,False,,,,,
27-12-2024,BANK/436268291263/ICI183add47abad41ed8cc11a,-252.0,252.0,0.0,,unknown,Expenses:Uncategorized,0.0,False,,,,,
27-12-2024,BANK/436280287755/ICI4603098af35e418a930fb59,-28.0,28.0,0.0,,food,Expenses:Food:Restaurant,0.2,False,,,,,
28-12-2024,/472992425516/ICI70528d56dad4418fab91435212b,-350.0,350.0,0.0,,unknown,Expenses:Uncategorized,0.0,False,,,,,
28-12-2024,BharatPe/YesBank_Yespay/472975729887/ICIc012b,-210.0,210.0,0.0,,salary,Income:Salary,0.8,True,YesBank_Yespay,,,,
29-12-2024,LIMITE/473079458080/ICI4f1a62150e504efb92d94d,-1685.0,1685.0,0.0,,shopping,Expenses:Shopping,0.3,False,,,,,
29-12-2024,LIMITE/473002562270/ICI2fc6d3250c8e42a0af76fc7,-517.2,517.2,0.0,,unknown,Expenses:Uncategorized,0.0,False,,,,,
29-12-2024,OF/436453566254/ICI754f137bae954d5b927f96e13f,-20.0,20.0,0.0,,food,Expenses:Food:Restaurant,0.2,False,,,,,
29-12-2024,LIMITE/436490369877/ICIabda8e24201e413393fc23,-485.0,485.0,0.0,,unknown,Expenses:Uncategorized,0.0,False,,,,,
29-12-2024,BARODA/436491071689/ICI9a00e6ef06984c5db4d7,-50.0,50.0,0.0,,food,Expenses:Food:Restaurant,0.2,False,,,,,
30-12-2024,MAHARAS/436594907916/ICIb8ba63881912496a99,-60.0,60.0,0.0,,food,Expenses:Food:Restaurant,0.2,False,,,,,
31-12-2024,218601511117:Int.Pd:30-09-2024 to 30-12-2024,634.0,0.0,634.0,,salary,Income:Salary,0.3,False,,,,,
31-12-2024,BANK/473201652782/ICI79b2535f45674344a35dc1c,-12500.0,12500.0,0.0,,shopping,Expenses:Shopping,0.3,False,,,,,
31-12-2024,LTD/436663647583/ICIf0d3c13e81434552bf9291f28,-14990.0,14990.0,0.0,,shopping,Expenses:Shopping,0.3,False,,,,,
31-12-2024,LIMITE/473237061974/ICI1c84065002294458bc24e6,-581.0,581.0,0.0,,unknown,Expenses:Uncategorized,0.0,False,,,,,
31-12-2024,Bank/473222196231/ICIbb71bd95798549839e93852,-210.0,210.0,0.0,,unknown,Expenses:Uncategorized,0.0,False,,,,,
31-12-2024,BANK/436680507334/ICIf13d8028d7af4e76a8fcdad9,-220.0,220.0,0.0,,unknown,Expenses:Uncategorized,0.0,False,,,,,
01-01-2025,Charte/536796619914/ICIda60e122f81f474a8ebfff68,-1000.0,1000.0,0.0,,unknown,Expenses:Uncategorized,0.0,False,,,,,
01-01-2025,BANK/536799055988/AXIc9b4de46a9014b7482097,7500.0,0.0,7500.0,,salary,Income:Salary,0.3,False,,,,,
01-01-2025,LTD/500177358278/PLUTUSDQR000000000000266,-358.8,358.8,0.0,,unknown,Expenses:Uncategorized,0.0,False,,,,,
02-01-2025,LIMITE/536869776291/ICI1325d279b106493182324,-22.0,22.0,0.0,,food,Expenses:Food:Restaurant,0.2,False,,,,,
02-01-2025,National/536889480353/ICI0f7b1bf558304b6c8852d,-1007.0,1007.0,0.0,,shopping,Expenses:Shopping,0.3,False,,,,,
02-01-2025,BANK/536836388560/ICI5a20e43e218e4f62b94e03f,-13500.0,13500.0,0.0,,shopping,Expenses:Shopping,0.3,False,,,,,
03-01-2025,LIMITE/500377534006/ICI8662f8c56eb84ff89b4a706,-140.0,140.0,0.0,,unknown,Expenses:Uncategorized,0.0,False,,,,,
03-01-2025,ARTS/841088/SBI/21.12.2024,5000.0,0.0,5000.0,,salary,Income:Salary,0.3,False,,,,,
03-01-2025,ART/530937/SBI/24.12.2024,5000.0,0.0,5000.0,,salary,Income:Salary,0.3,False,,,,,
03-01-2025,LIMITE/536971540481/ICI6690413f213f4d6eaf973f0,-60.0,60.0,0.0,,food,Expenses:Food:Restaurant,0.2,False,,,,,
03-01-2025,SATSANGH-/ATTN/-00500101010922303-,13500.0,0.0,13500.0,,salary,Income:Salary,0.5,False,,,,,
03-01-2025,LIMITE/500395645714/ICI68792325f4244367bb740d,-70.0,70.0,0.0,,food,Expenses:Food:Restaurant,0.2,False,,,,,
03-01-2025,LIMITE/500335659471/ICIddadb1823cdb49d2ba2e5,-60.0,60.0,0.0,,food,Expenses:Food:Restaurant,0.2,False,,,,,
03-01-2025,I/500342085985/ICI797ad3a4788745ce92c30f8bb30,-230.0,230.0,0.0,,unknown,Expenses:Uncategorized,0.0,False,,,,,
04-01-2025,LIMITE/537081125769/ICIe51ee3ea1c18404caf3212,-409.9,409.9,0.0,,unknown,Expenses:Uncategorized,0.0,False,,,,,
05-01-2025,LTD/500581200961/HDF2A5FD70CA99D3CA5E063E,-99.0,99.0,0.0,,investment,Expenses:Investment,0.8,False,,,,,
05-01-2025,BANK/537154455838/ICI7d5e704f22c84c3dbe60574,-120.0,120.0,0.0,,unknown,Expenses:Uncategorized,0.0,False,,,,,
05-01-2025,LIMITE/537114750563/ICI4390e21e58e746c59b19d6,-113.0,113.0,0.0,,unknown,Expenses:Uncategorized,0.0,False,,,,,
05-01-2025,BANK/537101841686/ICI941a4224ee7241ff926524f9,-32.0,32.0,0.0,,food,Expenses:Food:Restaurant,0.2,False,,,,,
05-01-2025,LTD/500587632260/ICI1bc2a2fbd6924e519b46cc96,-219.0,219.0,0.0,,unknown,Expenses:Uncategorized,0.0,False,,,,,
05-01-2025,BANK/537147713516/AXB22be687aa752452ca85d8,-170.0,170.0,0.0,,unknown,Expenses:Uncategorized,0.0,False,,,,,
05-01-2025,MERCAN/500532261378/ICIfdbf3e1b300243599211,-220.0,220.0,0.0,,investment,Expenses:Investment,0.8,False,,,,,
05-01-2025,Bank/500588478585/ICIWCAB5766F257E148D0DAE,7000.0,0.0,7000.0,,salary,Income:Salary,0.3,False,,,,,
05-01-2025,BANK/500559176212/ICI20c1d4f228834db097cc50f,-145.0,145.0,0.0,,unknown,Expenses:Uncategorized,0.0,False,,,,,
05-01-2025,BANK/537102888235/ICI7231677170da46a6b1ebb4,-31000.0,31000.0,0.0,,shopping,Expenses:Shopping,0.3,False,,,,,
05-01-2025,LIMITE/537110679480/ICIcd34c977e62344c681b0a1,-220.0,220.0,0.0,,unknown,Expenses:Uncategorized,0.0,False,,,,,
05-01-2025,LIMITE/537191193635/ICI2f80875b4d8e49cdb5c1c5,-70.0,70.0,0.0,,food,Expenses:Food:Restaurant,0.2,False,,,,,
05-01-2025,BANK/500530884397/ICIc9ee3570d1634c759dda62,-10.0,10.0,0.0,,food,Expenses:Food:Restaurant,0.2,False,,,,,
05-01-2025,LTD/500531019765/HDF8372cb282f2e4387a3b3321,3000.0,0.0,3000.0,,salary,Income:Salary,0.3,False,,,,,
06-01-2025,LIMITE/537229402219/ICIcc4379936e5a444ea86d69,-67.0,67.0,0.0,,food,Expenses:Food:Restaurant,0.2,False,,,,,
06-01-2025,LIMITE/500694709529/ICI6bba55247b824ca6898bf7,-10.0,10.0,0.0,,food,Expenses:Food:Restaurant,0.2,False,,,,,
06-01-2025,LIMITE/537273924186/ICI9ab49affc7a1463f95f9b75,-662.0,662.0,0.0,,unknown,Expenses:Uncategorized,0.0,False,,,,,
06-01-2025,LTD/537291616958/PLUTUSDQR000000000000000,-216.0,216.0,0.0,,unknown,Expenses:Uncategorized,0.0,False,,,,,
06-01-2025,LTD/500637114979/PLUTUSDQR000000000000266,-150.0,150.0,0.0,,unknown,Expenses:Uncategorized,0.0,False,,,,,
06-01-2025,LIMITE/500613206781/ICI457ce6d902964ce6906f2f0,-40.0,40.0,0.0,,food,Expenses:Food:Restaurant,0.2,False,,,,,
06-01-2025,I/500643628316/ICI8d3373336259453888ac2a49419,-20.0,20.0,0.0,,food,Expenses:Food:Restaurant,0.2,False,,,,,
06-01-2025,LIMITE/500640328523/ICI5862bf1d216e4da0b89fcf7,-42.0,42.0,0.0,,food,Expenses:Food:Restaurant,0.2,False,,,,,
06-01-2025,LIMITE/537251824256/ICIf5d2bf31ce5a45d490a0ca5,-252.0,252.0,0.0,,unknown,Expenses:Uncategorized,0.0,False,,,,,
06-01-2025,LIMITE/500656442697/ICIb7686ce023f64098a6ac9e,-294.0,294.0,0.0,,unknown,Expenses:Uncategorized,0.0,False,,,,,
06-01-2025,To RD Ac no 218625002611,-5000.0,5000.0,0.0,,shopping,Expenses:Shopping,0.3,False,,,,,
07-01-2025,LIMITE/537327002534/ICIc81ea435d1bf4cdaa1249f2,-459.0,459.0,0.0,,unknown,Expenses:Uncategorized,0.0,False,,,,,
07-01-2025,LIMITE/500736896756/ICIbe66d42103374a44bb9e8,-150.0,150.0,0.0,,unknown,Expenses:Uncategorized,0.0,False,,,,,
08-01-2025,LIMITE/500810021796/ICI79f2ba0f801c40e2a5c00a7,-161.0,161.0,0.0,,unknown,Expenses:Uncategorized,0.0,False,,,,,
08-01-2025,PAYMENTS/500816971744/AIR1Pgvqe4BFvuQxf4T,-3314.0,3314.0,0.0,,salary,Income:Salary,0.8,False,,,,,
08-01-2025,BANK/500805056691/ICI2ea500d753c64b2d91e23d,-100.0,100.0,0.0,,unknown,Expenses:Uncategorized,0.0,False,,,,,
09-01-2025,I/537513804434/ICI694f79927715451d99b5af6ef50a,-600.0,600.0,0.0,,unknown,Expenses:Uncategorized,0.0,False,,,,,
09-01-2025,/ATTN/-00279001001612692-CIUB0000279,40000.0,0.0,40000.0,,salary,Income:Salary,0.5,False,,,,,
09-01-2025,OVERSEAS/500950895976/ICIf0762a4e862f45dcb3c,-90.0,90.0,0.0,,food,Expenses:Food:Restaurant,0.2,False,,,,,
09-01-2025,I/537596115365/ICI3aeacb76dfc14168842118687b5,-90.0,90.0,0.0,,food,Expenses:Food:Restaurant,0.2,False,,,,,
09-01-2025,/537585907659/ICI4eff7773e4a04d039494dffbcf136a,-175.0,175.0,0.0,,unknown,Expenses:Uncategorized,0.0,False,,,,,
09-01-2025,BANK/500938314253/ICI5b39807762e44279a4dd73,-30.0,30.0,0.0,,food,Expenses:Food:Restaurant,0.2,False,,,,,
09-01-2025,BANK/500909300074/ICIbe5630ac48994503a10d25,-150.0,150.0,0.0,,unknown,Expenses:Uncategorized,0.0,False,,,,,
09-01-2025,LIMITE/537571504538/ICI9def43358fb94c24ad4ebd,-60.0,60.0,0.0,,food,Expenses:Food:Restaurant,0.2,False,,,,,
09-01-2025,MAHARAS/500956515297/ICI1d85fcc342b54383953,-3000.0,3000.0,0.0,,shopping,Expenses:Shopping,0.3,False,,,,,
10-01-2025,998258937,-1000.0,1000.0,0.0,,unknown,Expenses:Uncategorized,0.0,False,,,,,
10-01-2025,998260301,-2000.0,2000.0,0.0,,shopping,Expenses:Shopping,0.3,False,,,,,
10-01-2025,997791084,-1000.0,1000.0,0.0,,unknown,Expenses:Uncategorized,0.0,False,,,,,
10-01-2025,997887900,-2000.0,2000.0,0.0,,shopping,Expenses:Shopping,0.3,False,,,,,
10-01-2025,997887569,-1000.0,1000.0,0.0,,unknown,Expenses:Uncategorized,0.0,False,,,,,
10-01-2025,997790770,-2000.0,2000.0,0.0,,shopping,Expenses:Shopping,0.3,False,,,,,
10-01-2025,BANK/501071327136/ICIf718ea50b1594ddd9c3649d,-332.42,332.42,0.0,,unknown,Expenses:Uncategorized,0.0,False,,,,,
10-01-2025,LIMITE/501051349340/ICI3d7bf53071c14e28ae005a,-60.0,60.0,0.0,,food,Expenses:Food:Restaurant,0.2,False,,,,,
10-01-2025,BANK/501032449749/ICI849e86336aea48c59f343da,-158.0,158.0,0.0,,unknown,Expenses:Uncategorized,0.0,False,,,,,
10-01-2025,/501053651437/ICIc5a893b4988349ad98bc04bba23,-130.0,130.0,0.0,,unknown,Expenses:Uncategorized,0.0,False,,,,,
10-01-2025,LTD/501052067309/HDFd0827fabd586490290cdd43,5000.0,0.0,5000.0,,investment,Expenses:Investment,0.8,False,,,,,
10-01-2025,LIMITE/537614568622/PYTM5011080582647158786,-1178.82,1178.82,0.0,,shopping,Expenses:Shopping,0.3,False,,,,,
11-01-2025,LTD/537793892760/ICI05af5bfdf2a54d8489eb31cc5,-30.0,30.0,0.0,,investment,Expenses:Investment,0.8,False,,,,,
11-01-2025,BANK/537793775790/ICI4100d03c8c5141ca8dd08ac,-70.0,70.0,0.0,,food,Expenses:Food:Restaurant,0.2,False,,,,,
11-01-2025,Bank/537790201104/ICIa4fc65fd1b3f4c109821a32c4,-820.0,820.0,0.0,,investment,Expenses:Investment,0.8,False,,,,,
11-01-2025,LTD/501162991847/ICI3cbcd9b4eb794f43a5975208,-1008.0,1008.0,0.0,,shopping,Expenses:Shopping,0.3,False,,,,,
11-01-2025,LIMITE/501155596871/ICIcdeafc7db5ce477eb1c116,-168.0,168.0,0.0,,unknown,Expenses:Uncategorized,0.0,False,,,,,
11-01-2025,BANK/501155304948/ICI13b4ebb330664bdbb6dc4f,-20.0,20.0,0.0,,food,Expenses:Food:Restaurant,0.2,False,,,,,
11-01-2025,LTD/537780797217/ICI14148c5cf13b4e8a97ac9fb35,-45.0,45.0,0.0,,food,Expenses:Food:Restaurant,0.2,False,,,,,
11-01-2025,LTD/537719588356/ICI517c4972534a424d998386e3,-10.0,10.0,0.0,,food,Expenses:Food:Restaurant,0.2,False,,,,,
11-01-2025,I/537722228408/ICIbd30ff9c32ec408ab911385fe3e2,-195.0,195.0,0.0,,unknown,Expenses:Uncategorized,0.0,False,,,,,
12-01-2025,PAYMENTS/501210546606/AIR1PiOydpQx4qWKtiT,-4945.4,4945.4,0.0,,salary,Income:Salary,0.8,False,,,,,
12-01-2025,PAYMENTS/501210121890/AIR1PiP11itnZtrOmMT8,-1254.05,1254.05,0.0,,salary,Income:Salary,0.8,False,,,,,
12-01-2025,BANK/537878035816/AXI366d2b590d744122a5477,6200.0,0.0,6200.0,,salary,Income:Salary,0.3,False,,,,,
12-01-2025,LTD/501278788200/ICI50bbd0d55fcb42f9ae467eb31,-1569.0,1569.0,0.0,,shopping,Expenses:Shopping,0.3,False,,,,,
12-01-2025,LTD/537894287510/PLUTUSDQR000000000000000,-180.0,180.0,0.0,,unknown,Expenses:Uncategorized,0.0,False,,,,,
12-01-2025,LIMITE/537825174315/ICIc296dddf828e4405905bbc,-340.0,340.0,0.0,,unknown,Expenses:Uncategorized,0.0,False,,,,,
13-01-2025,BANK/501357119132/ICI73c394c1aa5845609f62427f,-352.1,352.1,0.0,,unknown,Expenses:Uncategorized,0.0,False,,,,,
13-01-2025,I/501320033104/ICI1955d1fbc1b94144968335db7ae,-1000.0,1000.0,0.0,,unknown,Expenses:Uncategorized,0.0,False,,,,,
13-01-2025,SABHA-/BRAHMA-800510110004619-BKID0008005,15000.0,0.0,15000.0,,salary,Income:Salary,0.5,False,,,,,
14-01-2025,BANK/501434291476/ICI6e9334930b454d6ebcc479,-180.0,180.0,0.0,,unknown,Expenses:Uncategorized,0.0,False,,,,,
15-01-2025,OVERSEAS/538131024958/ICIc498f6a74c0a4ac298,-650.0,650.0,0.0,,unknown,Expenses:Uncategorized,0.0,False,,,,,
15-01-2025,LIMITE/501561245870/ICI12fa2fc96b0f476dbdd3b33,-125.0,125.0,0.0,,unknown,Expenses:Uncategorized,0.0,False,,,,,
15-01-2025,LIMITE/501550358224/ICIfc7a441194014dd7918a3f0,-150.0,150.0,0.0,,unknown,Expenses:Uncategorized,0.0,False,,,,,
16-01-2025,PAYMENTS/501612110359/AIR1Pk1z3c9ruSepGcT5,-1194.05,1194.05,0.0,,salary,Income:Salary,0.8,False,,,,,
16-01-2025,PAYMENTS/501612760673/AIR1Pk25frFXHIvzJET98,-1193.6,1193.6,0.0,,salary,Income:Salary,0.8,False,,,,,
16-01-2025,PAYMENTS/501614993111/AIR1Pk3Lbx0siQJ7Z3T3,-1193.6,1193.6,0.0,,salary,Income:Salary,0.8,False,,,,,
16-01-2025,Usi/bookmyshow@axb/AXIS,-658.71,658.71,0.0,,unknown,Expenses:Uncategorized,0.0,False,,,,,
16-01-2025,RBL/538264003932/AMZDQRPINE00000000000000,-960.0,960.0,0.0,,unknown,Expenses:Uncategorized,0.0,False,,,,,
16-01-2025,/538297407430/AXI9fb1f597cac04d14a451ca067bb,800.0,0.0,800.0,,salary,Income:Salary,0.3,False,,,,,
16-01-2025,BANK/538260406665/AXI827e9315934047dca2adc5,456.0,0.0,456.0,,salary,Income:Salary,0.3,False,,,,,
17-01-2025,FINANC/763823912594/AXL3cff01003f9f4caabee86,5000.0,0.0,5000.0,,salary,Income:Salary,0.3,False,,,,,
17-01-2025,PAYMENTS/501612760673/AIR1Pk25frFXHIvzJET98,1193.6,0.0,1193.6,,salary,Income:Salary,1.1,False,,,,,
17-01-2025,LIMITE/538386146707/ICI7307dd486ef54d61b62cea,-30.0,30.0,0.0,,food,Expenses:Food:Restaurant,0.2,False,,,,,
17-01-2025,LIMITE/501793654796/ICIc5bfb3bd787d427da2a7e5,-105.0,105.0,0.0,,unknown,Expenses:Uncategorized,0.0,False,,,,,
18-01-2025,/501868864614/ICI8b1643f7aabf4e33ac164e0be02f1,-170.0,170.0,0.0,,unknown,Expenses:Uncategorized,0.0,False,,,,,
18-01-2025,LIMITE/538489371625/ICI659d0a196fb642d6bf2f0b0,-800.0,800.0,0.0,,unknown,Expenses:Uncategorized,0.0,False,,,,,
18-01-2025,/501852386287/ICI30945213ee3749d3b7c0257eaac,-172.25,172.25,0.0,,unknown,Expenses:Uncategorized,0.0,False,,,,,
18-01-2025,00000060027747375-MAHB0000154,20000.0,0.0,20000.0,,salary,Income:Salary,0.5,False,,,,,
18-01-2025,LIMITE/538480906862/PYTM5011880567406799878,-325.0,325.0,0.0,,unknown,Expenses:Uncategorized,0.0,False,,,,,
18-01-2025,Bank/538431914285/ICI1f5c4c7e17614f65beb6cf2cd,-350.0,350.0,0.0,,unknown,Expenses:Uncategorized,0.0,False,,,,,
19-01-2025,OVERSEAS/501968529584/ICIeac4668eca4442639d,-240.0,240.0,0.0,,unknown,Expenses:Uncategorized,0.0,False,,,,,
19-01-2025,PAYMENTS/501915834322/AIR1PlGQYNIdfLatzWT4,-853.6,853.6,0.0,,salary,Income:Salary,0.8,False,,,,,
19-01-2025,PTY/538504066396/ICI9950f88826ee4596bab44d28,-70.0,70.0,0.0,,food,Expenses:Food:Restaurant,0.2,False,,,,,
19-01-2025,LIMITE/538585557590/ICI5bad1002431e4c61a22b80,-1000.0,1000.0,0.0,,unknown,Expenses:Uncategorized,0.0,False,,,,,
20-01-2025,BANK/538677171735/ICI946436ef436145a38cce0ad,-63.0,63.0,0.0,,food,Expenses:Food:Restaurant,0.2,False,,,,,
20-01-2025,PAYMENTS/502010605007/AIR1PlZO4X03VCzwrcT,-968.6,968.6,0.0,,salary,Income:Salary,0.8,False,,,,,
20-01-2025,/538608386151/ICI79bae533d2e3446ea056bca35e2,-4000.0,4000.0,0.0,,shopping,Expenses:Shopping,0.3,False,,,,,
20-01-2025,I/538607879806/ICI7ce210f4986946f09d217444e45f,-600.0,600.0,0.0,,unknown,Expenses:Uncategorized,0.0,False,,,,,
20-01-2025,LIMITE/538669392184/ICI63181ca952254398934242,-540.23,540.23,0.0,,unknown,Expenses:Uncategorized,0.0,False,,,,,
20-01-2025,0001-00041000218681-HDFC0000001,15000.0,0.0,15000.0,,salary,Income:Salary,0.5,False,,,,,
21-01-2025,ARTS/841115/SBI/01.01.2025,5000.0,0.0,5000.0,,salary,Income:Salary,0.3,False,,,,,
21-01-2025,LTD/502176040435/ICIc6764e1ca6fb485aab5f995e3,-30.0,30.0,0.0,,food,Expenses:Food:Restaurant,0.2,False,,,,,
21-01-2025,LIMITE/538779040381/ICI5b8660cd509e485b8d37c,-67.0,67.0,0.0,,food,Expenses:Food:Restaurant,0.2,False,,,,,
21-01-2025,LIMITE/502121250730/ICIab3615f224f34747974f040,-50.0,50.0,0.0,,food,Expenses:Food:Restaurant,0.2,False,,,,,
21-01-2025,SADHANA FOUNDATION-//FAST//FAST//-,15000.0,0.0,15000.0,,salary,Income:Salary,0.5,False,,,,,
21-01-2025,LTD/502187072017/ICI278f04d64b48486a8fd78411b,-1700.0,1700.0,0.0,,investment,Expenses:Investment,1.1,False,,,,,
21-01-2025,LIMITE/538711685391/ICI0c0a8ccc163b45dd9c0223,-50.0,50.0,0.0,,food,Expenses:Food:Restaurant,0.2,False,,,,,
21-01-2025,LIMITE/502161179996/ICI98130edaf57948978bddc8,-40.0,40.0,0.0,,food,Expenses:Food:Restaurant,0.2,False,,,,,
22-01-2025,BANK/502281679708/ICI19feb6bd822e4da4965d35f,-55.0,55.0,0.0,,food,Expenses:Food:Restaurant,0.2,False,,,,,
22-01-2025,BANK/538833794631/ICI42d174dcbf1948a4a79d323,-10.0,10.0,0.0,,food,Expenses:Food:Restaurant,0.2,False,,,,,
22-01-2025,LIMITE/502203511707/YBL8e259d17321d406abf868,-50.0,50.0,0.0,,food,Expenses:Food:Restaurant,0.2,False,,,,,
22-01-2025,LIMITE/502235386798/YBLccd9d54329d8418fbe3bf,-50.0,50.0,0.0,,food,Expenses:Food:Restaurant,0.2,False,,,,,
22-01-2025,LIMITE/502285980808/YESB2C4A7F241D9A6810E0,50.0,0.0,50.0,,salary,Income:Salary,0.3,False,,,,,
22-01-2025,LIMITE/502285980899/YESB2C4A91487EAF5DBAE,50.0,0.0,50.0,,salary,Income:Salary,0.3,False,,,,,
22-01-2025,LIMITE/502202314018/ICIabdad233f08142c5b53433,-300.0,300.0,0.0,,unknown,Expenses:Uncategorized,0.0,False,,,,,
23-01-2025,INDIA/502392938355/ICI2a7306a6cb2a444fabfd342,-280.0,280.0,0.0,,investment,Expenses:Investment,0.8,False,,,,,
23-01-2025,I/502311765630/ICIe43de205af064a0cbe16c5b2b8a,-180.0,180.0,0.0,,unknown,Expenses:Uncategorized,0.0,False,,,,,
23-01-2025,I/538960569856/ICI2afa88bd960444ca9ecc6be5d6a,-150.0,150.0,0.0,,unknown,Expenses:Uncategorized,0.0,False,,,,,
25-01-2025,BANK/502576357686/ICI45268144e3754ed8a8de4c,-200.0,200.0,0.0,,unknown,Expenses:Uncategorized,0.0,False,,,,,
25-01-2025,LIMITE/502530360386/ICIaba314df8eb94ab790cdd0,-120.0,120.0,0.0,,unknown,Expenses:Uncategorized,0.0,False,,,,,
25-01-2025,I/502532578103/ICI46bb59ee56d644a39c2fae32102,-100.0,100.0,0.0,,unknown,Expenses:Uncategorized,0.0,False,,,,,
27-01-2025,LIMITE/502728241615/ICIa5f1dc618bd04a5ab731a2,-45.0,45.0,0.0,,food,Expenses:Food:Restaurant,0.2,False,,,,,
27-01-2025,BANK/539322745795/ICIbee7e2601d6a44298538e7,-126.0,126.0,0.0,,unknown,Expenses:Uncategorized,0.0,False,,,,,
27-01-2025,L/539356459636/PPPL222831115272701251046216,-4854.0,4854.0,0.0,,shopping,Expenses:Shopping,0.3,False,,,,,
27-01-2025,/539392667173/ICI75f06e8f47f94e65bb9bcb60ad6a,-9500.0,9500.0,0.0,,shopping,Expenses:Shopping,0.3,False,,,,,
27-01-2025,BANK/502783669247/ICI0abc4c7bd3f744048422c90,-20.0,20.0,0.0,,food,Expenses:Food:Restaurant,0.2,False,,,,,
27-01-2025,BANK/539386261847/ICId472920ab704466c992cf31,-55.0,55.0,0.0,,food,Expenses:Food:Restaurant,0.2,False,,,,,
27-01-2025,BANK/502729273829/ICI1b56a3e17fd543899279e16,-108.0,108.0,0.0,,investment,Expenses:Investment,0.8,False,,,,,
27-01-2025,BANK/539393090238/ICIe449eefc24dd417891a2b98,-235.0,235.0,0.0,,unknown,Expenses:Uncategorized,0.0,False,,,,,
28-01-2025,BANK/539467030092/ICI4d6f5008f462457ea0392aa,-272.0,272.0,0.0,,unknown,Expenses:Uncategorized,0.0,False,,,,,
28-01-2025,LIMITE/539477626647/ICIec928046d11c4a0bb57b6,-60.0,60.0,0.0,,food,Expenses:Food:Restaurant,0.2,False,,,,,
28-01-2025,PAYMENTS/501915834322/AIR1PlGQYNIdfLatzWT4,765.0,0.0,765.0,,salary,Income:Salary,1.1,False,,,,,
28-01-2025,PAYMENTS/501614993111/AIR1Pk3Lbx0siQJ7Z3T3,1105.0,0.0,1105.0,,salary,Income:Salary,1.1,False,,,,,
28-01-2025,LIMITE/502896150285/ICIbceafeadec2444148074fcb,-55.0,55.0,0.0,,food,Expenses:Food:Restaurant,0.2,False,,,,,
28-01-2025,LTD/502899750715/ICI02f45da8e5fe4ab7b5fd14c22,-95.0,95.0,0.0,,investment,Expenses:Investment,0.8,False,,,,,
28-01-2025,OF/502801439006/ICI4901ec74b68049d19613257f1,-2000.0,2000.0,0.0,,shopping,Expenses:Shopping,0.3,False,,,,,
28-01-2025,LIMITE/502804655090/ICI2cd3be2440814e12ad84b,-60.0,60.0,0.0,,food,Expenses:Food:Restaurant,0.2,False,,,,,
28-01-2025,OVERSEAS/539489853591/ICI8e1c0b2807b242af8e,-161.0,161.0,0.0,,unknown,Expenses:Uncategorized,0.0,False,,,,,
28-01-2025,LIMITE/539457346736/ICIe8085b5b60644b94b6a06,-35.0,35.0,0.0,,food,Expenses:Food:Restaurant,0.2,False,,,,,
29-01-2025,LIMITE/502922869599/ICI6958633359214055a70e37,-490.0,490.0,0.0,,unknown,Expenses:Uncategorized,0.0,False,,,,,
29-01-2025,LIMITE/502966699122/ICI0cf16f21f6dc425ab034965,-116.0,116.0,0.0,,unknown,Expenses:Uncategorized,0.0,False,,,,,
29-01-2025,LIMITE/539516905728/ICI8643028e630e437f95c80a,-150.0,150.0,0.0,,unknown,Expenses:Uncategorized,0.0,False,,,,,
29-01-2025,BANK/502994323942/ICIdad8393ab859483280a340,-1490.0,1490.0,0.0,,shopping,Expenses:Shopping,0.3,False,,,,,
30-01-2025,BANK/539673718218/ICIfec432940b2740e8801b579,-620.0,620.0,0.0,,unknown,Expenses:Uncategorized,0.0,False,,,,,
30-01-2025,BANK/503012705899/ICI8c10b50b8a094e26907a18,-620.0,620.0,0.0,,unknown,Expenses:Uncategorized,0.0,False,,,,,
30-01-2025,BANK/539673718218/ICIfec432940b2740e8801b579,620.0,0.0,620.0,,salary,Income:Salary,0.3,False,,,,,
30-01-2025,LIMITE/539686938503/ICIed1c2321eeae44c6a4f7cb,-67.0,67.0,0.0,,food,Expenses:Food:Restaurant,0.2,False,,,,,
30-01-2025,LIMITE/539629329954/ICI361dfe6dd03449c1b8cb41,-20.0,20.0,0.0,,food,Expenses:Food:Restaurant,0.2,False,,,,,
30-01-2025,BANK/539655337044/ICIfacb81cb20f34a009d1c88d,-5.0,5.0,0.0,,food,Expenses:Food:Restaurant,0.2,False,,,,,
31-01-2025,BANK/503151690514/ICI191cc9be01864038b8573d,-300.0,300.0,0.0,,unknown,Expenses:Uncategorized,0.0,False,,,,,
31-01-2025,LIMITE/503108034385/ICI038827e32f654917a628a0,-1103.0,1103.0,0.0,,shopping,Expenses:Shopping,0.3,False,,,,,
31-01-2025,BANK/539729931377/ICI7483a7c9705c4c57bcbdbd,-40.0,40.0,0.0,,food,Expenses:Food:Restaurant,0.2,False,,,,,
03-02-2025,LTD/540051547840/ICIe66ac29cf0554e8caf8d33eb9,-733.95,733.95,0.0,,unknown,Expenses:Uncategorized,0.0,False,,,,,
03-02-2025,LTD/503439747941/ICIe397bd2cda9e44ccbe44226a,-880.0,880.0,0.0,,unknown,Expenses:Uncategorized,0.0,False,,,,,
03-02-2025,LTD/503490479153/ICI06840588e5874d2785917fc8,-125.0,125.0,0.0,,unknown,Expenses:Uncategorized,0.0,False,,,,,
04-02-2025,LIMITE/503525105870/ICI0c8f203f6087418b9a4ee95,-106.0,106.0,0.0,,unknown,Expenses:Uncategorized,0.0,False,,,,,
04-02-2025,LTD/540148731700/ICI00eae99286cf46d38d419f61b,-10.0,10.0,0.0,,food,Expenses:Food:Restaurant,0.2,False,,,,,
04-02-2025,LIMITE/540197942436/ICIea3ffdab64454697a63eaa6,-400.0,400.0,0.0,,investment,Expenses:Investment,0.8,False,,,,,
05-02-2025,I/540214271357/ICI4f27b17a48074e059e6d205c467,-103.0,103.0,0.0,,unknown,Expenses:Uncategorized,0.0,False,,,,,
05-02-2025,BANK/540271175352/AXB8f61ab8c867048a6b0057,-442.54,442.54,0.0,92102.71,unknown,Expenses:Uncategorized,0.0,False,,,,,
05-02-2025,LTD/503698472062/ICIa2406139bd084eca939df9ad,-30.0,30.0,0.0,92072.71,food,Expenses:Food:Restaurant,0.2,False,,,,,
05-02-2025,LTD/503639074510/ICI569c1b365dac453e990fce074,-219.0,219.0,0.0,91853.71,unknown,Expenses:Uncategorized,0.0,False,,,,,
05-02-2025,BANK/503611817041/ICId7ced85de9e7440fbb65a75,-31000.0,31000.0,0.0,60853.71,shopping,Expenses:Shopping,0.3,False,,,,,
05-02-2025,To RD Ac no 218625002611,-5000.0,5000.0,0.0,55853.71,shopping,Expenses:Shopping,0.3,False,,,,,
06-02-2025,BANK/410106240375/AXBde73346bd51642ef98c74,285.88,0.0,285.88,56139.59,salary,Income:Salary,0.3,False,,,,,
06-02-2025,LTD/503773056921/PLUTUSDQR000000000000000,-355.0,355.0,0.0,55784.59,unknown,Expenses:Uncategorized,0.0,False,,,,,
06-02-2025,BANK/503792168842/ICI6333aafddd1744ac8bac848,-100.0,100.0,0.0,55684.59,investment,Expenses:Investment,0.8,False,,,,,
06-02-2025,LIMITE/503784862065/ICIcdfcf98955244d73a298445,-35.0,35.0,0.0,55649.59,food,Expenses:Food:Restaurant,0.2,False,,,,,
06-02-2025,OVERSEAS/540352373895/ICI7ac736744b2a4a0c97,-500.0,500.0,0.0,55149.59,unknown,Expenses:Uncategorized,0.0,False,,,,,
06-02-2025,BANK/503750066712/ICI19151e4808e14f7b83261ea,-3084.0,3084.0,0.0,52065.59,shopping,Expenses:Shopping,0.3,False,,,,,
06-02-2025,BANK/503708889351/AXIb6ef76d7954a4318aa33f4,19000.0,0.0,19000.0,71065.59,salary,Income:Salary,0.5,False,,,,,
07-02-2025,BANK/540491888015/ICIf6f435a2458246fea6cf003c,-30.0,30.0,0.0,71035.59,food,Expenses:Food:Restaurant,0.2,False,,,,,
07-02-2025,/540404822237/ICI11c0b5f3e4f240f0b93d38654828a,-300.0,300.0,0.0,70735.59,unknown,Expenses:Uncategorized,0.0,False,,,,,
07-02-2025,LTD/503868008932/ICI3b66c98840494c15a5485bc0,-658.0,658.0,0.0,70077.59,unknown,Expenses:Uncategorized,0.0,False,,,,,
07-02-2025,LTD/503855162389/HDF2D5DFBF1BB19FD03E063E,-365.0,365.0,0.0,69712.59,investment,Expenses:Investment,0.8,False,,,,,
08-02-2025,LIMITE/503986829135/ICI2c99d4527c704f0880aefb6,-1000.0,1000.0,0.0,68712.59,unknown,Expenses:Uncategorized,0.0,False,,,,,
09-02-2025,LTD/540651486309/ICI5bae69f4cb5342ecbaa580dc,-880.0,880.0,0.0,67832.59,unknown,Expenses:Uncategorized,0.0,False,,,,,
09-02-2025,BANK/540658219884/ICIfc0b194afadb4c9eb9d9e63,-75.0,75.0,0.0,67757.59,food,Expenses:Food:Restaurant,0.2,False,,,,,
09-02-2025,LTD/540651834829/ICI3d8bd603fb6b495d96c58471,-390.0,390.0,0.0,67367.59,unknown,Expenses:Uncategorized,0.0,False,,,,,
09-02-2025,BANK/504011045901/ICI21d8087d99c84d0ead173e,-190.0,190.0,0.0,67177.59,unknown,Expenses:Uncategorized,0.0,False,,,,,
10-02-2025,046194244,-1000.0,1000.0,0.0,66177.59,unknown,Expenses:Uncategorized,0.0,False,,,,,
10-02-2025,046192132,-2000.0,2000.0,0.0,64177.59,shopping,Expenses:Shopping,0.3,False,,,,,
10-02-2025,045767431,-1000.0,1000.0,0.0,63177.59,unknown,Expenses:Uncategorized,0.0,False,,,,,
10-02-2025,045767091,-2000.0,2000.0,0.0,,shopping,Expenses:Shopping,0.3,False,,,,,
10-02-2025,045854446,-2000.0,2000.0,0.0,,shopping,Expenses:Shopping,0.3,False,,,,,
10-02-2025,045855668,-1000.0,1000.0,0.0,,unknown,Expenses:Uncategorized,0.0,False,,,,,
10-02-2025,I/504195506893/SBI84783625913f4490ac348004d8d,20000.0,0.0,20000.0,,salary,Income:Salary,0.5,False,,,,,
10-02-2025,I/540755978916/ICI5a3aad9a1bba449c835505ee0c2,-200.0,200.0,0.0,,unknown,Expenses:Uncategorized,0.0,False,,,,,
10-02-2025,F/540780191190/ICI98cb29206d96483d9214aa69d6f,-60.0,60.0,0.0,,food,Expenses:Food:Restaurant,0.2,False,,,,,
10-02-2025,IBI/504130604804/ICI3ab706a07a98432fb6ed698eba,-38.0,38.0,0.0,,food,Expenses:Food:Restaurant,0.2,False,,,,,
11-02-2025,F/540858809053/ICI6a9b2ca5d17c46578c0d1fe4de8,-120.0,120.0,0.0,,unknown,Expenses:Uncategorized,0.0,False,,,,,
11-02-2025,LIMITE/504215403730/PYTM5021180222688434483,-1178.82,1178.82,0.0,,shopping,Expenses:Shopping,0.3,False,,,,,
11-02-2025,LTD/503639074510/ICI569c1b365dac453e990fce074,211.18,0.0,211.18,,salary,Income:Salary,0.3,False,,,,,
13-02-2025,LTD/541001841848/ICIf719648d53ec48f38b31fa491,-1150.0,1150.0,0.0,,shopping,Expenses:Shopping,0.3,False,,,,,
13-02-2025,LTD/504431757599/ICId4dbe08c1c3f4d64ba95829d,-1000.0,1000.0,0.0,,unknown,Expenses:Uncategorized,0.0,False,,,,,
13-02-2025,LIMITE/541075768670/ICIac5ef1f373dd4c4183b013,-30.0,30.0,0.0,,food,Expenses:Food:Restaurant,0.2,False,,,,,
14-02-2025,LIMITE/541159596490/ICI8f260681281d425a93b404,-350.0,350.0,0.0,,unknown,Expenses:Uncategorized,0.0,False,,,,,
14-02-2025,BANK/504525700976/ICI63ec95d0d300431eaa42d5,-2400.0,2400.0,0.0,,shopping,Expenses:Shopping,0.3,False,,,,,
14-02-2025,LIMITE/504552697812/ICI71b4a3ab958c49fdab5763,-22000.0,22000.0,0.0,,investment,Expenses:Investment,1.1,False,,,,,
14-02-2025,LIMITE/504510139220/ICI2b737363251640f6b55451,-20.0,20.0,0.0,,food,Expenses:Food:Restaurant,0.2,False,,,,,
15-02-2025,/504687192697/ICIe65bdbc444c0408daafad3ceb0ee,-1564.05,1564.05,0.0,,shopping,Expenses:Shopping,0.3,False,,,,,
15-02-2025,LIMITE/504688586471/ICI7368fd27e5ee4b97b90208,-15.0,15.0,0.0,,investment,Expenses:Investment,0.8,False,,,,,
16-02-2025,BARODA/504735209649/ICI585e590d78724a2a9c93,-80.0,80.0,0.0,,food,Expenses:Food:Restaurant,0.2,False,,,,,
16-02-2025,LIMITE/541351706923/ICIf6806ac807f54cd1ad97a38,-189.0,189.0,0.0,,unknown,Expenses:Uncategorized,0.0,False,,,,,
16-02-2025,PAYMENTS/502010605007/AIR1PlZO4X03VCzwrcT,880.0,0.0,880.0,,salary,Income:Salary,1.1,False,,,,,
16-02-2025,PAYMENTS/504719029448/AIR1PwP8qZZHTBVHup,-969.05,969.05,0.0,72404.85,salary,Income:Salary,0.8,False,,,,,
16-02-2025,PAYMENTS/504719750599/AIR1PwPDvnUdFAkBH,-924.05,924.05,0.0,71480.8,salary,Income:Salary,0.8,False,,,,,
16-02-2025,/ATTN//INB//ARTIST P-00000010235476308-,20000.0,0.0,20000.0,91480.8,salary,Income:Salary,0.5,False,,,,,
16-02-2025,BARODA/541364659189/ICI83cdd0f9937142c58228,-390.0,390.0,0.0,91090.8,unknown,Expenses:Uncategorized,0.0,False,,,,,
16-02-2025,LIMITE/541390162008/ICI864b3b6d66fa4f0b830f2d2,-10.0,10.0,0.0,91080.8,food,Expenses:Food:Restaurant,0.2,False,,,,,
16-02-2025,LIMITE/541361362267/ICIe1ce66401d784e49b4f86e,-20.0,20.0,0.0,91060.8,food,Expenses:Food:Restaurant,0.2,False,,,,,
16-02-2025,LIMITE/504742751840/ICI54bc40e0d5554ba19a6532,-20.0,20.0,0.0,91040.8,food,Expenses:Food:Restaurant,0.2,False,,,,,
16-02-2025,LIMITE/541378370545/ICIfe994fefc32949e19564b3f,-30.0,30.0,0.0,91010.8,food,Expenses:Food:Restaurant,0.2,False,,,,,
17-02-2025,I/504871872715/ICIf65041fd38e540fa911201e74e18,-63.0,63.0,0.0,90947.8,investment,Expenses:Investment,0.8,False,,,,,
17-02-2025,LTD/504866362204/ICI16ccbe16e4dc4bf5b3771ebfa,-25.0,25.0,0.0,90922.8,food,Expenses:Food:Restaurant,0.2,False,,,,,
18-02-2025,LTD/504990841934/ICI983fb3e7d7b34b47b7cb25ba,-849.0,849.0,0.0,90073.8,unknown,Expenses:Uncategorized,0.0,False,,,,,
18-02-2025,BANK/504963155239/ICI13296d7a80b748adae39de,-19.0,19.0,0.0,90054.8,food,Expenses:Food:Restaurant,0.2,False,,,,,
18-02-2025,LIMITE/504949955798/ICI699eca8bb370480aaa8de3,-35.0,35.0,0.0,90019.8,food,Expenses:Food:Restaurant,0.2,False,,,,,
18-02-2025,LIMITE/504944259376/PTM50218805297785582617,-969.05,969.05,0.0,89050.75,unknown,Expenses:Uncategorized,0.0,False,,,,,
18-02-2025,LIMITE/504944440373/PTM50218805309531486245,-924.05,924.05,0.0,88126.7,unknown,Expenses:Uncategorized,0.0,False,,,,,
18-02-2025,LTD/504905277238/PLUTUSDQR000000000000266,-1399.0,1399.0,0.0,86727.7,shopping,Expenses:Shopping,0.3,False,,,,,
18-02-2025,LIMITE/504964880087/ICI6ca9e35a961e4a8580702b,-70.0,70.0,0.0,86657.7,food,Expenses:Food:Restaurant,0.2,False,,,,,
19-02-2025,BANK/541685284498/ICIb89d1ee8ee8246058948ba,-60.0,60.0,0.0,86597.7,food,Expenses:Food:Restaurant,0.2,False,,,,,
19-02-2025,LIMITE/505018085120/ICI7b51048a25b84ea0b9e16c,-50.0,50.0,0.0,86547.7,food,Expenses:Food:Restaurant,0.2,False,,,,,
19-02-2025,BANK/505092840524/APL01951c7ce83ef1d0bce7a2,-999.0,999.0,0.0,85548.7,unknown,Expenses:Uncategorized,0.0,False,,,,,
19-02-2025,BANK/541623696079/ICI2c98649b61fd4c3f8f9d911d,-340.0,340.0,0.0,85208.7,investment,Expenses:Investment,0.8,False,,,,,
20-02-2025,BANK/505181065454/ICI4fc74a3664324d17848fa6f4,5000.0,0.0,5000.0,90208.7,salary,Income:Salary,0.3,False,,,,,
21-02-2025,/505211994436/ICId57edc831a72479d9b9be1d89b6,-325.0,325.0,0.0,89883.7,unknown,Expenses:Uncategorized,0.0,False,,,,,
21-02-2025,LIMITE/505222943776/PTM50221802762546788397,-1459.05,1459.05,0.0,88424.65,shopping,Expenses:Shopping,0.3,False,,,,,
21-02-2025,LIMITE/505223119476/PTM50221802780198956033,-1564.05,1564.05,0.0,86860.6,shopping,Expenses:Shopping,0.3,False,,,,,
21-02-2025,BANK/505235828544/ICI07ce8240703544a9887f51a,-300.0,300.0,0.0,86560.6,unknown,Expenses:Uncategorized,0.0,False,,,,,
22-02-2025,OVERSEAS/541954548378/ICI34de952b2f244528b7,-170.0,170.0,0.0,86390.6,unknown,Expenses:Uncategorized,0.0,False,,,,,
22-02-2025,LIMITE/505324822332/PTM50222802772948814869,-1564.05,1564.05,0.0,84826.55,shopping,Expenses:Shopping,0.3,False,,,,,
22-02-2025,I/505316265386/ICI00eb3c892504484fbd849a3c495,-40.0,40.0,0.0,84786.55,food,Expenses:Food:Restaurant,0.2,False,,,,,
22-02-2025,LIMITE/505325118786/PTM50222802806978398229,-2754.05,2754.05,0.0,82032.5,shopping,Expenses:Shopping,0.3,False,,,,,
22-02-2025,LTD/100408021817/HDF375faee0bec74b4bbd0e63a,2800.0,0.0,2800.0,84832.5,salary,Income:Salary,0.3,False,,,,,
23-02-2025,Bank/542089809568/ICIf292bf39fc4f42d5a803e3a3c,-150.0,150.0,0.0,84682.5,unknown,Expenses:Uncategorized,0.0,False,,,,,
23-02-2025,LIMITE/542060635568/ICIf3caa0c583fd4f09908c1a9,-444.88,444.88,0.0,84237.62,investment,Expenses:Investment,0.8,False,,,,,
23-02-2025,I/505475743427/ICI13e7b3e1f69446cb8b1e5cabb35,-15.0,15.0,0.0,84222.62,food,Expenses:Food:Restaurant,0.2,False,,,,,
23-02-2025,LIMITE/542008558339/ICI2008df06fe4940f79077e83,-32.0,32.0,0.0,84190.62,food,Expenses:Food:Restaurant,0.2,False,,,,,
23-02-2025,LIMITE/505415838689/PTM6d8dfbe2e117444aae12,1475.36,0.0,1475.36,85665.98,salary,Income:Salary,0.3,False,,,,,
23-02-2025,PTY/542081468024/ICIc0c9ec6d4ed24f0a9bca37c60,-436.6,436.6,0.0,85229.38,unknown,Expenses:Uncategorized,0.0,False,,,,,
24-02-2025,Bank/505525067676/ICI28f456edcbdb4851a4fa16af,-3250.0,3250.0,0.0,81979.38,shopping,Expenses:Shopping,0.3,False,,,,,
24-02-2025,BANK/542164467990/ICIb771782ff498468fafb3d211,-100.0,100.0,0.0,81879.38,unknown,Expenses:Uncategorized,0.0,False,,,,,
24-02-2025,BANK/542147967105/ICIad7dba58147542499ce697,-87.0,87.0,0.0,81792.38,food,Expenses:Food:Restaurant,0.2,False,,,,,
24-02-2025,LIMITE/542169566642/ICIe9b80c587ffd41cc8ffa447,-70.0,70.0,0.0,81722.38,investment,Expenses:Investment,0.8,False,,,,,
24-02-2025,LIMITE/542105987353/ICI9235ab57b8a240c3861b6f,-113.0,113.0,0.0,81609.38,unknown,Expenses:Uncategorized,0.0,False,,,,,
24-02-2025,LIMITE/542118183443/ICIdb7cd20d533641bd970f93,-1103.0,1103.0,0.0,80506.38,shopping,Expenses:Shopping,0.3,False,,,,,
24-02-2025,LIMITE/505525807429/ICI6ae62bb2fb4940618f7d36,-50.0,50.0,0.0,79658.88,food,Expenses:Food:Restaurant,0.2,False,,,,,
24-02-2025,LIMITE/505585812907/ICIab4c8dc1549a4fe2a78b8e,-40.0,40.0,0.0,,food,Expenses:Food:Restaurant,0.2,False,,,,,
25-02-2025,BANK/505677424256/ICIfa2cdd277b80407fb499e41f,-1500.0,1500.0,0.0,,shopping,Expenses:Shopping,0.3,False,,,,,
25-02-2025,BANK/505607151062/ICIdd50945b93584ecb9cf5b21,-370.9,370.9,0.0,,unknown,Expenses:Uncategorized,0.0,False,,,,,
25-02-2025,/505617043721/ICI2c2bd0305edc4c7a8186e1e37efd,-125.0,125.0,0.0,,investment,Expenses:Investment,0.8,False,,,,,
25-02-2025,I/542276279226/AXI60b67832046e40aeb9a8a5c8fb,6000.0,0.0,6000.0,,salary,Income:Salary,0.3,False,,,,,
25-02-2025,BANK/505661045729/ICI5099835603c94c4aabae7c8,-40.0,40.0,0.0,,food,Expenses:Food:Restaurant,0.2,False,,,,,
25-02-2025,/542207486302/AXI556d032f0c304088a69ed8e5f7ff,200.0,0.0,200.0,,salary,Income:Salary,0.3,False,,,,,
25-02-2025,LIMITE/505630681857/ICI3f0e549784314a96b10d1b,-250.0,250.0,0.0,,unknown,Expenses:Uncategorized,0.0,False,,,,,
26-02-2025,LTD/542360904300/ICI0f834e1591384ad392e801d2,-50.0,50.0,0.0,,food,Expenses:Food:Restaurant,0.2,False,,,,,
26-02-2025,LTD/505749392720/ICId4e0249bb8184fcf9e40d7be7,-300.0,300.0,0.0,,unknown,Expenses:Uncategorized,0.0,False,,,,,
26-02-2025,LIMITE/542356816429/ICI8c5a6da13cc14922816c5d,-70.0,70.0,0.0,,food,Expenses:Food:Restaurant,0.2,False,,,,,
26-02-2025,BANK/542377712230/ICI047919c7355c4d99a7adba,-180.0,180.0,0.0,,unknown,Expenses:Uncategorized,0.0,False,,,,,
27-02-2025,LTD/542470440404/ICI082928350477454a9a002fdb,-50.0,50.0,0.0,,investment,Expenses:Investment,0.8,False,,,,,
27-02-2025,LIMITE/542470550618/ICI87fe86bc7e4e443b803671,-55.0,55.0,0.0,,food,Expenses:Food:Restaurant,0.2,False,,,,,
28-02-2025,LIMITE/542506292955/ICIdb5001294d7446d28130a,-80.0,80.0,0.0,,food,Expenses:Food:Restaurant,0.2,False,,,,,
28-02-2025,LIMITE/505939836424/ICI010a7aa40bf0490dbd5775,-110.0,110.0,0.0,,unknown,Expenses:Uncategorized,0.0,False,,,,,
28-02-2025,LIMITE/505977417999/ICI4d9ef68c27ae4f799aa74e9,-100.0,100.0,0.0,,unknown,Expenses:Uncategorized,0.0,False,,,,,
28-02-2025,PTY/505957550102/ICIaf284651582d4b94a9ec5782,-150.0,150.0,0.0,,unknown,Expenses:Uncategorized,0.0,False,,,,,
01-03-2025,LTD/506069044557/ICIf078ec4f37b441d792ed0fbf3f,-285.0,285.0,0.0,,unknown,Expenses:Uncategorized,0.0,False,,,,,
01-03-2025,LTD/506080668192/ICI42bbbf5194b64ac9ae36796d,-1427.0,1427.0,0.0,,shopping,Expenses:Shopping,0.3,False,,,,,
01-03-2025,BANK/506021171943/ICI29fcdb0dceff4b2382a01b44,-40.0,40.0,0.0,,food,Expenses:Food:Restaurant,0.2,False,,,,,
01-03-2025,LIMITE/506050694968/ICIe74e214145ce4a66a4e6ef,-500.0,500.0,0.0,,unknown,Expenses:Uncategorized,0.0,False,,,,,
01-03-2025,LIMITE/506068897615/ICI5776e18774d5461a9d9dd,-55.0,55.0,0.0,,food,Expenses:Food:Restaurant,0.2,False,,,,,
02-03-2025,/542742952493/ICI5b862649b7574016aa786e850d0,-1500.0,1500.0,0.0,,shopping,Expenses:Shopping,0.3,False,,,,,
03-03-2025,LIMITE/542813586911/ICI12c3beca5ec940c090ea88,-84.0,84.0,0.0,,food,Expenses:Food:Restaurant,0.2,False,,,,,
03-03-2025,LTD/542891780589/ICI6cd90bd573d14cbeb6254358,-50.0,50.0,0.0,,food,Expenses:Food:Restaurant,0.2,False,,,,,
03-03-2025,VIDYA BHAVAN CHENNAI KE-REF/ ////////-,6000.0,0.0,6000.0,,salary,Income:Salary,0.3,False,,,,,
03-03-2025,I/506297121103/ICI2a82768534e742fcad89b541157,-92.0,92.0,0.0,,food,Expenses:Food:Restaurant,0.2,False,,,,,
03-03-2025,BANK/506236117168/ICIaa00fa292be94437a5c005b,-886.0,886.0,0.0,,unknown,Expenses:Uncategorized,0.0,False,,,,,
03-03-2025,LIMITE/542825196394/ICIe3427d6e59e64245b848fc,-130.0,130.0,0.0,,unknown,Expenses:Uncategorized,0.0,False,,,,,
04-03-2025,LIMITE/506300578828/ICI8e64b7621e7f4011bfadb4,-120.0,120.0,0.0,,unknown,Expenses:Uncategorized,0.0,False,,,,,
04-03-2025,LIMITE/506317173932/ICI6df7c93d40524eedbb9165,-150.0,150.0,0.0,,unknown,Expenses:Uncategorized,0.0,False,,,,,
05-03-2025,LIMITE/506432380086/ICI705e4acbaccd42d2bff3e6,-220.0,220.0,0.0,,unknown,Expenses:Uncategorized,0.0,False,,,,,
05-03-2025,BANK/506448595473/ICIa85b2f5d92464ce098a85de,-280.0,280.0,0.0,,unknown,Expenses:Uncategorized,0.0,False,,,,,
05-03-2025,LIMITE/543028004235/ICIc20ca4eff97d4bedb0d2eb,-130.0,130.0,0.0,,unknown,Expenses:Uncategorized,0.0,False,,,,,
05-03-2025,LIMITE/543018008253/ICIc9225e041b6e4687a4ceaa,-130.0,130.0,0.0,,unknown,Expenses:Uncategorized,0.0,False,,,,,
05-03-2025,I/543026226245/ICIa8296f4be4ca469288f3680a54d3,-120.0,120.0,0.0,,unknown,Expenses:Uncategorized,0.0,False,,,,,
05-03-2025,BANK/543062915174/ICI93144b6b77b54a4ab62cf6f,-31000.0,31000.0,0.0,,shopping,Expenses:Shopping,0.3,False,,,,,
05-03-2025,LTD/543000020874/ICI3076a2360573486385951047,-120.0,120.0,0.0,,unknown,Expenses:Uncategorized,0.0,False,,,,,
05-03-2025,LTD/543043635170/ICIc41e58a8664e45f7876b2bf8d,-755.0,755.0,0.0,,unknown,Expenses:Uncategorized,0.0,False,,,,,
05-03-2025,BANK/543099130986/ICIcb882feed31d48b09e458ad,-80.0,80.0,0.0,,food,Expenses:Food:Restaurant,0.2,False,,,,,
06-03-2025,BANK/543143352961/ICI23ef9e4c8d8c456abc98c9c,-400.0,400.0,0.0,,unknown,Expenses:Uncategorized,0.0,False,,,,,
06-03-2025,/543183597737/ICI27463273ee7044cdb43f1505f337,-200.0,200.0,0.0,,unknown,Expenses:Uncategorized,0.0,False,,,,,
08-03-2025,BANK/506741079740/ICI11b6f674bbca4f1e9d68023,-120.0,120.0,0.0,,unknown,Expenses:Uncategorized,0.0,False,,,,,
08-03-2025,PTY/543319101884/ICI926ea448a2e14568b9df8b7a,-40.0,40.0,0.0,67473.98,food,Expenses:Food:Restaurant,0.2,False,,,,,
08-03-2025,BANK/543332518015/ICI232a5bb6e76048988d86ed,-30.0,30.0,0.0,67443.98,food,Expenses:Food:Restaurant,0.2,False,,,,,
08-03-2025,LIMITE/543303319395/ICI5dacd85214784393aff3712,-220.0,220.0,0.0,67223.98,unknown,Expenses:Uncategorized,0.0,False,,,,,
08-03-2025,PTY/543344228773/ICI333a2f6fb6354660885fe29ed,-30.0,30.0,0.0,67193.98,food,Expenses:Food:Restaurant,0.2,False,,,,,
09-03-2025,LTD/100136889843/HDF2FCF41C40B5C71AFE0635,-219.0,219.0,0.0,66974.98,unknown,Expenses:Uncategorized,0.0,False,,,,,
09-03-2025,OVERSEAS/543443545731/ICIa0de3a972f7445009ff,-320.0,320.0,0.0,66654.98,unknown,Expenses:Uncategorized,0.0,False,,,,,
09-03-2025,OVERSEAS/543464057613/ICI8a81db3ebcbb4dd3b,-105.0,105.0,0.0,66549.98,unknown,Expenses:Uncategorized,0.0,False,,,,,
09-03-2025,BANK/543499587348/ICI6068c8aed0344fa2b77f447,-220.0,220.0,0.0,66329.98,unknown,Expenses:Uncategorized,0.0,False,,,,,
09-03-2025,/506806806335/ICIbb490dd86509488a8be62a515e7,-376.0,376.0,0.0,65953.98,unknown,Expenses:Uncategorized,0.0,False,,,,,
10-03-2025,098908409,-2000.0,2000.0,0.0,63953.98,shopping,Expenses:Shopping,0.3,False,,,,,
10-03-2025,099343743,-1000.0,1000.0,0.0,62953.98,unknown,Expenses:Uncategorized,0.0,False,,,,,
10-03-2025,099343425,-2000.0,2000.0,0.0,60953.98,shopping,Expenses:Shopping,0.3,False,,,,,
10-03-2025,098907482,-1000.0,1000.0,0.0,59953.98,unknown,Expenses:Uncategorized,0.0,False,,,,,
10-03-2025,BANK/543585188634/ICI8f58787c76ff4bd29c1ea964,-330.0,330.0,0.0,59623.98,unknown,Expenses:Uncategorized,0.0,False,,,,,
10-03-2025,LIMITE/506960909417/ICI208b52681cc2433885caf8,-90.0,90.0,0.0,59533.98,food,Expenses:Food:Restaurant,0.2,False,,,,,
10-03-2025,098997093,-1000.0,1000.0,0.0,58533.98,unknown,Expenses:Uncategorized,0.0,False,,,,,
10-03-2025,098995869,-2000.0,2000.0,0.0,56533.98,shopping,Expenses:Shopping,0.3,False,,,,,
11-03-2025,PTY/507022033159/ICIe03a680fbaeb438dad844eba,-400.0,400.0,0.0,56133.98,unknown,Expenses:Uncategorized,0.0,False,,,,,
11-03-2025,LTD/507099344100/ICIa5a2be9ddbc8438481a06ede,-10.0,10.0,0.0,56123.98,food,Expenses:Food:Restaurant,0.2,False,,,,,
11-03-2025,/507015140969/ICI816066bca6a34cfe88dae5719dfc,-3000.0,3000.0,0.0,53123.98,shopping,Expenses:Shopping,0.3,False,,,,,
11-03-2025,LIMITE/507036453782/ICI5291f81c3457437d9306c8,-20.0,20.0,0.0,51874.96,food,Expenses:Food:Restaurant,0.2,False,,,,,
11-03-2025,CLG/ARTEGY PROPRIETRIX/000003/IOB/06.03.2025,40000.0,0.0,40000.0,91874.96,salary,Income:Salary,0.5,False,,,,,
11-03-2025,LIMITE/507017265103/ICI09042fa78b8c41f99e6c55a,-369.0,369.0,0.0,91505.96,unknown,Expenses:Uncategorized,0.0,False,,,,,
11-03-2025,I/507017899755/ICIf8e79146178e4b7c83bf5ec4f75e,-450.0,450.0,0.0,91055.96,unknown,Expenses:Uncategorized,0.0,False,,,,,
11-03-2025,/507041295109/ICIdd0fc93bb1ad465fa5f4a979f392f,-8000.0,8000.0,0.0,,shopping,Expenses:Shopping,0.3,False,,,,,
11-03-2025,LTD/507049795915/ICIec4564981a0f482c8a1857fa5,-941.0,941.0,0.0,,unknown,Expenses:Uncategorized,0.0,False,,,,,
11-03-2025,BANK/543677604179/ICI83407db1f071416da804136,-50.0,50.0,0.0,,food,Expenses:Food:Restaurant,0.2,False,,,,,
12-03-2025,LTD/100157448673/HDF0AFC58360EED41248BC99,-8134.92,8134.92,0.0,,shopping,Expenses:Shopping,0.3,False,,,,,
12-03-2025,LIMITE/543730344489/ICI5994e0b308b9448ab31de,-45.0,45.0,0.0,,food,Expenses:Food:Restaurant,0.2,False,,,,,
12-03-2025,LIMITE/543723657975/ICI6437ba61b91240f795738e,-35.0,35.0,0.0,,food,Expenses:Food:Restaurant,0.2,False,,,,,
13-03-2025,/507291560228/AXI52060d51ec534be1bf8f7c2806a,15000.0,0.0,15000.0,,salary,Income:Salary,0.5,False,,,,,
13-03-2025,LIMITE/543852772079/ICI30feec6e8ba24ca2be8b68,-105.0,105.0,0.0,,unknown,Expenses:Uncategorized,0.0,False,,,,,
13-03-2025,BANK/543812476045/ICIc831ac4d0ae344638ea1767,-35.0,35.0,0.0,,food,Expenses:Food:Restaurant,0.2,False,,,,,
13-03-2025,NISHAD CREATIVES PRIVATE L--04060200000570-,23000.0,0.0,23000.0,,salary,Income:Salary,0.5,False,,,,,
13-03-2025,LIMITE/507260521430/ICIb7e9e9e24a5a4e4db2abf4,-920.0,920.0,0.0,,unknown,Expenses:Uncategorized,0.0,False,,,,,
13-03-2025,BANK/543894530337/AXI9a1a29f040604271a07f5c1,350.0,0.0,350.0,,salary,Income:Salary,0.3,False,,,,,
14-03-2025,BANK/507322744498/ICI75e900cade2c46f0b6dee59,-1575.0,1575.0,0.0,,shopping,Expenses:Shopping,0.3,False,,,,,
14-03-2025,LIMITE/507385356280/ICIddfd7ecb4b7442bf8deb04,-50.0,50.0,0.0,,investment,Expenses:Investment,0.8,False,,,,,
14-03-2025,LIMITE/507311054850/ICI0928a2bb30ee49eebc7dc,-200.0,200.0,0.0,,unknown,Expenses:Uncategorized,0.0,False,,,,,
14-03-2025,LTD/507316647487/ICIa79d9aabfb4644aa9cd5f872e,-500.0,500.0,0.0,,unknown,Expenses:Uncategorized,0.0,False,,,,,
15-03-2025,LTD/100172512188/HDF75463E589F3245CFA5447A,-1010.0,1010.0,0.0,,shopping,Expenses:Shopping,0.3,False,,,,,
15-03-2025,LIMITE/544004003606/ICI398c4820839d4ef8969cc8f,-60.0,60.0,0.0,,food,Expenses:Food:Restaurant,0.2,False,,,,,
15-03-2025,Bank/507435896895/ICI21083ff036fb47fd92e18a7da,-10.0,10.0,0.0,,investment,Expenses:Investment,0.8,False,,,,,
15-03-2025,LIMITE/544094401576/ICI966611f51139468faae33cb,-2939.0,2939.0,0.0,,shopping,Expenses:Shopping,0.3,False,,,,,
15-03-2025,BANK/507465736955/AXI08a98a74f4634780b8253e,2000.0,0.0,2000.0,,salary,Income:Salary,0.3,False,,,,,
15-03-2025,LTD/544050333446/ICI04f5d541871149e0a98398fd8,-130.0,130.0,0.0,,investment,Expenses:Investment,0.8,False,,,,,
15-03-2025,LIMITE/544029427554/ICIa9b703d5eea54b56b649e,-27500.0,27500.0,0.0,79166.04,shopping,Expenses:Shopping,0.3,False,,,,,
16-03-2025,I/544198858328/ICI8da2e4ae6ff64c0fadb15605ce03,-60.0,60.0,0.0,79106.04,food,Expenses:Food:Restaurant,0.2,False,,,,,
16-03-2025,PTY/544184966167/ICI4023c2cc593c48f09df5bbdf4,-30.0,30.0,0.0,79076.04,food,Expenses:Food:Restaurant,0.2,False,,,,,
16-03-2025,LIMITE/544144557222/ICI3a29d46f124545279bd7f7,-400.0,400.0,0.0,78676.04,unknown,Expenses:Uncategorized,0.0,False,,,,,
16-03-2025,LIMITE/544165559218/ICI0f7573b1054c499cad16d0,-20.0,20.0,0.0,78656.04,food,Expenses:Food:Restaurant,0.2,False,,,,,
16-03-2025,LTD/544124184450/ICI8053888926714a34b0b48a55,-252.0,252.0,0.0,78404.04,unknown,Expenses:Uncategorized,0.0,False,,,,,
16-03-2025,LTD/544175078814/ICI7443c33c24a348b7aab30622,-116.0,116.0,0.0,78288.04,unknown,Expenses:Uncategorized,0.0,False,,,,,
16-03-2025,LIMITE/544103297446/ICI9a85e06d2bda4255b0269,-2269.0,2269.0,0.0,76019.04,shopping,Expenses:Shopping,0.3,False,,,,,
17-03-2025,LTD/507611617351/ICI0bc612a0506a4938b2fb7430,-120.0,120.0,0.0,75899.04,unknown,Expenses:Uncategorized,0.0,False,,,,,
17-03-2025,I/507655440422/ICI87430f5b27d94972a53381def9fd,-28.0,28.0,0.0,75871.04,investment,Expenses:Investment,0.8,False,,,,,
18-03-2025,BANK/507769276355/ICI7bb6a753fdc543919e2709d,-85.0,85.0,0.0,75786.04,investment,Expenses:Investment,0.8,False,,,,,
18-03-2025,LIMITE/507767869399/ICIbf7fe468f9e5499e857fab7,-180.0,180.0,0.0,75606.04,unknown,Expenses:Uncategorized,0.0,False,,,,,
18-03-2025,OF/507721589907/ICIdaf46b874bea46ab8d246fecda,-100.0,100.0,0.0,75506.04,unknown,Expenses:Uncategorized,0.0,False,,,,,
18-03-2025,LIMITE/507730594235/ICId8b7e8abe6e24e5582de1f,-200.0,200.0,0.0,75306.04,unknown,Expenses:Uncategorized,0.0,False,,,,,
18-03-2025,BANK/507737093903/ICIc4febb040a4d4fae89d960f9,-30.0,30.0,0.0,75276.04,food,Expenses:Food:Restaurant,0.2,False,,,,,
18-03-2025,LIMITE/507729695665/ICIb8d006ef61394316aa22c0,-180.0,180.0,0.0,75096.04,unknown,Expenses:Uncategorized,0.0,False,,,,,
18-03-2025,National/507729397127/ICI510eb696c9f940a088f23,-120.0,120.0,0.0,74976.04,unknown,Expenses:Uncategorized,0.0,False,,,,,
19-03-2025,Bank/544416715081/ICIdacfd5e7474643e8a47b5382,-8850.0,8850.0,0.0,66126.04,investment,Expenses:Investment,1.1,False,,,,,
19-03-2025,LTD/544413935675/ICId55b4bf60b1340acaba04d9d,-200.0,200.0,0.0,65926.04,unknown,Expenses:Uncategorized,0.0,False,,,,,
19-03-2025,LIMITE/544414027454/ICIa38f524981ee4b9ab18cb0,-390.0,390.0,0.0,65536.04,unknown,Expenses:Uncategorized,0.0,False,,,,,
19-03-2025,I/544488346756/ICIcc04c8c1cd16455d99fa2d35dca,-500.0,500.0,0.0,65036.04,unknown,Expenses:Uncategorized,0.0,False,,,,,
19-03-2025,LIMITE/544464744298/ICIb2d3642673a6463b9c837,-450.39,450.39,0.0,64585.65,unknown,Expenses:Uncategorized,0.0,False,,,,,
19-03-2025,PTY/544483750891/ICIef6c312d769349a3942e4482,-153.0,153.0,0.0,,unknown,Expenses:Uncategorized,0.0,False,,,,,
20-03-2025,LTD/544542281928/ICIf8e49bdb7b114ef387959f4f1,-35.0,35.0,0.0,,food,Expenses:Food:Restaurant,0.2,False,,,,,
20-03-2025,/507998201845/ICI84dd57068ac34d41b83d348aa68,-70.0,70.0,0.0,,food,Expenses:Food:Restaurant,0.2,False,,,,,
20-03-2025,BARODA/507923610778/ICI6a40a16aca574a29a7a1,-140.0,140.0,0.0,,unknown,Expenses:Uncategorized,0.0,False,,,,,
20-03-2025,I/507965104122/ICI83932f87f64e4a98a9aabd2fe95e,-100.0,100.0,0.0,,unknown,Expenses:Uncategorized,0.0,False,,,,,
21-03-2025,218625002611 RD clos 21-03-2025 KRISHNA S,95201.0,0.0,95201.0,,salary,Income:Salary,0.5,False,,,,,
21-03-2025,LIMITE/508033727699/ICId40a80cd559b49a99b80df,-170.0,170.0,0.0,,unknown,Expenses:Uncategorized,0.0,False,,,,,
21-03-2025,LTD/508045332531/ICI4d5abc8c09824bd19c453e8f,-100.0,100.0,0.0,,unknown,Expenses:Uncategorized,0.0,False,,,,,
21-03-2025,LIMITE/508029841193/ICI521cc89d01d64cc7beffa1f,-90.0,90.0,0.0,,food,Expenses:Food:Restaurant,0.2,False,,,,,
21-03-2025,BANK/508080368136/APL46c2133459a94847a8be3,-1139.0,1139.0,0.0,,shopping,Expenses:Shopping,0.3,False,,,,,
22-03-2025,TRF TO FD no. 218610005192,-100000.0,100000.0,0.0,,investment,Expenses:Investment,1.1,False,,,,,
22-03-2025,I/508158294091/ICI31b1fbd17b244518a0b88d7f146,-150.0,150.0,0.0,,unknown,Expenses:Uncategorized,0.0,False,,,,,
22-03-2025,/508122788773/ICI2b6ed4a915cb4ba195e6638a0f71,-302.0,302.0,0.0,,unknown,Expenses:Uncategorized,0.0,False,,,,,
22-03-2025,/544772415117/ICI15af8b9c6b334c09afe09c511d69,-400.0,400.0,0.0,,unknown,Expenses:Uncategorized,0.0,False,,,,,
22-03-2025,Charte/508156623452/AXIc26b71594de4441497577,1.0,0.0,1.0,,salary,Income:Salary,0.3,False,,,,,
23-03-2025,/544882273470/ICI234a8826f14d4871a64c6d35db93,-405.0,405.0,0.0,,unknown,Expenses:Uncategorized,0.0,False,,,,,
23-03-2025,LIMITE/544882077611/ICI415945d174dc4da6b523e,-275.0,275.0,0.0,,unknown,Expenses:Uncategorized,0.0,False,,,,,
23-03-2025,LIMITE/544858773249/ICIcc4a2ddf8139497aae5c0e,-305.0,305.0,0.0,,unknown,Expenses:Uncategorized,0.0,False,,,,,
23-03-2025,LIMITE/544872188618/ICI21dff973a8fa48edb912689,-65.0,65.0,0.0,,food,Expenses:Food:Restaurant,0.2,False,,,,,
23-03-2025,BANK/544807492139/ICIae97c2184a844c2bb6c145c,-238.6,238.6,0.0,,unknown,Expenses:Uncategorized,0.0,False,,,,,
23-03-2025,LTD/508289403189/ICId32a2475e16f4e4bae970feab,-773.0,773.0,0.0,,unknown,Expenses:Uncategorized,0.0,False,,,,,
23-03-2025,LIMITE/508298905933/ICIaeddb1edb5e2497798770,-50.0,50.0,0.0,,food,Expenses:Food:Restaurant,0.2,False,,,,,
24-03-2025,I/508322734284/ICId48968ca026746ba9d83a61894b,-106.0,106.0,0.0,,unknown,Expenses:Uncategorized,0.0,False,,,,,
24-03-2025,INDIATOURISM-PFMSPAO-0306002100326076-,3278.0,0.0,3278.0,57999.05,salary,Income:Salary,0.3,False,,,,,
24-03-2025,LIMITE/508362550660/ICI46089984f1c241749b219c,-65.0,65.0,0.0,57934.05,food,Expenses:Food:Restaurant,0.2,False,,,,,
24-03-2025,LTD/100226562231/HDF278F675D50C64747A3E2F8,-35284.0,35284.0,0.0,22651.05,shopping,Expenses:Shopping,0.3,False,,,,,
24-03-2025,218610004783: Closure Proceeds,30539.0,0.0,30539.0,53190.05,salary,Income:Salary,0.5,False,,,,,
24-03-2025,PTY/508356463692/ICI486dbb724e3b45c9b142ae3c,-20.0,20.0,0.0,53170.05,food,Expenses:Food:Restaurant,0.2,False,,,,,
25-03-2025,LIMITE/508433970980/ICI9e583afa587b4d91bde01d,-362.0,362.0,0.0,52808.05,unknown,Expenses:Uncategorized,0.0,False,,,,,
25-03-2025,LIMITE/508492770612/ICIb702bda068eb442cbc2b8,-49.0,49.0,0.0,52759.05,food,Expenses:Food:Restaurant,0.2,False,,,,,
25-03-2025,I/508441024142/SBI1395088e930c4ab0b69bbbec63,15000.0,0.0,15000.0,67759.05,salary,Income:Salary,0.5,False,,,,,
25-03-2025,Dr Tran For Funding A/c 218625003016,-5000.0,5000.0,0.0,62759.05,shopping,Expenses:Shopping,0.3,False,,,,,
25-03-2025,LIMITE/508495798241/ICI17345231265e49b1851687,-434.0,434.0,0.0,62325.05,unknown,Expenses:Uncategorized,0.0,False,,,,,
25-03-2025,LIMITE/508458487667/ICI0f210794e2554ff7a49b068,-201.0,201.0,0.0,62124.05,unknown,Expenses:Uncategorized,0.0,False,,,,,
25-03-2025,LIMITE/545003501077/ICIabbd12aa9fd24d1a95867e,-63.0,63.0,0.0,62061.05,investment,Expenses:Investment,0.8,False,,,,,
25-03-2025,OF/545036022583/ICI6921cb88744f4e9faaf306df16a,-240.0,240.0,0.0,61821.05,unknown,Expenses:Uncategorized,0.0,False,,,,,
25-03-2025,LIMITE/545044131745/ICI0290f588838f40578ef6dd1,-35.0,35.0,0.0,61786.05,food,Expenses:Food:Restaurant,0.2,False,,,,,
25-03-2025,BANK/545082821092/ICI192cfc996af949508738d1e,-10.0,10.0,0.0,61776.05,food,Expenses:Food:Restaurant,0.2,False,,,,,
26-03-2025,BANK/545145545810/ICI8e2215be4edd4b90aa16f4f,-3200.0,3200.0,0.0,58576.05,shopping,Expenses:Shopping,0.3,False,,,,,
26-03-2025,BANK/545129664884/ICI925ebe53d40a42b1bb0f1fa,-124.0,124.0,0.0,58452.05,unknown,Expenses:Uncategorized,0.0,False,,,,,
26-03-2025,BANK/545157277250/ICI5b444228a31e4e66956ab7,-85.0,85.0,0.0,58367.05,food,Expenses:Food:Restaurant,0.2,False,,,,,
26-03-2025,LTD/508517800063/PLUTUSDQR000000000000000,-630.0,630.0,0.0,57737.05,unknown,Expenses:Uncategorized,0.0,False,,,,,
26-03-2025,I/545176093994/ICIfc3563a5bd824d4e82461a5ac3a,-110.0,110.0,0.0,57627.05,unknown,Expenses:Uncategorized,0.0,False,,,,,
27-03-2025,I/508663408646/ICI31f276d5a63747d3b20c55b5b0d,-15650.0,15650.0,0.0,41977.05,shopping,Expenses:Shopping,0.3,False,,,,,
27-03-2025,LTD/508640521127/ICI18952d8a82e74a068a9fce1c4,-1300.0,1300.0,0.0,40677.05,shopping,Expenses:Shopping,0.3,False,,,,,
27-03-2025,LTD/100242821572/HDF31236F2D9232943FE0634E,-365.0,365.0,0.0,40312.05,unknown,Expenses:Uncategorized,0.0,False,,,,,
27-03-2025,LTD/100242840965/HDFE8094724D58744A2892960,91.96,0.0,91.96,40404.01,salary,Income:Salary,0.3,False,,,,,
27-03-2025,LTD/508651136437/ICI8271e3a2707b4a44a774d073,-373.0,373.0,0.0,40031.01,unknown,Expenses:Uncategorized,0.0,False,,,,,
27-03-2025,LTD/508687821132/PLUTUSDQR000000000000000,-110.0,110.0,0.0,39921.01,unknown,Expenses:Uncategorized,0.0,False,,,,,
28-03-2025,/508753164898/ICIdd05b0586b964c9d877042bfd27,-320.0,320.0,0.0,39601.01,investment,Expenses:Investment,0.8,False,,,,,
29-03-2025,218601511117:Int.Pd:31-12-2024 to 28-03-2025,740.0,0.0,740.0,40341.01,salary,Income:Salary,0.3,False,,,,,
29-03-2025,OVERSEAS/545445736770/ICIc2349e93ebf549f79da,-320.0,320.0,0.0,40021.01,unknown,Expenses:Uncategorized,0.0,False,,,,,
29-03-2025,BANK/545446838929/ICI7aa0ab974ea549d285b31a,-230.0,230.0,0.0,39791.01,unknown,Expenses:Uncategorized,0.0,False,,,,,
29-03-2025,LTD/545419649397/ICI8b53409635da49378018d4cc,-510.0,510.0,0.0,39281.01,unknown,Expenses:Uncategorized,0.0,False,,,,,
29-03-2025,BANK/545480848341/ICI8f6d67cd800745518b2b721,-1128.0,1128.0,0.0,38153.01,shopping,Expenses:Shopping,0.3,False,,,,,
29-03-2025,OF/545481533498/ICIb42ee85890fe45fba6159a8723,-50.0,50.0,0.0,38103.01,food,Expenses:Food:Restaurant,0.2,False,,,,,
29-03-2025,BANK/508836607255/AXI2ce200bc65a34e75b020c6,6000.0,0.0,6000.0,44103.01,salary,Income:Salary,0.3,False,,,,,
29-03-2025,BANK/545478270421/ICI3323db476a6f4e488855f0e,-329.0,329.0,0.0,43774.01,unknown,Expenses:Uncategorized,0.0,False,,,,,
29-03-2025,LIMITE/545427967188/ICIbf270e8e6d284f27b47dc2,-35.0,35.0,0.0,43739.01,food,Expenses:Food:Restaurant,0.2,False,,,,,
29-03-2025,LTD/545430563039/ICI25982a42177542cfb2c6c4a6e,-55.0,55.0,0.0,43684.01,food,Expenses:Food:Restaurant,0.2,False,,,,,
30-03-2025,LIMITE/508924705110/ICI2930a4e317ed44e7ad2f34,-110.0,110.0,0.0,43574.01,unknown,Expenses:Uncategorized,0.0,False,,,,,
31-03-2025,2172202/YJPb254ce472cc7429aa3a987e481927e68/,-45.0,45.0,0.0,43529.01,food,Expenses:Food:Restaurant,0.2,False,,,,,
31-03-2025,1870762/YJP26561d659cd045fab989bfeafe528555/,-39.0,39.0,0.0,43490.01,food,Expenses:Food:Restaurant,0.2,False,,,,,
31-03-2025,/509027778159/ICIe191295469e0486389f24556199b,-2500.0,2500.0,0.0,62990.01,shopping,Expenses:Shopping,0.3,False,,,,,
31-03-2025,LTD/509029879464/ICIc00dc2ff1fa140afb5616b4550,-528.0,528.0,0.0,55074.3,unknown,Expenses:Uncategorized,0.0,False,,,,,
31-03-2025,INDIA/509058877722/ICI6f42e18372544be68b709c5,-30.0,30.0,0.0,55044.3,food,Expenses:Food:Restaurant,0.2,False,,,,,
31-03-2025,LIMITE/509058583934/ICI84f04ff23aef482bbb3d85d,-70.0,70.0,0.0,54974.3,food,Expenses:Food:Restaurant,0.2,False,,,,,
31-03-2025,I/509077488973/ICI41b71b1a6cbb4174886d4226989,-210.0,210.0,0.0,54764.3,unknown,Expenses:Uncategorized,0.0,False,,,,,
