2025-08-15 17:22:14,426 - __main__ - INFO - Parsing Excel file: OpTransactionHistory15-08-2025.xls
2025-08-15 17:22:14,426 - ExcelTemplateManager - INFO - Loaded template: ICICI Bank Statement Excel Template
2025-08-15 17:22:14,426 - ExcelTransactionParser - INFO - Parsing Excel file: OpTransactionHistory15-08-2025.xls
2025-08-15 17:22:14,448 - ExcelTransactionParser - INFO - Successfully read Excel file with xlrd engine
2025-08-15 17:22:14,449 - ExcelTransactionParser - INFO - Read 1021 rows and 9 columns
2025-08-15 17:22:14,449 - ExcelTransactionParser - INFO - Columns: ['Unnamed: 0', 'Unnamed: 1', 'Unnamed: 2', 'Unnamed: 3', 'Unnamed: 4', 'Unnamed: 5', 'Unnamed: 6', 'Unnamed: 7', 'Unnamed: 8']
2025-08-15 17:22:14,449 - ExcelTransactionParser - INFO - Using template-based parsing
2025-08-15 17:22:14,449 - ExcelTemplateManager - INFO - Parsing Excel file with template
2025-08-15 17:22:14,449 - ExcelTemplateManager - INFO - Detected header row at index 11 with 6 pattern matches
2025-08-15 17:22:14,449 - ExcelTemplateManager - INFO - Mapped date to column 3 (Unnamed: 3)
2025-08-15 17:22:14,449 - ExcelTemplateManager - INFO - Mapped value_date to column 2 (Unnamed: 2)
2025-08-15 17:22:14,449 - ExcelTemplateManager - INFO - Mapped description to column 5 (Unnamed: 5)
2025-08-15 17:22:14,449 - ExcelTemplateManager - INFO - Mapped reference to column 4 (Unnamed: 4)
2025-08-15 17:22:14,449 - ExcelTemplateManager - INFO - Mapped debit to column 6 (Unnamed: 6)
2025-08-15 17:22:14,449 - ExcelTemplateManager - INFO - Mapped credit to column 7 (Unnamed: 7)
2025-08-15 17:22:14,449 - ExcelTemplateManager - INFO - Mapped balance to column 8 (Unnamed: 8)
2025-08-15 17:22:14,449 - ExcelTemplateManager - INFO - Data starts at row 12
2025-08-15 17:22:14,452 - ExcelTemplateManager - WARNING - Could not parse date: 01/13/25
2025-08-15 17:22:14,452 - ExcelTemplateManager - WARNING - Could not parse date: 01/13/25
2025-08-15 17:22:14,452 - ExcelTemplateManager - WARNING - Could not parse date: 01/13/25
2025-08-15 17:22:14,452 - ExcelTemplateManager - WARNING - Could not parse date: 01/13/25
2025-08-15 17:22:14,452 - ExcelTemplateManager - WARNING - Could not parse date: 01/13/25
2025-08-15 17:22:14,453 - ExcelTemplateManager - WARNING - Could not parse date: 01/13/25
2025-08-15 17:22:14,453 - ExcelTemplateManager - WARNING - Could not parse date: 01/14/25
2025-08-15 17:22:14,453 - ExcelTemplateManager - WARNING - Could not parse date: 01/14/25
2025-08-15 17:22:14,453 - ExcelTemplateManager - WARNING - Could not parse date: 01/14/25
2025-08-15 17:22:14,453 - ExcelTemplateManager - WARNING - Could not parse date: 01/14/25
2025-08-15 17:22:14,453 - ExcelTemplateManager - WARNING - Could not parse date: 01/15/25
2025-08-15 17:22:14,453 - ExcelTemplateManager - WARNING - Could not parse date: 01/15/25
2025-08-15 17:22:14,453 - ExcelTemplateManager - WARNING - Could not parse date: 01/15/25
2025-08-15 17:22:14,453 - ExcelTemplateManager - WARNING - Could not parse date: 01/15/25
2025-08-15 17:22:14,453 - ExcelTemplateManager - WARNING - Could not parse date: 01/16/25
2025-08-15 17:22:14,453 - ExcelTemplateManager - WARNING - Could not parse date: 01/16/25
2025-08-15 17:22:14,453 - ExcelTemplateManager - WARNING - Could not parse date: 01/17/25
2025-08-15 17:22:14,453 - ExcelTemplateManager - WARNING - Could not parse date: 01/17/25
2025-08-15 17:22:14,454 - ExcelTemplateManager - WARNING - Could not parse date: 01/17/25
2025-08-15 17:22:14,454 - ExcelTemplateManager - WARNING - Could not parse date: 01/17/25
2025-08-15 17:22:14,454 - ExcelTemplateManager - WARNING - Could not parse date: 01/17/25
2025-08-15 17:22:14,454 - ExcelTemplateManager - WARNING - Could not parse date: 01/17/25
2025-08-15 17:22:14,454 - ExcelTemplateManager - WARNING - Could not parse date: 01/17/25
2025-08-15 17:22:14,454 - ExcelTemplateManager - WARNING - Could not parse date: 01/17/25
2025-08-15 17:22:14,454 - ExcelTemplateManager - WARNING - Could not parse date: 01/17/25
2025-08-15 17:22:14,454 - ExcelTemplateManager - WARNING - Could not parse date: 01/17/25
2025-08-15 17:22:14,454 - ExcelTemplateManager - WARNING - Could not parse date: 01/17/25
2025-08-15 17:22:14,454 - ExcelTemplateManager - WARNING - Could not parse date: 01/17/25
2025-08-15 17:22:14,455 - ExcelTemplateManager - WARNING - Could not parse date: 01/18/25
2025-08-15 17:22:14,455 - ExcelTemplateManager - WARNING - Could not parse date: 01/18/25
2025-08-15 17:22:14,455 - ExcelTemplateManager - WARNING - Could not parse date: 01/18/25
2025-08-15 17:22:14,455 - ExcelTemplateManager - WARNING - Could not parse date: 01/18/25
2025-08-15 17:22:14,455 - ExcelTemplateManager - WARNING - Could not parse date: 01/20/25
2025-08-15 17:22:14,455 - ExcelTemplateManager - WARNING - Could not parse date: 01/20/25
2025-08-15 17:22:14,455 - ExcelTemplateManager - WARNING - Could not parse date: 01/20/25
2025-08-15 17:22:14,455 - ExcelTemplateManager - WARNING - Could not parse date: 01/20/25
2025-08-15 17:22:14,455 - ExcelTemplateManager - WARNING - Could not parse date: 01/21/25
2025-08-15 17:22:14,455 - ExcelTemplateManager - WARNING - Could not parse date: 01/21/25
2025-08-15 17:22:14,455 - ExcelTemplateManager - WARNING - Could not parse date: 01/21/25
2025-08-15 17:22:14,456 - ExcelTemplateManager - WARNING - Could not parse date: 01/21/25
2025-08-15 17:22:14,456 - ExcelTemplateManager - WARNING - Could not parse date: 01/21/25
2025-08-15 17:22:14,456 - ExcelTemplateManager - WARNING - Could not parse date: 01/21/25
2025-08-15 17:22:14,456 - ExcelTemplateManager - WARNING - Could not parse date: 01/22/25
2025-08-15 17:22:14,456 - ExcelTemplateManager - WARNING - Could not parse date: 01/22/25
2025-08-15 17:22:14,456 - ExcelTemplateManager - WARNING - Could not parse date: 01/22/25
2025-08-15 17:22:14,456 - ExcelTemplateManager - WARNING - Could not parse date: 01/22/25
2025-08-15 17:22:14,456 - ExcelTemplateManager - WARNING - Could not parse date: 01/23/25
2025-08-15 17:22:14,456 - ExcelTemplateManager - WARNING - Could not parse date: 01/23/25
2025-08-15 17:22:14,456 - ExcelTemplateManager - WARNING - Could not parse date: 01/23/25
2025-08-15 17:22:14,456 - ExcelTemplateManager - WARNING - Could not parse date: 01/23/25
2025-08-15 17:22:14,456 - ExcelTemplateManager - WARNING - Could not parse date: 01/23/25
2025-08-15 17:22:14,456 - ExcelTemplateManager - WARNING - Could not parse date: 01/23/25
2025-08-15 17:22:14,457 - ExcelTemplateManager - WARNING - Could not parse date: 01/23/25
2025-08-15 17:22:14,457 - ExcelTemplateManager - WARNING - Could not parse date: 01/23/25
2025-08-15 17:22:14,457 - ExcelTemplateManager - WARNING - Could not parse date: 01/24/25
2025-08-15 17:22:14,457 - ExcelTemplateManager - WARNING - Could not parse date: 01/24/25
2025-08-15 17:22:14,457 - ExcelTemplateManager - WARNING - Could not parse date: 01/24/25
2025-08-15 17:22:14,457 - ExcelTemplateManager - WARNING - Could not parse date: 01/24/25
2025-08-15 17:22:14,457 - ExcelTemplateManager - WARNING - Could not parse date: 01/25/25
2025-08-15 17:22:14,457 - ExcelTemplateManager - WARNING - Could not parse date: 01/25/25
2025-08-15 17:22:14,457 - ExcelTemplateManager - WARNING - Could not parse date: 01/25/25
2025-08-15 17:22:14,457 - ExcelTemplateManager - WARNING - Could not parse date: 01/25/25
2025-08-15 17:22:14,457 - ExcelTemplateManager - WARNING - Could not parse date: 01/25/25
2025-08-15 17:22:14,457 - ExcelTemplateManager - WARNING - Could not parse date: 01/25/25
2025-08-15 17:22:14,457 - ExcelTemplateManager - WARNING - Could not parse date: 01/26/25
2025-08-15 17:22:14,458 - ExcelTemplateManager - WARNING - Could not parse date: 01/26/25
2025-08-15 17:22:14,458 - ExcelTemplateManager - WARNING - Could not parse date: 01/26/25
2025-08-15 17:22:14,458 - ExcelTemplateManager - WARNING - Could not parse date: 01/26/25
2025-08-15 17:22:14,458 - ExcelTemplateManager - WARNING - Could not parse date: 01/27/25
2025-08-15 17:22:14,458 - ExcelTemplateManager - WARNING - Could not parse date: 01/27/25
2025-08-15 17:22:14,458 - ExcelTemplateManager - WARNING - Could not parse date: 01/27/25
2025-08-15 17:22:14,458 - ExcelTemplateManager - WARNING - Could not parse date: 01/27/25
2025-08-15 17:22:14,458 - ExcelTemplateManager - WARNING - Could not parse date: 01/27/25
2025-08-15 17:22:14,458 - ExcelTemplateManager - WARNING - Could not parse date: 01/27/25
2025-08-15 17:22:14,458 - ExcelTemplateManager - WARNING - Could not parse date: 01/27/25
2025-08-15 17:22:14,458 - ExcelTemplateManager - WARNING - Could not parse date: 01/27/25
2025-08-15 17:22:14,458 - ExcelTemplateManager - WARNING - Could not parse date: 01/27/25
2025-08-15 17:22:14,458 - ExcelTemplateManager - WARNING - Could not parse date: 01/27/25
2025-08-15 17:22:14,459 - ExcelTemplateManager - WARNING - Could not parse date: 01/27/25
2025-08-15 17:22:14,459 - ExcelTemplateManager - WARNING - Could not parse date: 01/27/25
2025-08-15 17:22:14,459 - ExcelTemplateManager - WARNING - Could not parse date: 01/28/25
2025-08-15 17:22:14,459 - ExcelTemplateManager - WARNING - Could not parse date: 01/28/25
2025-08-15 17:22:14,459 - ExcelTemplateManager - WARNING - Could not parse date: 01/28/25
2025-08-15 17:22:14,459 - ExcelTemplateManager - WARNING - Could not parse date: 01/28/25
2025-08-15 17:22:14,459 - ExcelTemplateManager - WARNING - Could not parse date: 01/28/25
2025-08-15 17:22:14,459 - ExcelTemplateManager - WARNING - Could not parse date: 01/28/25
2025-08-15 17:22:14,459 - ExcelTemplateManager - WARNING - Could not parse date: 01/29/25
2025-08-15 17:22:14,460 - ExcelTemplateManager - WARNING - Could not parse date: 01/29/25
2025-08-15 17:22:14,460 - ExcelTemplateManager - WARNING - Could not parse date: 01/29/25
2025-08-15 17:22:14,460 - ExcelTemplateManager - WARNING - Could not parse date: 01/29/25
2025-08-15 17:22:14,460 - ExcelTemplateManager - WARNING - Could not parse date: 01/30/25
2025-08-15 17:22:14,460 - ExcelTemplateManager - WARNING - Could not parse date: 01/30/25
2025-08-15 17:22:14,460 - ExcelTemplateManager - WARNING - Could not parse date: 01/30/25
2025-08-15 17:22:14,461 - ExcelTemplateManager - WARNING - Could not parse date: 01/30/25
2025-08-15 17:22:14,461 - ExcelTemplateManager - WARNING - Could not parse date: 01/30/25
2025-08-15 17:22:14,461 - ExcelTemplateManager - WARNING - Could not parse date: 01/30/25
2025-08-15 17:22:14,461 - ExcelTemplateManager - WARNING - Could not parse date: 01/31/25
2025-08-15 17:22:14,461 - ExcelTemplateManager - WARNING - Could not parse date: 01/31/25
2025-08-15 17:22:14,461 - ExcelTemplateManager - WARNING - Could not parse date: 01/31/25
2025-08-15 17:22:14,461 - ExcelTemplateManager - WARNING - Could not parse date: 01/31/25
2025-08-15 17:22:14,461 - ExcelTemplateManager - WARNING - Could not parse date: 01/31/25
2025-08-15 17:22:14,461 - ExcelTemplateManager - WARNING - Could not parse date: 01/31/25
2025-08-15 17:22:14,461 - ExcelTemplateManager - WARNING - Could not parse date: 01/31/25
2025-08-15 17:22:14,461 - ExcelTemplateManager - WARNING - Could not parse date: 01/31/25
2025-08-15 17:22:14,465 - ExcelTemplateManager - WARNING - Could not parse date: 02/13/25
2025-08-15 17:22:14,465 - ExcelTemplateManager - WARNING - Could not parse date: 02/13/25
2025-08-15 17:22:14,465 - ExcelTemplateManager - WARNING - Could not parse date: 02/13/25
2025-08-15 17:22:14,465 - ExcelTemplateManager - WARNING - Could not parse date: 02/13/25
2025-08-15 17:22:14,465 - ExcelTemplateManager - WARNING - Could not parse date: 02/13/25
2025-08-15 17:22:14,465 - ExcelTemplateManager - WARNING - Could not parse date: 02/13/25
2025-08-15 17:22:14,465 - ExcelTemplateManager - WARNING - Could not parse date: 02/13/25
2025-08-15 17:22:14,466 - ExcelTemplateManager - WARNING - Could not parse date: 02/13/25
2025-08-15 17:22:14,466 - ExcelTemplateManager - WARNING - Could not parse date: 02/13/25
2025-08-15 17:22:14,467 - ExcelTemplateManager - WARNING - Could not parse date: 02/13/25
2025-08-15 17:22:14,467 - ExcelTemplateManager - WARNING - Could not parse date: 02/14/25
2025-08-15 17:22:14,467 - ExcelTemplateManager - WARNING - Could not parse date: 02/14/25
2025-08-15 17:22:14,467 - ExcelTemplateManager - WARNING - Could not parse date: 02/14/25
2025-08-15 17:22:14,467 - ExcelTemplateManager - WARNING - Could not parse date: 02/14/25
2025-08-15 17:22:14,467 - ExcelTemplateManager - WARNING - Could not parse date: 02/14/25
2025-08-15 17:22:14,467 - ExcelTemplateManager - WARNING - Could not parse date: 02/14/25
2025-08-15 17:22:14,467 - ExcelTemplateManager - WARNING - Could not parse date: 02/14/25
2025-08-15 17:22:14,467 - ExcelTemplateManager - WARNING - Could not parse date: 02/14/25
2025-08-15 17:22:14,467 - ExcelTemplateManager - WARNING - Could not parse date: 02/14/25
2025-08-15 17:22:14,467 - ExcelTemplateManager - WARNING - Could not parse date: 02/14/25
2025-08-15 17:22:14,468 - ExcelTemplateManager - WARNING - Could not parse date: 02/14/25
2025-08-15 17:22:14,468 - ExcelTemplateManager - WARNING - Could not parse date: 02/14/25
2025-08-15 17:22:14,468 - ExcelTemplateManager - WARNING - Could not parse date: 02/14/25
2025-08-15 17:22:14,468 - ExcelTemplateManager - WARNING - Could not parse date: 02/14/25
2025-08-15 17:22:14,468 - ExcelTemplateManager - WARNING - Could not parse date: 02/16/25
2025-08-15 17:22:14,468 - ExcelTemplateManager - WARNING - Could not parse date: 02/16/25
2025-08-15 17:22:14,468 - ExcelTemplateManager - WARNING - Could not parse date: 02/16/25
2025-08-15 17:22:14,468 - ExcelTemplateManager - WARNING - Could not parse date: 02/16/25
2025-08-15 17:22:14,468 - ExcelTemplateManager - WARNING - Could not parse date: 02/17/25
2025-08-15 17:22:14,468 - ExcelTemplateManager - WARNING - Could not parse date: 02/17/25
2025-08-15 17:22:14,468 - ExcelTemplateManager - WARNING - Could not parse date: 02/17/25
2025-08-15 17:22:14,468 - ExcelTemplateManager - WARNING - Could not parse date: 02/17/25
2025-08-15 17:22:14,468 - ExcelTemplateManager - WARNING - Could not parse date: 02/17/25
2025-08-15 17:22:14,469 - ExcelTemplateManager - WARNING - Could not parse date: 02/17/25
2025-08-15 17:22:14,469 - ExcelTemplateManager - WARNING - Could not parse date: 02/17/25
2025-08-15 17:22:14,469 - ExcelTemplateManager - WARNING - Could not parse date: 02/17/25
2025-08-15 17:22:14,469 - ExcelTemplateManager - WARNING - Could not parse date: 02/17/25
2025-08-15 17:22:14,469 - ExcelTemplateManager - WARNING - Could not parse date: 02/17/25
2025-08-15 17:22:14,469 - ExcelTemplateManager - WARNING - Could not parse date: 02/17/25
2025-08-15 17:22:14,469 - ExcelTemplateManager - WARNING - Could not parse date: 02/17/25
2025-08-15 17:22:14,469 - ExcelTemplateManager - WARNING - Could not parse date: 02/17/25
2025-08-15 17:22:14,469 - ExcelTemplateManager - WARNING - Could not parse date: 02/17/25
2025-08-15 17:22:14,469 - ExcelTemplateManager - WARNING - Could not parse date: 02/18/25
2025-08-15 17:22:14,469 - ExcelTemplateManager - WARNING - Could not parse date: 02/18/25
2025-08-15 17:22:14,469 - ExcelTemplateManager - WARNING - Could not parse date: 02/18/25
2025-08-15 17:22:14,469 - ExcelTemplateManager - WARNING - Could not parse date: 02/18/25
2025-08-15 17:22:14,470 - ExcelTemplateManager - WARNING - Could not parse date: 02/19/25
2025-08-15 17:22:14,470 - ExcelTemplateManager - WARNING - Could not parse date: 02/19/25
2025-08-15 17:22:14,470 - ExcelTemplateManager - WARNING - Could not parse date: 02/19/25
2025-08-15 17:22:14,470 - ExcelTemplateManager - WARNING - Could not parse date: 02/19/25
2025-08-15 17:22:14,470 - ExcelTemplateManager - WARNING - Could not parse date: 02/19/25
2025-08-15 17:22:14,470 - ExcelTemplateManager - WARNING - Could not parse date: 02/19/25
2025-08-15 17:22:14,470 - ExcelTemplateManager - WARNING - Could not parse date: 02/19/25
2025-08-15 17:22:14,470 - ExcelTemplateManager - WARNING - Could not parse date: 02/19/25
2025-08-15 17:22:14,470 - ExcelTemplateManager - WARNING - Could not parse date: 02/19/25
2025-08-15 17:22:14,471 - ExcelTemplateManager - WARNING - Could not parse date: 02/19/25
2025-08-15 17:22:14,471 - ExcelTemplateManager - WARNING - Could not parse date: 02/19/25
2025-08-15 17:22:14,471 - ExcelTemplateManager - WARNING - Could not parse date: 02/19/25
2025-08-15 17:22:14,471 - ExcelTemplateManager - WARNING - Could not parse date: 02/19/25
2025-08-15 17:22:14,471 - ExcelTemplateManager - WARNING - Could not parse date: 02/19/25
2025-08-15 17:22:14,471 - ExcelTemplateManager - WARNING - Could not parse date: 02/20/25
2025-08-15 17:22:14,471 - ExcelTemplateManager - WARNING - Could not parse date: 02/20/25
2025-08-15 17:22:14,471 - ExcelTemplateManager - WARNING - Could not parse date: 02/20/25
2025-08-15 17:22:14,471 - ExcelTemplateManager - WARNING - Could not parse date: 02/20/25
2025-08-15 17:22:14,471 - ExcelTemplateManager - WARNING - Could not parse date: 02/20/25
2025-08-15 17:22:14,471 - ExcelTemplateManager - WARNING - Could not parse date: 02/20/25
2025-08-15 17:22:14,471 - ExcelTemplateManager - WARNING - Could not parse date: 02/20/25
2025-08-15 17:22:14,471 - ExcelTemplateManager - WARNING - Could not parse date: 02/20/25
2025-08-15 17:22:14,472 - ExcelTemplateManager - WARNING - Could not parse date: 02/21/25
2025-08-15 17:22:14,472 - ExcelTemplateManager - WARNING - Could not parse date: 02/21/25
2025-08-15 17:22:14,472 - ExcelTemplateManager - WARNING - Could not parse date: 02/21/25
2025-08-15 17:22:14,472 - ExcelTemplateManager - WARNING - Could not parse date: 02/21/25
2025-08-15 17:22:14,472 - ExcelTemplateManager - WARNING - Could not parse date: 02/22/25
2025-08-15 17:22:14,472 - ExcelTemplateManager - WARNING - Could not parse date: 02/22/25
2025-08-15 17:22:14,472 - ExcelTemplateManager - WARNING - Could not parse date: 02/22/25
2025-08-15 17:22:14,472 - ExcelTemplateManager - WARNING - Could not parse date: 02/22/25
2025-08-15 17:22:14,472 - ExcelTemplateManager - WARNING - Could not parse date: 02/22/25
2025-08-15 17:22:14,472 - ExcelTemplateManager - WARNING - Could not parse date: 02/22/25
2025-08-15 17:22:14,472 - ExcelTemplateManager - WARNING - Could not parse date: 02/22/25
2025-08-15 17:22:14,472 - ExcelTemplateManager - WARNING - Could not parse date: 02/22/25
2025-08-15 17:22:14,472 - ExcelTemplateManager - WARNING - Could not parse date: 02/22/25
2025-08-15 17:22:14,472 - ExcelTemplateManager - WARNING - Could not parse date: 02/22/25
2025-08-15 17:22:14,473 - ExcelTemplateManager - WARNING - Could not parse date: 02/23/25
2025-08-15 17:22:14,473 - ExcelTemplateManager - WARNING - Could not parse date: 02/23/25
2025-08-15 17:22:14,473 - ExcelTemplateManager - WARNING - Could not parse date: 02/23/25
2025-08-15 17:22:14,473 - ExcelTemplateManager - WARNING - Could not parse date: 02/23/25
2025-08-15 17:22:14,473 - ExcelTemplateManager - WARNING - Could not parse date: 02/23/25
2025-08-15 17:22:14,473 - ExcelTemplateManager - WARNING - Could not parse date: 02/23/25
2025-08-15 17:22:14,473 - ExcelTemplateManager - WARNING - Could not parse date: 02/23/25
2025-08-15 17:22:14,473 - ExcelTemplateManager - WARNING - Could not parse date: 02/23/25
2025-08-15 17:22:14,473 - ExcelTemplateManager - WARNING - Could not parse date: 02/23/25
2025-08-15 17:22:14,473 - ExcelTemplateManager - WARNING - Could not parse date: 02/23/25
2025-08-15 17:22:14,473 - ExcelTemplateManager - WARNING - Could not parse date: 02/23/25
2025-08-15 17:22:14,473 - ExcelTemplateManager - WARNING - Could not parse date: 02/23/25
2025-08-15 17:22:14,474 - ExcelTemplateManager - WARNING - Could not parse date: 02/23/25
2025-08-15 17:22:14,474 - ExcelTemplateManager - WARNING - Could not parse date: 02/23/25
2025-08-15 17:22:14,474 - ExcelTemplateManager - WARNING - Could not parse date: 02/23/25
2025-08-15 17:22:14,474 - ExcelTemplateManager - WARNING - Could not parse date: 02/23/25
2025-08-15 17:22:14,474 - ExcelTemplateManager - WARNING - Could not parse date: 02/23/25
2025-08-15 17:22:14,474 - ExcelTemplateManager - WARNING - Could not parse date: 02/23/25
2025-08-15 17:22:14,474 - ExcelTemplateManager - WARNING - Could not parse date: 02/23/25
2025-08-15 17:22:14,474 - ExcelTemplateManager - WARNING - Could not parse date: 02/23/25
2025-08-15 17:22:14,474 - ExcelTemplateManager - WARNING - Could not parse date: 02/23/25
2025-08-15 17:22:14,474 - ExcelTemplateManager - WARNING - Could not parse date: 02/23/25
2025-08-15 17:22:14,474 - ExcelTemplateManager - WARNING - Could not parse date: 02/23/25
2025-08-15 17:22:14,474 - ExcelTemplateManager - WARNING - Could not parse date: 02/23/25
2025-08-15 17:22:14,474 - ExcelTemplateManager - WARNING - Could not parse date: 02/23/25
2025-08-15 17:22:14,474 - ExcelTemplateManager - WARNING - Could not parse date: 02/23/25
2025-08-15 17:22:14,475 - ExcelTemplateManager - WARNING - Could not parse date: 02/23/25
2025-08-15 17:22:14,475 - ExcelTemplateManager - WARNING - Could not parse date: 02/23/25
2025-08-15 17:22:14,475 - ExcelTemplateManager - WARNING - Could not parse date: 02/23/25
2025-08-15 17:22:14,475 - ExcelTemplateManager - WARNING - Could not parse date: 02/23/25
2025-08-15 17:22:14,475 - ExcelTemplateManager - WARNING - Could not parse date: 02/24/25
2025-08-15 17:22:14,475 - ExcelTemplateManager - WARNING - Could not parse date: 02/24/25
2025-08-15 17:22:14,475 - ExcelTemplateManager - WARNING - Could not parse date: 02/24/25
2025-08-15 17:22:14,475 - ExcelTemplateManager - WARNING - Could not parse date: 02/24/25
2025-08-15 17:22:14,475 - ExcelTemplateManager - WARNING - Could not parse date: 02/24/25
2025-08-15 17:22:14,475 - ExcelTemplateManager - WARNING - Could not parse date: 02/24/25
2025-08-15 17:22:14,475 - ExcelTemplateManager - WARNING - Could not parse date: 02/24/25
2025-08-15 17:22:14,475 - ExcelTemplateManager - WARNING - Could not parse date: 02/24/25
2025-08-15 17:22:14,476 - ExcelTemplateManager - WARNING - Could not parse date: 02/24/25
2025-08-15 17:22:14,476 - ExcelTemplateManager - WARNING - Could not parse date: 02/24/25
2025-08-15 17:22:14,476 - ExcelTemplateManager - WARNING - Could not parse date: 02/24/25
2025-08-15 17:22:14,476 - ExcelTemplateManager - WARNING - Could not parse date: 02/24/25
2025-08-15 17:22:14,476 - ExcelTemplateManager - WARNING - Could not parse date: 02/24/25
2025-08-15 17:22:14,476 - ExcelTemplateManager - WARNING - Could not parse date: 02/24/25
2025-08-15 17:22:14,476 - ExcelTemplateManager - WARNING - Could not parse date: 02/24/25
2025-08-15 17:22:14,476 - ExcelTemplateManager - WARNING - Could not parse date: 02/24/25
2025-08-15 17:22:14,476 - ExcelTemplateManager - WARNING - Could not parse date: 02/24/25
2025-08-15 17:22:14,476 - ExcelTemplateManager - WARNING - Could not parse date: 02/24/25
2025-08-15 17:22:14,476 - ExcelTemplateManager - WARNING - Could not parse date: 02/24/25
2025-08-15 17:22:14,476 - ExcelTemplateManager - WARNING - Could not parse date: 02/24/25
2025-08-15 17:22:14,476 - ExcelTemplateManager - WARNING - Could not parse date: 02/25/25
2025-08-15 17:22:14,476 - ExcelTemplateManager - WARNING - Could not parse date: 02/25/25
2025-08-15 17:22:14,477 - ExcelTemplateManager - WARNING - Could not parse date: 02/25/25
2025-08-15 17:22:14,477 - ExcelTemplateManager - WARNING - Could not parse date: 02/25/25
2025-08-15 17:22:14,477 - ExcelTemplateManager - WARNING - Could not parse date: 02/25/25
2025-08-15 17:22:14,477 - ExcelTemplateManager - WARNING - Could not parse date: 02/25/25
2025-08-15 17:22:14,477 - ExcelTemplateManager - WARNING - Could not parse date: 02/25/25
2025-08-15 17:22:14,477 - ExcelTemplateManager - WARNING - Could not parse date: 02/25/25
2025-08-15 17:22:14,477 - ExcelTemplateManager - WARNING - Could not parse date: 02/25/25
2025-08-15 17:22:14,477 - ExcelTemplateManager - WARNING - Could not parse date: 02/25/25
2025-08-15 17:22:14,477 - ExcelTemplateManager - WARNING - Could not parse date: 02/26/25
2025-08-15 17:22:14,477 - ExcelTemplateManager - WARNING - Could not parse date: 02/26/25
2025-08-15 17:22:14,477 - ExcelTemplateManager - WARNING - Could not parse date: 02/26/25
2025-08-15 17:22:14,477 - ExcelTemplateManager - WARNING - Could not parse date: 02/26/25
2025-08-15 17:22:14,477 - ExcelTemplateManager - WARNING - Could not parse date: 02/26/25
2025-08-15 17:22:14,478 - ExcelTemplateManager - WARNING - Could not parse date: 02/26/25
2025-08-15 17:22:14,478 - ExcelTemplateManager - WARNING - Could not parse date: 02/26/25
2025-08-15 17:22:14,478 - ExcelTemplateManager - WARNING - Could not parse date: 02/26/25
2025-08-15 17:22:14,478 - ExcelTemplateManager - WARNING - Could not parse date: 02/26/25
2025-08-15 17:22:14,478 - ExcelTemplateManager - WARNING - Could not parse date: 02/26/25
2025-08-15 17:22:14,478 - ExcelTemplateManager - WARNING - Could not parse date: 02/26/25
2025-08-15 17:22:14,478 - ExcelTemplateManager - WARNING - Could not parse date: 02/26/25
2025-08-15 17:22:14,478 - ExcelTemplateManager - WARNING - Could not parse date: 02/27/25
2025-08-15 17:22:14,478 - ExcelTemplateManager - WARNING - Could not parse date: 02/27/25
2025-08-15 17:22:14,478 - ExcelTemplateManager - WARNING - Could not parse date: 02/27/25
2025-08-15 17:22:14,478 - ExcelTemplateManager - WARNING - Could not parse date: 02/27/25
2025-08-15 17:22:14,478 - ExcelTemplateManager - WARNING - Could not parse date: 02/27/25
2025-08-15 17:22:14,478 - ExcelTemplateManager - WARNING - Could not parse date: 02/27/25
2025-08-15 17:22:14,479 - ExcelTemplateManager - WARNING - Could not parse date: 02/27/25
2025-08-15 17:22:14,479 - ExcelTemplateManager - WARNING - Could not parse date: 02/27/25
2025-08-15 17:22:14,479 - ExcelTemplateManager - WARNING - Could not parse date: 02/27/25
2025-08-15 17:22:14,479 - ExcelTemplateManager - WARNING - Could not parse date: 02/27/25
2025-08-15 17:22:14,479 - ExcelTemplateManager - WARNING - Could not parse date: 02/27/25
2025-08-15 17:22:14,479 - ExcelTemplateManager - WARNING - Could not parse date: 02/27/25
2025-08-15 17:22:14,479 - ExcelTemplateManager - WARNING - Could not parse date: 02/27/25
2025-08-15 17:22:14,479 - ExcelTemplateManager - WARNING - Could not parse date: 02/27/25
2025-08-15 17:22:14,479 - ExcelTemplateManager - WARNING - Could not parse date: 02/27/25
2025-08-15 17:22:14,479 - ExcelTemplateManager - WARNING - Could not parse date: 02/27/25
2025-08-15 17:22:14,479 - ExcelTemplateManager - WARNING - Could not parse date: 02/28/25
2025-08-15 17:22:14,480 - ExcelTemplateManager - WARNING - Could not parse date: 02/28/25
2025-08-15 17:22:14,480 - ExcelTemplateManager - WARNING - Could not parse date: 02/28/25
2025-08-15 17:22:14,480 - ExcelTemplateManager - WARNING - Could not parse date: 02/28/25
2025-08-15 17:22:14,480 - ExcelTemplateManager - WARNING - Could not parse date: 02/28/25
2025-08-15 17:22:14,480 - ExcelTemplateManager - WARNING - Could not parse date: 02/28/25
2025-08-15 17:22:14,481 - ExcelTemplateManager - WARNING - Could not parse date: 02/28/25
2025-08-15 17:22:14,481 - ExcelTemplateManager - WARNING - Could not parse date: 02/28/25
2025-08-15 17:22:14,481 - ExcelTemplateManager - WARNING - Could not parse date: 02/28/25
2025-08-15 17:22:14,481 - ExcelTemplateManager - WARNING - Could not parse date: 02/28/25
2025-08-15 17:22:14,481 - ExcelTemplateManager - WARNING - Could not parse date: 02/28/25
2025-08-15 17:22:14,481 - ExcelTemplateManager - WARNING - Could not parse date: 02/28/25
2025-08-15 17:22:14,487 - ExcelTemplateManager - WARNING - Could not parse date: 03/13/25
2025-08-15 17:22:14,487 - ExcelTemplateManager - WARNING - Could not parse date: 03/13/25
2025-08-15 17:22:14,487 - ExcelTemplateManager - WARNING - Could not parse date: 03/13/25
2025-08-15 17:22:14,487 - ExcelTemplateManager - WARNING - Could not parse date: 03/13/25
2025-08-15 17:22:14,487 - ExcelTemplateManager - WARNING - Could not parse date: 03/13/25
2025-08-15 17:22:14,487 - ExcelTemplateManager - WARNING - Could not parse date: 03/13/25
2025-08-15 17:22:14,487 - ExcelTemplateManager - WARNING - Could not parse date: 03/14/25
2025-08-15 17:22:14,487 - ExcelTemplateManager - WARNING - Could not parse date: 03/14/25
2025-08-15 17:22:14,488 - ExcelTemplateManager - WARNING - Could not parse date: 03/15/25
2025-08-15 17:22:14,488 - ExcelTemplateManager - WARNING - Could not parse date: 03/15/25
2025-08-15 17:22:14,488 - ExcelTemplateManager - WARNING - Could not parse date: 03/15/25
2025-08-15 17:22:14,488 - ExcelTemplateManager - WARNING - Could not parse date: 03/15/25
2025-08-15 17:22:14,488 - ExcelTemplateManager - WARNING - Could not parse date: 03/16/25
2025-08-15 17:22:14,488 - ExcelTemplateManager - WARNING - Could not parse date: 03/16/25
2025-08-15 17:22:14,488 - ExcelTemplateManager - WARNING - Could not parse date: 03/16/25
2025-08-15 17:22:14,488 - ExcelTemplateManager - WARNING - Could not parse date: 03/16/25
2025-08-15 17:22:14,488 - ExcelTemplateManager - WARNING - Could not parse date: 03/16/25
2025-08-15 17:22:14,488 - ExcelTemplateManager - WARNING - Could not parse date: 03/16/25
2025-08-15 17:22:14,488 - ExcelTemplateManager - WARNING - Could not parse date: 03/16/25
2025-08-15 17:22:14,488 - ExcelTemplateManager - WARNING - Could not parse date: 03/16/25
2025-08-15 17:22:14,489 - ExcelTemplateManager - WARNING - Could not parse date: 03/16/25
2025-08-15 17:22:14,489 - ExcelTemplateManager - WARNING - Could not parse date: 03/16/25
2025-08-15 17:22:14,489 - ExcelTemplateManager - WARNING - Could not parse date: 03/16/25
2025-08-15 17:22:14,489 - ExcelTemplateManager - WARNING - Could not parse date: 03/16/25
2025-08-15 17:22:14,489 - ExcelTemplateManager - WARNING - Could not parse date: 03/16/25
2025-08-15 17:22:14,489 - ExcelTemplateManager - WARNING - Could not parse date: 03/16/25
2025-08-15 17:22:14,489 - ExcelTemplateManager - WARNING - Could not parse date: 03/17/25
2025-08-15 17:22:14,489 - ExcelTemplateManager - WARNING - Could not parse date: 03/17/25
2025-08-15 17:22:14,489 - ExcelTemplateManager - WARNING - Could not parse date: 03/17/25
2025-08-15 17:22:14,489 - ExcelTemplateManager - WARNING - Could not parse date: 03/17/25
2025-08-15 17:22:14,489 - ExcelTemplateManager - WARNING - Could not parse date: 03/17/25
2025-08-15 17:22:14,489 - ExcelTemplateManager - WARNING - Could not parse date: 03/17/25
2025-08-15 17:22:14,489 - ExcelTemplateManager - WARNING - Could not parse date: 03/17/25
2025-08-15 17:22:14,489 - ExcelTemplateManager - WARNING - Could not parse date: 03/17/25
2025-08-15 17:22:14,490 - ExcelTemplateManager - WARNING - Could not parse date: 03/18/25
2025-08-15 17:22:14,490 - ExcelTemplateManager - WARNING - Could not parse date: 03/18/25
2025-08-15 17:22:14,490 - ExcelTemplateManager - WARNING - Could not parse date: 03/19/25
2025-08-15 17:22:14,490 - ExcelTemplateManager - WARNING - Could not parse date: 03/19/25
2025-08-15 17:22:14,490 - ExcelTemplateManager - WARNING - Could not parse date: 03/19/25
2025-08-15 17:22:14,490 - ExcelTemplateManager - WARNING - Could not parse date: 03/19/25
2025-08-15 17:22:14,490 - ExcelTemplateManager - WARNING - Could not parse date: 03/19/25
2025-08-15 17:22:14,490 - ExcelTemplateManager - WARNING - Could not parse date: 03/19/25
2025-08-15 17:22:14,490 - ExcelTemplateManager - WARNING - Could not parse date: 03/19/25
2025-08-15 17:22:14,490 - ExcelTemplateManager - WARNING - Could not parse date: 03/19/25
2025-08-15 17:22:14,490 - ExcelTemplateManager - WARNING - Could not parse date: 03/19/25
2025-08-15 17:22:14,490 - ExcelTemplateManager - WARNING - Could not parse date: 03/19/25
2025-08-15 17:22:14,491 - ExcelTemplateManager - WARNING - Could not parse date: 03/19/25
2025-08-15 17:22:14,491 - ExcelTemplateManager - WARNING - Could not parse date: 03/19/25
2025-08-15 17:22:14,491 - ExcelTemplateManager - WARNING - Could not parse date: 03/19/25
2025-08-15 17:22:14,491 - ExcelTemplateManager - WARNING - Could not parse date: 03/19/25
2025-08-15 17:22:14,491 - ExcelTemplateManager - WARNING - Could not parse date: 03/19/25
2025-08-15 17:22:14,491 - ExcelTemplateManager - WARNING - Could not parse date: 03/19/25
2025-08-15 17:22:14,491 - ExcelTemplateManager - WARNING - Could not parse date: 03/19/25
2025-08-15 17:22:14,491 - ExcelTemplateManager - WARNING - Could not parse date: 03/19/25
2025-08-15 17:22:14,491 - ExcelTemplateManager - WARNING - Could not parse date: 03/19/25
2025-08-15 17:22:14,491 - ExcelTemplateManager - WARNING - Could not parse date: 03/19/25
2025-08-15 17:22:14,491 - ExcelTemplateManager - WARNING - Could not parse date: 03/20/25
2025-08-15 17:22:14,491 - ExcelTemplateManager - WARNING - Could not parse date: 03/20/25
2025-08-15 17:22:14,491 - ExcelTemplateManager - WARNING - Could not parse date: 03/20/25
2025-08-15 17:22:14,491 - ExcelTemplateManager - WARNING - Could not parse date: 03/20/25
2025-08-15 17:22:14,492 - ExcelTemplateManager - WARNING - Could not parse date: 03/20/25
2025-08-15 17:22:14,492 - ExcelTemplateManager - WARNING - Could not parse date: 03/20/25
2025-08-15 17:22:14,492 - ExcelTemplateManager - WARNING - Could not parse date: 03/20/25
2025-08-15 17:22:14,492 - ExcelTemplateManager - WARNING - Could not parse date: 03/20/25
2025-08-15 17:22:14,492 - ExcelTemplateManager - WARNING - Could not parse date: 03/20/25
2025-08-15 17:22:14,492 - ExcelTemplateManager - WARNING - Could not parse date: 03/20/25
2025-08-15 17:22:14,492 - ExcelTemplateManager - WARNING - Could not parse date: 03/20/25
2025-08-15 17:22:14,492 - ExcelTemplateManager - WARNING - Could not parse date: 03/20/25
2025-08-15 17:22:14,492 - ExcelTemplateManager - WARNING - Could not parse date: 03/21/25
2025-08-15 17:22:14,492 - ExcelTemplateManager - WARNING - Could not parse date: 03/21/25
2025-08-15 17:22:14,493 - ExcelTemplateManager - WARNING - Could not parse date: 03/21/25
2025-08-15 17:22:14,493 - ExcelTemplateManager - WARNING - Could not parse date: 03/21/25
2025-08-15 17:22:14,493 - ExcelTemplateManager - WARNING - Could not parse date: 03/21/25
2025-08-15 17:22:14,493 - ExcelTemplateManager - WARNING - Could not parse date: 03/21/25
2025-08-15 17:22:14,493 - ExcelTemplateManager - WARNING - Could not parse date: 03/21/25
2025-08-15 17:22:14,493 - ExcelTemplateManager - WARNING - Could not parse date: 03/21/25
2025-08-15 17:22:14,493 - ExcelTemplateManager - WARNING - Could not parse date: 03/21/25
2025-08-15 17:22:14,493 - ExcelTemplateManager - WARNING - Could not parse date: 03/21/25
2025-08-15 17:22:14,493 - ExcelTemplateManager - WARNING - Could not parse date: 03/22/25
2025-08-15 17:22:14,493 - ExcelTemplateManager - WARNING - Could not parse date: 03/22/25
2025-08-15 17:22:14,493 - ExcelTemplateManager - WARNING - Could not parse date: 03/22/25
2025-08-15 17:22:14,493 - ExcelTemplateManager - WARNING - Could not parse date: 03/22/25
2025-08-15 17:22:14,493 - ExcelTemplateManager - WARNING - Could not parse date: 03/22/25
2025-08-15 17:22:14,493 - ExcelTemplateManager - WARNING - Could not parse date: 03/22/25
2025-08-15 17:22:14,494 - ExcelTemplateManager - WARNING - Could not parse date: 03/22/25
2025-08-15 17:22:14,494 - ExcelTemplateManager - WARNING - Could not parse date: 03/22/25
2025-08-15 17:22:14,494 - ExcelTemplateManager - WARNING - Could not parse date: 03/22/25
2025-08-15 17:22:14,494 - ExcelTemplateManager - WARNING - Could not parse date: 03/22/25
2025-08-15 17:22:14,494 - ExcelTemplateManager - WARNING - Could not parse date: 03/22/25
2025-08-15 17:22:14,494 - ExcelTemplateManager - WARNING - Could not parse date: 03/22/25
2025-08-15 17:22:14,494 - ExcelTemplateManager - WARNING - Could not parse date: 03/22/25
2025-08-15 17:22:14,494 - ExcelTemplateManager - WARNING - Could not parse date: 03/22/25
2025-08-15 17:22:14,494 - ExcelTemplateManager - WARNING - Could not parse date: 03/22/25
2025-08-15 17:22:14,494 - ExcelTemplateManager - WARNING - Could not parse date: 03/22/25
2025-08-15 17:22:14,494 - ExcelTemplateManager - WARNING - Could not parse date: 03/22/25
2025-08-15 17:22:14,494 - ExcelTemplateManager - WARNING - Could not parse date: 03/22/25
2025-08-15 17:22:14,495 - ExcelTemplateManager - WARNING - Could not parse date: 03/22/25
2025-08-15 17:22:14,495 - ExcelTemplateManager - WARNING - Could not parse date: 03/22/25
2025-08-15 17:22:14,495 - ExcelTemplateManager - WARNING - Could not parse date: 03/22/25
2025-08-15 17:22:14,495 - ExcelTemplateManager - WARNING - Could not parse date: 03/22/25
2025-08-15 17:22:14,495 - ExcelTemplateManager - WARNING - Could not parse date: 03/22/25
2025-08-15 17:22:14,495 - ExcelTemplateManager - WARNING - Could not parse date: 03/22/25
2025-08-15 17:22:14,495 - ExcelTemplateManager - WARNING - Could not parse date: 03/22/25
2025-08-15 17:22:14,495 - ExcelTemplateManager - WARNING - Could not parse date: 03/22/25
2025-08-15 17:22:14,495 - ExcelTemplateManager - WARNING - Could not parse date: 03/23/25
2025-08-15 17:22:14,495 - ExcelTemplateManager - WARNING - Could not parse date: 03/23/25
2025-08-15 17:22:14,495 - ExcelTemplateManager - WARNING - Could not parse date: 03/23/25
2025-08-15 17:22:14,495 - ExcelTemplateManager - WARNING - Could not parse date: 03/23/25
2025-08-15 17:22:14,495 - ExcelTemplateManager - WARNING - Could not parse date: 03/23/25
2025-08-15 17:22:14,495 - ExcelTemplateManager - WARNING - Could not parse date: 03/23/25
2025-08-15 17:22:14,496 - ExcelTemplateManager - WARNING - Could not parse date: 03/23/25
2025-08-15 17:22:14,496 - ExcelTemplateManager - WARNING - Could not parse date: 03/23/25
2025-08-15 17:22:14,496 - ExcelTemplateManager - WARNING - Could not parse date: 03/23/25
2025-08-15 17:22:14,496 - ExcelTemplateManager - WARNING - Could not parse date: 03/23/25
2025-08-15 17:22:14,496 - ExcelTemplateManager - WARNING - Could not parse date: 03/23/25
2025-08-15 17:22:14,496 - ExcelTemplateManager - WARNING - Could not parse date: 03/23/25
2025-08-15 17:22:14,496 - ExcelTemplateManager - WARNING - Could not parse date: 03/23/25
2025-08-15 17:22:14,496 - ExcelTemplateManager - WARNING - Could not parse date: 03/23/25
2025-08-15 17:22:14,496 - ExcelTemplateManager - WARNING - Could not parse date: 03/23/25
2025-08-15 17:22:14,496 - ExcelTemplateManager - WARNING - Could not parse date: 03/23/25
2025-08-15 17:22:14,496 - ExcelTemplateManager - WARNING - Could not parse date: 03/23/25
2025-08-15 17:22:14,496 - ExcelTemplateManager - WARNING - Could not parse date: 03/23/25
2025-08-15 17:22:14,497 - ExcelTemplateManager - WARNING - Could not parse date: 03/24/25
2025-08-15 17:22:14,497 - ExcelTemplateManager - WARNING - Could not parse date: 03/24/25
2025-08-15 17:22:14,497 - ExcelTemplateManager - WARNING - Could not parse date: 03/24/25
2025-08-15 17:22:14,497 - ExcelTemplateManager - WARNING - Could not parse date: 03/24/25
2025-08-15 17:22:14,498 - ExcelTemplateManager - WARNING - Could not parse date: 03/24/25
2025-08-15 17:22:14,498 - ExcelTemplateManager - WARNING - Could not parse date: 03/24/25
2025-08-15 17:22:14,498 - ExcelTemplateManager - WARNING - Could not parse date: 03/24/25
2025-08-15 17:22:14,498 - ExcelTemplateManager - WARNING - Could not parse date: 03/24/25
2025-08-15 17:22:14,498 - ExcelTemplateManager - WARNING - Could not parse date: 03/25/25
2025-08-15 17:22:14,498 - ExcelTemplateManager - WARNING - Could not parse date: 03/25/25
2025-08-15 17:22:14,498 - ExcelTemplateManager - WARNING - Could not parse date: 03/25/25
2025-08-15 17:22:14,498 - ExcelTemplateManager - WARNING - Could not parse date: 03/25/25
2025-08-15 17:22:14,498 - ExcelTemplateManager - WARNING - Could not parse date: 03/25/25
2025-08-15 17:22:14,498 - ExcelTemplateManager - WARNING - Could not parse date: 03/25/25
2025-08-15 17:22:14,498 - ExcelTemplateManager - WARNING - Could not parse date: 03/25/25
2025-08-15 17:22:14,498 - ExcelTemplateManager - WARNING - Could not parse date: 03/25/25
2025-08-15 17:22:14,498 - ExcelTemplateManager - WARNING - Could not parse date: 03/25/25
2025-08-15 17:22:14,499 - ExcelTemplateManager - WARNING - Could not parse date: 03/25/25
2025-08-15 17:22:14,499 - ExcelTemplateManager - WARNING - Could not parse date: 03/25/25
2025-08-15 17:22:14,499 - ExcelTemplateManager - WARNING - Could not parse date: 03/25/25
2025-08-15 17:22:14,499 - ExcelTemplateManager - WARNING - Could not parse date: 03/26/25
2025-08-15 17:22:14,499 - ExcelTemplateManager - WARNING - Could not parse date: 03/26/25
2025-08-15 17:22:14,499 - ExcelTemplateManager - WARNING - Could not parse date: 03/26/25
2025-08-15 17:22:14,499 - ExcelTemplateManager - WARNING - Could not parse date: 03/26/25
2025-08-15 17:22:14,499 - ExcelTemplateManager - WARNING - Could not parse date: 03/26/25
2025-08-15 17:22:14,499 - ExcelTemplateManager - WARNING - Could not parse date: 03/26/25
2025-08-15 17:22:14,499 - ExcelTemplateManager - WARNING - Could not parse date: 03/26/25
2025-08-15 17:22:14,499 - ExcelTemplateManager - WARNING - Could not parse date: 03/26/25
2025-08-15 17:22:14,499 - ExcelTemplateManager - WARNING - Could not parse date: 03/26/25
2025-08-15 17:22:14,499 - ExcelTemplateManager - WARNING - Could not parse date: 03/26/25
2025-08-15 17:22:14,500 - ExcelTemplateManager - WARNING - Could not parse date: 03/26/25
2025-08-15 17:22:14,500 - ExcelTemplateManager - WARNING - Could not parse date: 03/26/25
2025-08-15 17:22:14,500 - ExcelTemplateManager - WARNING - Could not parse date: 03/27/25
2025-08-15 17:22:14,500 - ExcelTemplateManager - WARNING - Could not parse date: 03/27/25
2025-08-15 17:22:14,500 - ExcelTemplateManager - WARNING - Could not parse date: 03/27/25
2025-08-15 17:22:14,500 - ExcelTemplateManager - WARNING - Could not parse date: 03/27/25
2025-08-15 17:22:14,500 - ExcelTemplateManager - WARNING - Could not parse date: 03/27/25
2025-08-15 17:22:14,500 - ExcelTemplateManager - WARNING - Could not parse date: 03/27/25
2025-08-15 17:22:14,500 - ExcelTemplateManager - WARNING - Could not parse date: 03/27/25
2025-08-15 17:22:14,500 - ExcelTemplateManager - WARNING - Could not parse date: 03/27/25
2025-08-15 17:22:14,500 - ExcelTemplateManager - WARNING - Could not parse date: 03/27/25
2025-08-15 17:22:14,500 - ExcelTemplateManager - WARNING - Could not parse date: 03/27/25
2025-08-15 17:22:14,500 - ExcelTemplateManager - WARNING - Could not parse date: 03/27/25
2025-08-15 17:22:14,501 - ExcelTemplateManager - WARNING - Could not parse date: 03/27/25
2025-08-15 17:22:14,501 - ExcelTemplateManager - WARNING - Could not parse date: 03/27/25
2025-08-15 17:22:14,501 - ExcelTemplateManager - WARNING - Could not parse date: 03/27/25
2025-08-15 17:22:14,501 - ExcelTemplateManager - WARNING - Could not parse date: 03/27/25
2025-08-15 17:22:14,501 - ExcelTemplateManager - WARNING - Could not parse date: 03/27/25
2025-08-15 17:22:14,501 - ExcelTemplateManager - WARNING - Could not parse date: 03/27/25
2025-08-15 17:22:14,501 - ExcelTemplateManager - WARNING - Could not parse date: 03/27/25
2025-08-15 17:22:14,501 - ExcelTemplateManager - WARNING - Could not parse date: 03/27/25
2025-08-15 17:22:14,501 - ExcelTemplateManager - WARNING - Could not parse date: 03/27/25
2025-08-15 17:22:14,501 - ExcelTemplateManager - WARNING - Could not parse date: 03/28/25
2025-08-15 17:22:14,501 - ExcelTemplateManager - WARNING - Could not parse date: 03/28/25
2025-08-15 17:22:14,501 - ExcelTemplateManager - WARNING - Could not parse date: 03/28/25
2025-08-15 17:22:14,501 - ExcelTemplateManager - WARNING - Could not parse date: 03/28/25
2025-08-15 17:22:14,502 - ExcelTemplateManager - WARNING - Could not parse date: 03/28/25
2025-08-15 17:22:14,502 - ExcelTemplateManager - WARNING - Could not parse date: 03/28/25
2025-08-15 17:22:14,502 - ExcelTemplateManager - WARNING - Could not parse date: 03/28/25
2025-08-15 17:22:14,502 - ExcelTemplateManager - WARNING - Could not parse date: 03/28/25
2025-08-15 17:22:14,502 - ExcelTemplateManager - WARNING - Could not parse date: 03/28/25
2025-08-15 17:22:14,502 - ExcelTemplateManager - WARNING - Could not parse date: 03/28/25
2025-08-15 17:22:14,502 - ExcelTemplateManager - WARNING - Could not parse date: 03/28/25
2025-08-15 17:22:14,502 - ExcelTemplateManager - WARNING - Could not parse date: 03/28/25
2025-08-15 17:22:14,502 - ExcelTemplateManager - WARNING - Could not parse date: 03/28/25
2025-08-15 17:22:14,502 - ExcelTemplateManager - WARNING - Could not parse date: 03/28/25
2025-08-15 17:22:14,502 - ExcelTemplateManager - WARNING - Could not parse date: 03/28/25
2025-08-15 17:22:14,502 - ExcelTemplateManager - WARNING - Could not parse date: 03/28/25
2025-08-15 17:22:14,502 - ExcelTemplateManager - WARNING - Could not parse date: 03/28/25
2025-08-15 17:22:14,503 - ExcelTemplateManager - WARNING - Could not parse date: 03/28/25
2025-08-15 17:22:14,503 - ExcelTemplateManager - WARNING - Could not parse date: 03/28/25
2025-08-15 17:22:14,503 - ExcelTemplateManager - WARNING - Could not parse date: 03/28/25
2025-08-15 17:22:14,503 - ExcelTemplateManager - WARNING - Could not parse date: 03/28/25
2025-08-15 17:22:14,503 - ExcelTemplateManager - WARNING - Could not parse date: 03/28/25
2025-08-15 17:22:14,503 - ExcelTemplateManager - WARNING - Could not parse date: 03/29/25
2025-08-15 17:22:14,503 - ExcelTemplateManager - WARNING - Could not parse date: 03/28/25
2025-08-15 17:22:14,503 - ExcelTemplateManager - WARNING - Could not parse date: 03/29/25
2025-08-15 17:22:14,503 - ExcelTemplateManager - WARNING - Could not parse date: 03/29/25
2025-08-15 17:22:14,503 - ExcelTemplateManager - WARNING - Could not parse date: 03/29/25
2025-08-15 17:22:14,503 - ExcelTemplateManager - WARNING - Could not parse date: 03/29/25
2025-08-15 17:22:14,503 - ExcelTemplateManager - WARNING - Could not parse date: 03/29/25
2025-08-15 17:22:14,503 - ExcelTemplateManager - WARNING - Could not parse date: 03/29/25
2025-08-15 17:22:14,504 - ExcelTemplateManager - WARNING - Could not parse date: 03/29/25
2025-08-15 17:22:14,504 - ExcelTemplateManager - WARNING - Could not parse date: 03/29/25
2025-08-15 17:22:14,504 - ExcelTemplateManager - WARNING - Could not parse date: 03/29/25
2025-08-15 17:22:14,504 - ExcelTemplateManager - WARNING - Could not parse date: 03/29/25
2025-08-15 17:22:14,504 - ExcelTemplateManager - WARNING - Could not parse date: 03/30/25
2025-08-15 17:22:14,504 - ExcelTemplateManager - WARNING - Could not parse date: 03/30/25
2025-08-15 17:22:14,504 - ExcelTemplateManager - WARNING - Could not parse date: 03/30/25
2025-08-15 17:22:14,504 - ExcelTemplateManager - WARNING - Could not parse date: 03/30/25
2025-08-15 17:22:14,504 - ExcelTemplateManager - WARNING - Could not parse date: 03/30/25
2025-08-15 17:22:14,504 - ExcelTemplateManager - WARNING - Could not parse date: 03/30/25
2025-08-15 17:22:14,504 - ExcelTemplateManager - WARNING - Could not parse date: 03/30/25
2025-08-15 17:22:14,504 - ExcelTemplateManager - WARNING - Could not parse date: 03/30/25
2025-08-15 17:22:14,504 - ExcelTemplateManager - WARNING - Could not parse date: 03/31/25
2025-08-15 17:22:14,504 - ExcelTemplateManager - WARNING - Could not parse date: 03/31/25
2025-08-15 17:22:14,505 - ExcelTemplateManager - WARNING - Could not parse date: 03/31/25
2025-08-15 17:22:14,505 - ExcelTemplateManager - WARNING - Could not parse date: 03/31/25
2025-08-15 17:22:14,505 - ExcelTemplateManager - WARNING - Could not parse date: 03/31/25
2025-08-15 17:22:14,505 - ExcelTemplateManager - WARNING - Could not parse date: 03/31/25
2025-08-15 17:22:14,505 - ExcelTemplateManager - WARNING - Could not parse date: 03/31/25
2025-08-15 17:22:14,505 - ExcelTemplateManager - WARNING - Could not parse date: 03/31/25
2025-08-15 17:22:14,511 - ExcelTemplateManager - WARNING - Could not parse date: 04/14/25
2025-08-15 17:22:14,511 - ExcelTemplateManager - WARNING - Could not parse date: 04/14/25
2025-08-15 17:22:14,511 - ExcelTemplateManager - WARNING - Could not parse date: 04/14/25
2025-08-15 17:22:14,511 - ExcelTemplateManager - WARNING - Could not parse date: 04/14/25
2025-08-15 17:22:14,511 - ExcelTemplateManager - WARNING - Could not parse date: 04/14/25
2025-08-15 17:22:14,511 - ExcelTemplateManager - WARNING - Could not parse date: 04/14/25
2025-08-15 17:22:14,511 - ExcelTemplateManager - WARNING - Could not parse date: 04/15/25
2025-08-15 17:22:14,511 - ExcelTemplateManager - WARNING - Could not parse date: 04/15/25
2025-08-15 17:22:14,512 - ExcelTemplateManager - WARNING - Could not parse date: 04/15/25
2025-08-15 17:22:14,512 - ExcelTemplateManager - WARNING - Could not parse date: 04/15/25
2025-08-15 17:22:14,512 - ExcelTemplateManager - WARNING - Could not parse date: 04/15/25
2025-08-15 17:22:14,512 - ExcelTemplateManager - WARNING - Could not parse date: 04/15/25
2025-08-15 17:22:14,512 - ExcelTemplateManager - WARNING - Could not parse date: 04/16/25
2025-08-15 17:22:14,512 - ExcelTemplateManager - WARNING - Could not parse date: 04/16/25
2025-08-15 17:22:14,512 - ExcelTemplateManager - WARNING - Could not parse date: 04/16/25
2025-08-15 17:22:14,512 - ExcelTemplateManager - WARNING - Could not parse date: 04/16/25
2025-08-15 17:22:14,512 - ExcelTemplateManager - WARNING - Could not parse date: 04/16/25
2025-08-15 17:22:14,512 - ExcelTemplateManager - WARNING - Could not parse date: 04/16/25
2025-08-15 17:22:14,512 - ExcelTemplateManager - WARNING - Could not parse date: 04/16/25
2025-08-15 17:22:14,512 - ExcelTemplateManager - WARNING - Could not parse date: 04/16/25
2025-08-15 17:22:14,513 - ExcelTemplateManager - WARNING - Could not parse date: 04/16/25
2025-08-15 17:22:14,513 - ExcelTemplateManager - WARNING - Could not parse date: 04/16/25
2025-08-15 17:22:14,513 - ExcelTemplateManager - WARNING - Could not parse date: 04/16/25
2025-08-15 17:22:14,513 - ExcelTemplateManager - WARNING - Could not parse date: 04/16/25
2025-08-15 17:22:14,513 - ExcelTemplateManager - WARNING - Could not parse date: 04/17/25
2025-08-15 17:22:14,513 - ExcelTemplateManager - WARNING - Could not parse date: 04/17/25
2025-08-15 17:22:14,513 - ExcelTemplateManager - WARNING - Could not parse date: 04/18/25
2025-08-15 17:22:14,513 - ExcelTemplateManager - WARNING - Could not parse date: 04/18/25
2025-08-15 17:22:14,513 - ExcelTemplateManager - WARNING - Could not parse date: 04/18/25
2025-08-15 17:22:14,513 - ExcelTemplateManager - WARNING - Could not parse date: 04/18/25
2025-08-15 17:22:14,513 - ExcelTemplateManager - WARNING - Could not parse date: 04/18/25
2025-08-15 17:22:14,514 - ExcelTemplateManager - WARNING - Could not parse date: 04/18/25
2025-08-15 17:22:14,514 - ExcelTemplateManager - WARNING - Could not parse date: 04/18/25
2025-08-15 17:22:14,514 - ExcelTemplateManager - WARNING - Could not parse date: 04/18/25
2025-08-15 17:22:14,514 - ExcelTemplateManager - WARNING - Could not parse date: 04/18/25
2025-08-15 17:22:14,514 - ExcelTemplateManager - WARNING - Could not parse date: 04/18/25
2025-08-15 17:22:14,514 - ExcelTemplateManager - WARNING - Could not parse date: 04/19/25
2025-08-15 17:22:14,514 - ExcelTemplateManager - WARNING - Could not parse date: 04/19/25
2025-08-15 17:22:14,514 - ExcelTemplateManager - WARNING - Could not parse date: 04/19/25
2025-08-15 17:22:14,514 - ExcelTemplateManager - WARNING - Could not parse date: 04/19/25
2025-08-15 17:22:14,514 - ExcelTemplateManager - WARNING - Could not parse date: 04/20/25
2025-08-15 17:22:14,514 - ExcelTemplateManager - WARNING - Could not parse date: 04/20/25
2025-08-15 17:22:14,514 - ExcelTemplateManager - WARNING - Could not parse date: 04/20/25
2025-08-15 17:22:14,514 - ExcelTemplateManager - WARNING - Could not parse date: 04/20/25
2025-08-15 17:22:14,515 - ExcelTemplateManager - WARNING - Could not parse date: 04/20/25
2025-08-15 17:22:14,515 - ExcelTemplateManager - WARNING - Could not parse date: 04/20/25
2025-08-15 17:22:14,515 - ExcelTemplateManager - WARNING - Could not parse date: 04/20/25
2025-08-15 17:22:14,515 - ExcelTemplateManager - WARNING - Could not parse date: 04/20/25
2025-08-15 17:22:14,515 - ExcelTemplateManager - WARNING - Could not parse date: 04/20/25
2025-08-15 17:22:14,515 - ExcelTemplateManager - WARNING - Could not parse date: 04/20/25
2025-08-15 17:22:14,515 - ExcelTemplateManager - WARNING - Could not parse date: 04/20/25
2025-08-15 17:22:14,515 - ExcelTemplateManager - WARNING - Could not parse date: 04/20/25
2025-08-15 17:22:14,515 - ExcelTemplateManager - WARNING - Could not parse date: 04/20/25
2025-08-15 17:22:14,515 - ExcelTemplateManager - WARNING - Could not parse date: 04/20/25
2025-08-15 17:22:14,515 - ExcelTemplateManager - WARNING - Could not parse date: 04/20/25
2025-08-15 17:22:14,515 - ExcelTemplateManager - WARNING - Could not parse date: 04/20/25
2025-08-15 17:22:14,516 - ExcelTemplateManager - WARNING - Could not parse date: 04/20/25
2025-08-15 17:22:14,516 - ExcelTemplateManager - WARNING - Could not parse date: 04/20/25
2025-08-15 17:22:14,516 - ExcelTemplateManager - WARNING - Could not parse date: 04/21/25
2025-08-15 17:22:14,516 - ExcelTemplateManager - WARNING - Could not parse date: 04/21/25
2025-08-15 17:22:14,516 - ExcelTemplateManager - WARNING - Could not parse date: 04/21/25
2025-08-15 17:22:14,516 - ExcelTemplateManager - WARNING - Could not parse date: 04/21/25
2025-08-15 17:22:14,516 - ExcelTemplateManager - WARNING - Could not parse date: 04/21/25
2025-08-15 17:22:14,516 - ExcelTemplateManager - WARNING - Could not parse date: 04/21/25
2025-08-15 17:22:14,516 - ExcelTemplateManager - WARNING - Could not parse date: 04/21/25
2025-08-15 17:22:14,516 - ExcelTemplateManager - WARNING - Could not parse date: 04/21/25
2025-08-15 17:22:14,516 - ExcelTemplateManager - WARNING - Could not parse date: 04/21/25
2025-08-15 17:22:14,517 - ExcelTemplateManager - WARNING - Could not parse date: 04/21/25
2025-08-15 17:22:14,517 - ExcelTemplateManager - WARNING - Could not parse date: 04/21/25
2025-08-15 17:22:14,517 - ExcelTemplateManager - WARNING - Could not parse date: 04/21/25
2025-08-15 17:22:14,517 - ExcelTemplateManager - WARNING - Could not parse date: 04/21/25
2025-08-15 17:22:14,517 - ExcelTemplateManager - WARNING - Could not parse date: 04/21/25
2025-08-15 17:22:14,517 - ExcelTemplateManager - WARNING - Could not parse date: 04/22/25
2025-08-15 17:22:14,517 - ExcelTemplateManager - WARNING - Could not parse date: 04/22/25
2025-08-15 17:22:14,517 - ExcelTemplateManager - WARNING - Could not parse date: 04/22/25
2025-08-15 17:22:14,517 - ExcelTemplateManager - WARNING - Could not parse date: 04/22/25
2025-08-15 17:22:14,517 - ExcelTemplateManager - WARNING - Could not parse date: 04/22/25
2025-08-15 17:22:14,517 - ExcelTemplateManager - WARNING - Could not parse date: 04/22/25
2025-08-15 17:22:14,517 - ExcelTemplateManager - WARNING - Could not parse date: 04/23/25
2025-08-15 17:22:14,517 - ExcelTemplateManager - WARNING - Could not parse date: 04/23/25
2025-08-15 17:22:14,518 - ExcelTemplateManager - WARNING - Could not parse date: 04/23/25
2025-08-15 17:22:14,518 - ExcelTemplateManager - WARNING - Could not parse date: 04/23/25
2025-08-15 17:22:14,518 - ExcelTemplateManager - WARNING - Could not parse date: 04/23/25
2025-08-15 17:22:14,518 - ExcelTemplateManager - WARNING - Could not parse date: 04/23/25
2025-08-15 17:22:14,518 - ExcelTemplateManager - WARNING - Could not parse date: 04/23/25
2025-08-15 17:22:14,518 - ExcelTemplateManager - WARNING - Could not parse date: 04/23/25
2025-08-15 17:22:14,518 - ExcelTemplateManager - WARNING - Could not parse date: 04/23/25
2025-08-15 17:22:14,518 - ExcelTemplateManager - WARNING - Could not parse date: 04/23/25
2025-08-15 17:22:14,518 - ExcelTemplateManager - WARNING - Could not parse date: 04/23/25
2025-08-15 17:22:14,518 - ExcelTemplateManager - WARNING - Could not parse date: 04/23/25
2025-08-15 17:22:14,518 - ExcelTemplateManager - WARNING - Could not parse date: 04/23/25
2025-08-15 17:22:14,519 - ExcelTemplateManager - WARNING - Could not parse date: 04/23/25
2025-08-15 17:22:14,519 - ExcelTemplateManager - WARNING - Could not parse date: 04/23/25
2025-08-15 17:22:14,519 - ExcelTemplateManager - WARNING - Could not parse date: 04/23/25
2025-08-15 17:22:14,519 - ExcelTemplateManager - WARNING - Could not parse date: 04/23/25
2025-08-15 17:22:14,519 - ExcelTemplateManager - WARNING - Could not parse date: 04/23/25
2025-08-15 17:22:14,519 - ExcelTemplateManager - WARNING - Could not parse date: 04/23/25
2025-08-15 17:22:14,519 - ExcelTemplateManager - WARNING - Could not parse date: 04/23/25
2025-08-15 17:22:14,519 - ExcelTemplateManager - WARNING - Could not parse date: 04/24/25
2025-08-15 17:22:14,519 - ExcelTemplateManager - WARNING - Could not parse date: 04/24/25
2025-08-15 17:22:14,519 - ExcelTemplateManager - WARNING - Could not parse date: 04/24/25
2025-08-15 17:22:14,519 - ExcelTemplateManager - WARNING - Could not parse date: 04/24/25
2025-08-15 17:22:14,519 - ExcelTemplateManager - WARNING - Could not parse date: 04/24/25
2025-08-15 17:22:14,519 - ExcelTemplateManager - WARNING - Could not parse date: 04/24/25
2025-08-15 17:22:14,520 - ExcelTemplateManager - WARNING - Could not parse date: 04/24/25
2025-08-15 17:22:14,520 - ExcelTemplateManager - WARNING - Could not parse date: 04/24/25
2025-08-15 17:22:14,520 - ExcelTemplateManager - WARNING - Could not parse date: 04/24/25
2025-08-15 17:22:14,520 - ExcelTemplateManager - WARNING - Could not parse date: 04/24/25
2025-08-15 17:22:14,520 - ExcelTemplateManager - WARNING - Could not parse date: 04/24/25
2025-08-15 17:22:14,520 - ExcelTemplateManager - WARNING - Could not parse date: 04/24/25
2025-08-15 17:22:14,520 - ExcelTemplateManager - WARNING - Could not parse date: 04/24/25
2025-08-15 17:22:14,520 - ExcelTemplateManager - WARNING - Could not parse date: 04/24/25
2025-08-15 17:22:14,520 - ExcelTemplateManager - WARNING - Could not parse date: 04/24/25
2025-08-15 17:22:14,520 - ExcelTemplateManager - WARNING - Could not parse date: 04/24/25
2025-08-15 17:22:14,520 - ExcelTemplateManager - WARNING - Could not parse date: 04/24/25
2025-08-15 17:22:14,520 - ExcelTemplateManager - WARNING - Could not parse date: 04/24/25
2025-08-15 17:22:14,520 - ExcelTemplateManager - WARNING - Could not parse date: 04/24/25
2025-08-15 17:22:14,521 - ExcelTemplateManager - WARNING - Could not parse date: 04/24/25
2025-08-15 17:22:14,521 - ExcelTemplateManager - WARNING - Could not parse date: 04/25/25
2025-08-15 17:22:14,521 - ExcelTemplateManager - WARNING - Could not parse date: 04/25/25
2025-08-15 17:22:14,521 - ExcelTemplateManager - WARNING - Could not parse date: 04/25/25
2025-08-15 17:22:14,521 - ExcelTemplateManager - WARNING - Could not parse date: 04/25/25
2025-08-15 17:22:14,521 - ExcelTemplateManager - WARNING - Could not parse date: 04/26/25
2025-08-15 17:22:14,521 - ExcelTemplateManager - WARNING - Could not parse date: 04/26/25
2025-08-15 17:22:14,521 - ExcelTemplateManager - WARNING - Could not parse date: 04/26/25
2025-08-15 17:22:14,521 - ExcelTemplateManager - WARNING - Could not parse date: 04/26/25
2025-08-15 17:22:14,521 - ExcelTemplateManager - WARNING - Could not parse date: 04/26/25
2025-08-15 17:22:14,521 - ExcelTemplateManager - WARNING - Could not parse date: 04/26/25
2025-08-15 17:22:14,522 - ExcelTemplateManager - WARNING - Could not parse date: 04/26/25
2025-08-15 17:22:14,522 - ExcelTemplateManager - WARNING - Could not parse date: 04/26/25
2025-08-15 17:22:14,522 - ExcelTemplateManager - WARNING - Could not parse date: 04/26/25
2025-08-15 17:22:14,522 - ExcelTemplateManager - WARNING - Could not parse date: 04/26/25
2025-08-15 17:22:14,522 - ExcelTemplateManager - WARNING - Could not parse date: 04/26/25
2025-08-15 17:22:14,522 - ExcelTemplateManager - WARNING - Could not parse date: 04/26/25
2025-08-15 17:22:14,522 - ExcelTemplateManager - WARNING - Could not parse date: 04/26/25
2025-08-15 17:22:14,522 - ExcelTemplateManager - WARNING - Could not parse date: 04/26/25
2025-08-15 17:22:14,522 - ExcelTemplateManager - WARNING - Could not parse date: 04/26/25
2025-08-15 17:22:14,522 - ExcelTemplateManager - WARNING - Could not parse date: 04/26/25
2025-08-15 17:22:14,522 - ExcelTemplateManager - WARNING - Could not parse date: 04/26/25
2025-08-15 17:22:14,522 - ExcelTemplateManager - WARNING - Could not parse date: 04/26/25
2025-08-15 17:22:14,522 - ExcelTemplateManager - WARNING - Could not parse date: 04/26/25
2025-08-15 17:22:14,523 - ExcelTemplateManager - WARNING - Could not parse date: 04/26/25
2025-08-15 17:22:14,523 - ExcelTemplateManager - WARNING - Could not parse date: 04/27/25
2025-08-15 17:22:14,523 - ExcelTemplateManager - WARNING - Could not parse date: 04/27/25
2025-08-15 17:22:14,523 - ExcelTemplateManager - WARNING - Could not parse date: 04/27/25
2025-08-15 17:22:14,523 - ExcelTemplateManager - WARNING - Could not parse date: 04/27/25
2025-08-15 17:22:14,523 - ExcelTemplateManager - WARNING - Could not parse date: 04/27/25
2025-08-15 17:22:14,523 - ExcelTemplateManager - WARNING - Could not parse date: 04/27/25
2025-08-15 17:22:14,523 - ExcelTemplateManager - WARNING - Could not parse date: 04/28/25
2025-08-15 17:22:14,523 - ExcelTemplateManager - WARNING - Could not parse date: 04/28/25
2025-08-15 17:22:14,523 - ExcelTemplateManager - WARNING - Could not parse date: 04/28/25
2025-08-15 17:22:14,523 - ExcelTemplateManager - WARNING - Could not parse date: 04/28/25
2025-08-15 17:22:14,523 - ExcelTemplateManager - WARNING - Could not parse date: 04/28/25
2025-08-15 17:22:14,523 - ExcelTemplateManager - WARNING - Could not parse date: 04/28/25
2025-08-15 17:22:14,524 - ExcelTemplateManager - WARNING - Could not parse date: 04/28/25
2025-08-15 17:22:14,524 - ExcelTemplateManager - WARNING - Could not parse date: 04/28/25
2025-08-15 17:22:14,524 - ExcelTemplateManager - WARNING - Could not parse date: 04/28/25
2025-08-15 17:22:14,524 - ExcelTemplateManager - WARNING - Could not parse date: 04/28/25
2025-08-15 17:22:14,524 - ExcelTemplateManager - WARNING - Could not parse date: 04/28/25
2025-08-15 17:22:14,524 - ExcelTemplateManager - WARNING - Could not parse date: 04/28/25
2025-08-15 17:22:14,524 - ExcelTemplateManager - WARNING - Could not parse date: 04/28/25
2025-08-15 17:22:14,524 - ExcelTemplateManager - WARNING - Could not parse date: 04/28/25
2025-08-15 17:22:14,524 - ExcelTemplateManager - WARNING - Could not parse date: 04/28/25
2025-08-15 17:22:14,524 - ExcelTemplateManager - WARNING - Could not parse date: 04/28/25
2025-08-15 17:22:14,524 - ExcelTemplateManager - WARNING - Could not parse date: 04/29/25
2025-08-15 17:22:14,524 - ExcelTemplateManager - WARNING - Could not parse date: 04/29/25
2025-08-15 17:22:14,524 - ExcelTemplateManager - WARNING - Could not parse date: 04/29/25
2025-08-15 17:22:14,524 - ExcelTemplateManager - WARNING - Could not parse date: 04/29/25
2025-08-15 17:22:14,525 - ExcelTemplateManager - WARNING - Could not parse date: 04/29/25
2025-08-15 17:22:14,525 - ExcelTemplateManager - WARNING - Could not parse date: 04/29/25
2025-08-15 17:22:14,525 - ExcelTemplateManager - WARNING - Could not parse date: 04/29/25
2025-08-15 17:22:14,525 - ExcelTemplateManager - WARNING - Could not parse date: 04/29/25
2025-08-15 17:22:14,525 - ExcelTemplateManager - WARNING - Could not parse date: 04/29/25
2025-08-15 17:22:14,525 - ExcelTemplateManager - WARNING - Could not parse date: 04/29/25
2025-08-15 17:22:14,525 - ExcelTemplateManager - WARNING - Could not parse date: 04/29/25
2025-08-15 17:22:14,525 - ExcelTemplateManager - WARNING - Could not parse date: 04/29/25
2025-08-15 17:22:14,525 - ExcelTemplateManager - WARNING - Could not parse date: 04/29/25
2025-08-15 17:22:14,525 - ExcelTemplateManager - WARNING - Could not parse date: 04/29/25
2025-08-15 17:22:14,525 - ExcelTemplateManager - WARNING - Could not parse date: 04/29/25
2025-08-15 17:22:14,525 - ExcelTemplateManager - WARNING - Could not parse date: 04/29/25
2025-08-15 17:22:14,525 - ExcelTemplateManager - WARNING - Could not parse date: 04/30/25
2025-08-15 17:22:14,525 - ExcelTemplateManager - WARNING - Could not parse date: 04/30/25
2025-08-15 17:22:14,526 - ExcelTemplateManager - WARNING - Could not parse date: 04/30/25
2025-08-15 17:22:14,526 - ExcelTemplateManager - WARNING - Could not parse date: 04/30/25
2025-08-15 17:22:14,526 - ExcelTemplateManager - WARNING - Could not parse date: 04/30/25
2025-08-15 17:22:14,526 - ExcelTemplateManager - WARNING - Could not parse date: 04/30/25
2025-08-15 17:22:14,526 - ExcelTemplateManager - WARNING - Could not parse date: 04/30/25
2025-08-15 17:22:14,526 - ExcelTemplateManager - WARNING - Could not parse date: 04/30/25
2025-08-15 17:22:14,526 - ExcelTemplateManager - WARNING - Could not parse date: 04/30/25
2025-08-15 17:22:14,526 - ExcelTemplateManager - WARNING - Could not parse date: 04/30/25
2025-08-15 17:22:14,526 - ExcelTemplateManager - WARNING - Could not parse date: 04/30/25
2025-08-15 17:22:14,526 - ExcelTemplateManager - WARNING - Could not parse date: 04/30/25
2025-08-15 17:22:14,527 - ExcelTemplateManager - WARNING - Could not parse date: 04/30/25
2025-08-15 17:22:14,527 - ExcelTemplateManager - WARNING - Could not parse date: 04/30/25
2025-08-15 17:22:14,527 - ExcelTemplateManager - WARNING - Could not parse date: 04/30/25
2025-08-15 17:22:14,527 - ExcelTemplateManager - WARNING - Could not parse date: 04/30/25
2025-08-15 17:22:14,527 - ExcelTemplateManager - WARNING - Could not parse date: 04/30/25
2025-08-15 17:22:14,527 - ExcelTemplateManager - WARNING - Could not parse date: 04/30/25
2025-08-15 17:22:14,532 - ExcelTemplateManager - WARNING - Could not parse date: 05/14/25
2025-08-15 17:22:14,533 - ExcelTemplateManager - WARNING - Could not parse date: 05/14/25
2025-08-15 17:22:14,533 - ExcelTemplateManager - WARNING - Could not parse date: 05/14/25
2025-08-15 17:22:14,533 - ExcelTemplateManager - WARNING - Could not parse date: 05/14/25
2025-08-15 17:22:14,533 - ExcelTemplateManager - WARNING - Could not parse date: 05/14/25
2025-08-15 17:22:14,533 - ExcelTemplateManager - WARNING - Could not parse date: 05/14/25
2025-08-15 17:22:14,533 - ExcelTemplateManager - WARNING - Could not parse date: 05/14/25
2025-08-15 17:22:14,533 - ExcelTemplateManager - WARNING - Could not parse date: 05/14/25
2025-08-15 17:22:14,533 - ExcelTemplateManager - WARNING - Could not parse date: 05/14/25
2025-08-15 17:22:14,533 - ExcelTemplateManager - WARNING - Could not parse date: 05/14/25
2025-08-15 17:22:14,533 - ExcelTemplateManager - WARNING - Could not parse date: 05/15/25
2025-08-15 17:22:14,533 - ExcelTemplateManager - WARNING - Could not parse date: 05/15/25
2025-08-15 17:22:14,533 - ExcelTemplateManager - WARNING - Could not parse date: 05/15/25
2025-08-15 17:22:14,533 - ExcelTemplateManager - WARNING - Could not parse date: 05/15/25
2025-08-15 17:22:14,534 - ExcelTemplateManager - WARNING - Could not parse date: 05/15/25
2025-08-15 17:22:14,534 - ExcelTemplateManager - WARNING - Could not parse date: 05/15/25
2025-08-15 17:22:14,534 - ExcelTemplateManager - WARNING - Could not parse date: 05/15/25
2025-08-15 17:22:14,534 - ExcelTemplateManager - WARNING - Could not parse date: 05/15/25
2025-08-15 17:22:14,534 - ExcelTemplateManager - WARNING - Could not parse date: 05/15/25
2025-08-15 17:22:14,534 - ExcelTemplateManager - WARNING - Could not parse date: 05/15/25
2025-08-15 17:22:14,534 - ExcelTemplateManager - WARNING - Could not parse date: 05/15/25
2025-08-15 17:22:14,534 - ExcelTemplateManager - WARNING - Could not parse date: 05/15/25
2025-08-15 17:22:14,534 - ExcelTemplateManager - WARNING - Could not parse date: 05/15/25
2025-08-15 17:22:14,534 - ExcelTemplateManager - WARNING - Could not parse date: 05/15/25
2025-08-15 17:22:14,534 - ExcelTemplateManager - WARNING - Could not parse date: 05/15/25
2025-08-15 17:22:14,534 - ExcelTemplateManager - WARNING - Could not parse date: 05/15/25
2025-08-15 17:22:14,534 - ExcelTemplateManager - WARNING - Could not parse date: 05/15/25
2025-08-15 17:22:14,534 - ExcelTemplateManager - WARNING - Could not parse date: 05/15/25
2025-08-15 17:22:14,535 - ExcelTemplateManager - WARNING - Could not parse date: 05/17/25
2025-08-15 17:22:14,535 - ExcelTemplateManager - WARNING - Could not parse date: 05/17/25
2025-08-15 17:22:14,535 - ExcelTemplateManager - WARNING - Could not parse date: 05/17/25
2025-08-15 17:22:14,535 - ExcelTemplateManager - WARNING - Could not parse date: 05/17/25
2025-08-15 17:22:14,535 - ExcelTemplateManager - WARNING - Could not parse date: 05/17/25
2025-08-15 17:22:14,535 - ExcelTemplateManager - WARNING - Could not parse date: 05/17/25
2025-08-15 17:22:14,535 - ExcelTemplateManager - WARNING - Could not parse date: 05/17/25
2025-08-15 17:22:14,535 - ExcelTemplateManager - WARNING - Could not parse date: 05/17/25
2025-08-15 17:22:14,535 - ExcelTemplateManager - WARNING - Could not parse date: 05/17/25
2025-08-15 17:22:14,535 - ExcelTemplateManager - WARNING - Could not parse date: 05/17/25
2025-08-15 17:22:14,535 - ExcelTemplateManager - WARNING - Could not parse date: 05/17/25
2025-08-15 17:22:14,535 - ExcelTemplateManager - WARNING - Could not parse date: 05/17/25
2025-08-15 17:22:14,535 - ExcelTemplateManager - WARNING - Could not parse date: 05/18/25
2025-08-15 17:22:14,535 - ExcelTemplateManager - WARNING - Could not parse date: 05/18/25
2025-08-15 17:22:14,536 - ExcelTemplateManager - WARNING - Could not parse date: 05/19/25
2025-08-15 17:22:14,536 - ExcelTemplateManager - WARNING - Could not parse date: 05/19/25
2025-08-15 17:22:14,536 - ExcelTemplateManager - WARNING - Could not parse date: 05/19/25
2025-08-15 17:22:14,536 - ExcelTemplateManager - WARNING - Could not parse date: 05/19/25
2025-08-15 17:22:14,536 - ExcelTemplateManager - WARNING - Could not parse date: 05/19/25
2025-08-15 17:22:14,536 - ExcelTemplateManager - WARNING - Could not parse date: 05/19/25
2025-08-15 17:22:14,536 - ExcelTemplateManager - WARNING - Could not parse date: 05/19/25
2025-08-15 17:22:14,536 - ExcelTemplateManager - WARNING - Could not parse date: 05/19/25
2025-08-15 17:22:14,536 - ExcelTemplateManager - WARNING - Could not parse date: 05/20/25
2025-08-15 17:22:14,536 - ExcelTemplateManager - WARNING - Could not parse date: 05/20/25
2025-08-15 17:22:14,536 - ExcelTemplateManager - WARNING - Could not parse date: 05/20/25
2025-08-15 17:22:14,536 - ExcelTemplateManager - WARNING - Could not parse date: 05/20/25
2025-08-15 17:22:14,536 - ExcelTemplateManager - WARNING - Could not parse date: 05/20/25
2025-08-15 17:22:14,537 - ExcelTemplateManager - WARNING - Could not parse date: 05/20/25
2025-08-15 17:22:14,537 - ExcelTemplateManager - WARNING - Could not parse date: 05/20/25
2025-08-15 17:22:14,537 - ExcelTemplateManager - WARNING - Could not parse date: 05/20/25
2025-08-15 17:22:14,537 - ExcelTemplateManager - WARNING - Could not parse date: 05/20/25
2025-08-15 17:22:14,537 - ExcelTemplateManager - WARNING - Could not parse date: 05/20/25
2025-08-15 17:22:14,537 - ExcelTemplateManager - WARNING - Could not parse date: 05/20/25
2025-08-15 17:22:14,537 - ExcelTemplateManager - WARNING - Could not parse date: 05/20/25
2025-08-15 17:22:14,537 - ExcelTemplateManager - WARNING - Could not parse date: 05/20/25
2025-08-15 17:22:14,537 - ExcelTemplateManager - WARNING - Could not parse date: 05/20/25
2025-08-15 17:22:14,537 - ExcelTemplateManager - WARNING - Could not parse date: 05/22/25
2025-08-15 17:22:14,537 - ExcelTemplateManager - WARNING - Could not parse date: 05/22/25
2025-08-15 17:22:14,537 - ExcelTemplateManager - WARNING - Could not parse date: 05/22/25
2025-08-15 17:22:14,537 - ExcelTemplateManager - WARNING - Could not parse date: 05/22/25
2025-08-15 17:22:14,538 - ExcelTemplateManager - WARNING - Could not parse date: 05/22/25
2025-08-15 17:22:14,538 - ExcelTemplateManager - WARNING - Could not parse date: 05/22/25
2025-08-15 17:22:14,538 - ExcelTemplateManager - WARNING - Could not parse date: 05/22/25
2025-08-15 17:22:14,538 - ExcelTemplateManager - WARNING - Could not parse date: 05/22/25
2025-08-15 17:22:14,538 - ExcelTemplateManager - WARNING - Could not parse date: 05/22/25
2025-08-15 17:22:14,538 - ExcelTemplateManager - WARNING - Could not parse date: 05/22/25
2025-08-15 17:22:14,538 - ExcelTemplateManager - WARNING - Could not parse date: 05/23/25
2025-08-15 17:22:14,538 - ExcelTemplateManager - WARNING - Could not parse date: 05/23/25
2025-08-15 17:22:14,538 - ExcelTemplateManager - WARNING - Could not parse date: 05/23/25
2025-08-15 17:22:14,538 - ExcelTemplateManager - WARNING - Could not parse date: 05/23/25
2025-08-15 17:22:14,538 - ExcelTemplateManager - WARNING - Could not parse date: 05/24/25
2025-08-15 17:22:14,538 - ExcelTemplateManager - WARNING - Could not parse date: 05/24/25
2025-08-15 17:22:14,539 - ExcelTemplateManager - WARNING - Could not parse date: 05/24/25
2025-08-15 17:22:14,539 - ExcelTemplateManager - WARNING - Could not parse date: 05/24/25
2025-08-15 17:22:14,539 - ExcelTemplateManager - WARNING - Could not parse date: 05/24/25
2025-08-15 17:22:14,539 - ExcelTemplateManager - WARNING - Could not parse date: 05/24/25
2025-08-15 17:22:14,539 - ExcelTemplateManager - WARNING - Could not parse date: 05/24/25
2025-08-15 17:22:14,539 - ExcelTemplateManager - WARNING - Could not parse date: 05/24/25
2025-08-15 17:22:14,539 - ExcelTemplateManager - WARNING - Could not parse date: 05/24/25
2025-08-15 17:22:14,539 - ExcelTemplateManager - WARNING - Could not parse date: 05/24/25
2025-08-15 17:22:14,539 - ExcelTemplateManager - WARNING - Could not parse date: 05/24/25
2025-08-15 17:22:14,539 - ExcelTemplateManager - WARNING - Could not parse date: 05/24/25
2025-08-15 17:22:14,539 - ExcelTemplateManager - WARNING - Could not parse date: 05/25/25
2025-08-15 17:22:14,539 - ExcelTemplateManager - WARNING - Could not parse date: 05/25/25
2025-08-15 17:22:14,539 - ExcelTemplateManager - WARNING - Could not parse date: 05/25/25
2025-08-15 17:22:14,540 - ExcelTemplateManager - WARNING - Could not parse date: 05/25/25
2025-08-15 17:22:14,540 - ExcelTemplateManager - WARNING - Could not parse date: 05/25/25
2025-08-15 17:22:14,540 - ExcelTemplateManager - WARNING - Could not parse date: 05/25/25
2025-08-15 17:22:14,540 - ExcelTemplateManager - WARNING - Could not parse date: 05/25/25
2025-08-15 17:22:14,540 - ExcelTemplateManager - WARNING - Could not parse date: 05/25/25
2025-08-15 17:22:14,540 - ExcelTemplateManager - WARNING - Could not parse date: 05/25/25
2025-08-15 17:22:14,540 - ExcelTemplateManager - WARNING - Could not parse date: 05/25/25
2025-08-15 17:22:14,540 - ExcelTemplateManager - WARNING - Could not parse date: 05/25/25
2025-08-15 17:22:14,540 - ExcelTemplateManager - WARNING - Could not parse date: 05/25/25
2025-08-15 17:22:14,540 - ExcelTemplateManager - WARNING - Could not parse date: 05/26/25
2025-08-15 17:22:14,540 - ExcelTemplateManager - WARNING - Could not parse date: 05/26/25
2025-08-15 17:22:14,540 - ExcelTemplateManager - WARNING - Could not parse date: 05/26/25
2025-08-15 17:22:14,540 - ExcelTemplateManager - WARNING - Could not parse date: 05/26/25
2025-08-15 17:22:14,540 - ExcelTemplateManager - WARNING - Could not parse date: 05/26/25
2025-08-15 17:22:14,541 - ExcelTemplateManager - WARNING - Could not parse date: 05/26/25
2025-08-15 17:22:14,541 - ExcelTemplateManager - WARNING - Could not parse date: 05/26/25
2025-08-15 17:22:14,541 - ExcelTemplateManager - WARNING - Could not parse date: 05/26/25
2025-08-15 17:22:14,541 - ExcelTemplateManager - WARNING - Could not parse date: 05/26/25
2025-08-15 17:22:14,541 - ExcelTemplateManager - WARNING - Could not parse date: 05/26/25
2025-08-15 17:22:14,541 - ExcelTemplateManager - WARNING - Could not parse date: 05/26/25
2025-08-15 17:22:14,541 - ExcelTemplateManager - WARNING - Could not parse date: 05/26/25
2025-08-15 17:22:14,541 - ExcelTemplateManager - WARNING - Could not parse date: 05/26/25
2025-08-15 17:22:14,541 - ExcelTemplateManager - WARNING - Could not parse date: 05/26/25
2025-08-15 17:22:14,541 - ExcelTemplateManager - WARNING - Could not parse date: 05/26/25
2025-08-15 17:22:14,541 - ExcelTemplateManager - WARNING - Could not parse date: 05/26/25
2025-08-15 17:22:14,541 - ExcelTemplateManager - WARNING - Could not parse date: 05/28/25
2025-08-15 17:22:14,541 - ExcelTemplateManager - WARNING - Could not parse date: 05/28/25
2025-08-15 17:22:14,542 - ExcelTemplateManager - WARNING - Could not parse date: 05/28/25
2025-08-15 17:22:14,542 - ExcelTemplateManager - WARNING - Could not parse date: 05/28/25
2025-08-15 17:22:14,542 - ExcelTemplateManager - WARNING - Could not parse date: 05/28/25
2025-08-15 17:22:14,542 - ExcelTemplateManager - WARNING - Could not parse date: 05/28/25
2025-08-15 17:22:14,542 - ExcelTemplateManager - WARNING - Could not parse date: 05/28/25
2025-08-15 17:22:14,542 - ExcelTemplateManager - WARNING - Could not parse date: 05/28/25
2025-08-15 17:22:14,542 - ExcelTemplateManager - WARNING - Could not parse date: 05/28/25
2025-08-15 17:22:14,542 - ExcelTemplateManager - WARNING - Could not parse date: 05/28/25
2025-08-15 17:22:14,542 - ExcelTemplateManager - WARNING - Could not parse date: 05/28/25
2025-08-15 17:22:14,542 - ExcelTemplateManager - WARNING - Could not parse date: 05/28/25
2025-08-15 17:22:14,542 - ExcelTemplateManager - WARNING - Could not parse date: 05/30/25
2025-08-15 17:22:14,542 - ExcelTemplateManager - WARNING - Could not parse date: 05/30/25
2025-08-15 17:22:14,545 - ExcelTemplateManager - WARNING - Could not parse date: 06/13/25
2025-08-15 17:22:14,545 - ExcelTemplateManager - WARNING - Could not parse date: 06/13/25
2025-08-15 17:22:14,545 - ExcelTemplateManager - WARNING - Could not parse date: 06/14/25
2025-08-15 17:22:14,545 - ExcelTemplateManager - WARNING - Could not parse date: 06/14/25
2025-08-15 17:22:14,545 - ExcelTemplateManager - WARNING - Could not parse date: 06/15/25
2025-08-15 17:22:14,545 - ExcelTemplateManager - WARNING - Could not parse date: 06/15/25
2025-08-15 17:22:14,545 - ExcelTemplateManager - WARNING - Could not parse date: 06/16/25
2025-08-15 17:22:14,545 - ExcelTemplateManager - WARNING - Could not parse date: 06/16/25
2025-08-15 17:22:14,545 - ExcelTemplateManager - WARNING - Could not parse date: 06/16/25
2025-08-15 17:22:14,545 - ExcelTemplateManager - WARNING - Could not parse date: 06/16/25
2025-08-15 17:22:14,546 - ExcelTemplateManager - WARNING - Could not parse date: 06/17/25
2025-08-15 17:22:14,546 - ExcelTemplateManager - WARNING - Could not parse date: 06/17/25
2025-08-15 17:22:14,546 - ExcelTemplateManager - WARNING - Could not parse date: 06/17/25
2025-08-15 17:22:14,546 - ExcelTemplateManager - WARNING - Could not parse date: 06/17/25
2025-08-15 17:22:14,546 - ExcelTemplateManager - WARNING - Could not parse date: 06/17/25
2025-08-15 17:22:14,546 - ExcelTemplateManager - WARNING - Could not parse date: 06/17/25
2025-08-15 17:22:14,546 - ExcelTemplateManager - WARNING - Could not parse date: 06/18/25
2025-08-15 17:22:14,546 - ExcelTemplateManager - WARNING - Could not parse date: 06/18/25
2025-08-15 17:22:14,546 - ExcelTemplateManager - WARNING - Could not parse date: 06/18/25
2025-08-15 17:22:14,547 - ExcelTemplateManager - WARNING - Could not parse date: 06/18/25
2025-08-15 17:22:14,547 - ExcelTemplateManager - WARNING - Could not parse date: 06/18/25
2025-08-15 17:22:14,547 - ExcelTemplateManager - WARNING - Could not parse date: 06/18/25
2025-08-15 17:22:14,547 - ExcelTemplateManager - WARNING - Could not parse date: 06/18/25
2025-08-15 17:22:14,547 - ExcelTemplateManager - WARNING - Could not parse date: 06/18/25
2025-08-15 17:22:14,547 - ExcelTemplateManager - WARNING - Could not parse date: 06/18/25
2025-08-15 17:22:14,547 - ExcelTemplateManager - WARNING - Could not parse date: 06/18/25
2025-08-15 17:22:14,547 - ExcelTemplateManager - WARNING - Could not parse date: 06/19/25
2025-08-15 17:22:14,547 - ExcelTemplateManager - WARNING - Could not parse date: 06/19/25
2025-08-15 17:22:14,547 - ExcelTemplateManager - WARNING - Could not parse date: 06/20/25
2025-08-15 17:22:14,547 - ExcelTemplateManager - WARNING - Could not parse date: 06/20/25
2025-08-15 17:22:14,548 - ExcelTemplateManager - WARNING - Could not parse date: 06/20/25
2025-08-15 17:22:14,548 - ExcelTemplateManager - WARNING - Could not parse date: 06/20/25
2025-08-15 17:22:14,548 - ExcelTemplateManager - WARNING - Could not parse date: 06/21/25
2025-08-15 17:22:14,548 - ExcelTemplateManager - WARNING - Could not parse date: 06/21/25
2025-08-15 17:22:14,548 - ExcelTemplateManager - WARNING - Could not parse date: 06/22/25
2025-08-15 17:22:14,548 - ExcelTemplateManager - WARNING - Could not parse date: 06/22/25
2025-08-15 17:22:14,548 - ExcelTemplateManager - WARNING - Could not parse date: 06/22/25
2025-08-15 17:22:14,548 - ExcelTemplateManager - WARNING - Could not parse date: 06/22/25
2025-08-15 17:22:14,548 - ExcelTemplateManager - WARNING - Could not parse date: 06/23/25
2025-08-15 17:22:14,548 - ExcelTemplateManager - WARNING - Could not parse date: 06/23/25
2025-08-15 17:22:14,548 - ExcelTemplateManager - WARNING - Could not parse date: 06/24/25
2025-08-15 17:22:14,548 - ExcelTemplateManager - WARNING - Could not parse date: 06/24/25
2025-08-15 17:22:14,548 - ExcelTemplateManager - WARNING - Could not parse date: 06/24/25
2025-08-15 17:22:14,549 - ExcelTemplateManager - WARNING - Could not parse date: 06/24/25
2025-08-15 17:22:14,549 - ExcelTemplateManager - WARNING - Could not parse date: 06/24/25
2025-08-15 17:22:14,549 - ExcelTemplateManager - WARNING - Could not parse date: 06/24/25
2025-08-15 17:22:14,549 - ExcelTemplateManager - WARNING - Could not parse date: 06/25/25
2025-08-15 17:22:14,549 - ExcelTemplateManager - WARNING - Could not parse date: 06/25/25
2025-08-15 17:22:14,549 - ExcelTemplateManager - WARNING - Could not parse date: 06/25/25
2025-08-15 17:22:14,549 - ExcelTemplateManager - WARNING - Could not parse date: 06/25/25
2025-08-15 17:22:14,549 - ExcelTemplateManager - WARNING - Could not parse date: 06/25/25
2025-08-15 17:22:14,549 - ExcelTemplateManager - WARNING - Could not parse date: 06/25/25
2025-08-15 17:22:14,549 - ExcelTemplateManager - WARNING - Could not parse date: 06/25/25
2025-08-15 17:22:14,549 - ExcelTemplateManager - WARNING - Could not parse date: 06/25/25
2025-08-15 17:22:14,549 - ExcelTemplateManager - WARNING - Could not parse date: 06/25/25
2025-08-15 17:22:14,549 - ExcelTemplateManager - WARNING - Could not parse date: 06/25/25
2025-08-15 17:22:14,550 - ExcelTemplateManager - WARNING - Could not parse date: 06/25/25
2025-08-15 17:22:14,550 - ExcelTemplateManager - WARNING - Could not parse date: 06/25/25
2025-08-15 17:22:14,550 - ExcelTemplateManager - WARNING - Could not parse date: 06/27/25
2025-08-15 17:22:14,550 - ExcelTemplateManager - WARNING - Could not parse date: 06/27/25
2025-08-15 17:22:14,550 - ExcelTemplateManager - WARNING - Could not parse date: 06/27/25
2025-08-15 17:22:14,550 - ExcelTemplateManager - WARNING - Could not parse date: 06/27/25
2025-08-15 17:22:14,550 - ExcelTemplateManager - WARNING - Could not parse date: 06/27/25
2025-08-15 17:22:14,550 - ExcelTemplateManager - WARNING - Could not parse date: 06/27/25
2025-08-15 17:22:14,550 - ExcelTemplateManager - WARNING - Could not parse date: 06/27/25
2025-08-15 17:22:14,550 - ExcelTemplateManager - WARNING - Could not parse date: 06/27/25
2025-08-15 17:22:14,550 - ExcelTemplateManager - WARNING - Could not parse date: 06/27/25
2025-08-15 17:22:14,550 - ExcelTemplateManager - WARNING - Could not parse date: 06/27/25
2025-08-15 17:22:14,551 - ExcelTemplateManager - WARNING - Could not parse date: 06/28/25
2025-08-15 17:22:14,551 - ExcelTemplateManager - WARNING - Could not parse date: 06/28/25
2025-08-15 17:22:14,551 - ExcelTemplateManager - WARNING - Could not parse date: 06/29/25
2025-08-15 17:22:14,551 - ExcelTemplateManager - WARNING - Could not parse date: 06/29/25
2025-08-15 17:22:14,551 - ExcelTemplateManager - WARNING - Could not parse date: 06/29/25
2025-08-15 17:22:14,551 - ExcelTemplateManager - WARNING - Could not parse date: 06/29/25
2025-08-15 17:22:14,551 - ExcelTemplateManager - WARNING - Could not parse date: 06/29/25
2025-08-15 17:22:14,551 - ExcelTemplateManager - WARNING - Could not parse date: 06/29/25
2025-08-15 17:22:14,551 - ExcelTemplateManager - WARNING - Could not parse date: 06/30/25
2025-08-15 17:22:14,551 - ExcelTemplateManager - WARNING - Could not parse date: 06/29/25
2025-08-15 17:22:14,556 - ExcelTemplateManager - WARNING - Could not parse date: 07/13/25
2025-08-15 17:22:14,556 - ExcelTemplateManager - WARNING - Could not parse date: 07/13/25
2025-08-15 17:22:14,556 - ExcelTemplateManager - WARNING - Could not parse date: 07/13/25
2025-08-15 17:22:14,556 - ExcelTemplateManager - WARNING - Could not parse date: 07/13/25
2025-08-15 17:22:14,556 - ExcelTemplateManager - WARNING - Could not parse date: 07/14/25
2025-08-15 17:22:14,556 - ExcelTemplateManager - WARNING - Could not parse date: 07/14/25
2025-08-15 17:22:14,557 - ExcelTemplateManager - WARNING - Could not parse date: 07/14/25
2025-08-15 17:22:14,557 - ExcelTemplateManager - WARNING - Could not parse date: 07/14/25
2025-08-15 17:22:14,557 - ExcelTemplateManager - WARNING - Could not parse date: 07/14/25
2025-08-15 17:22:14,557 - ExcelTemplateManager - WARNING - Could not parse date: 07/14/25
2025-08-15 17:22:14,557 - ExcelTemplateManager - WARNING - Could not parse date: 07/15/25
2025-08-15 17:22:14,557 - ExcelTemplateManager - WARNING - Could not parse date: 07/15/25
2025-08-15 17:22:14,557 - ExcelTemplateManager - WARNING - Could not parse date: 07/15/25
2025-08-15 17:22:14,557 - ExcelTemplateManager - WARNING - Could not parse date: 07/15/25
2025-08-15 17:22:14,557 - ExcelTemplateManager - WARNING - Could not parse date: 07/15/25
2025-08-15 17:22:14,557 - ExcelTemplateManager - WARNING - Could not parse date: 07/15/25
2025-08-15 17:22:14,557 - ExcelTemplateManager - WARNING - Could not parse date: 07/15/25
2025-08-15 17:22:14,557 - ExcelTemplateManager - WARNING - Could not parse date: 07/15/25
2025-08-15 17:22:14,557 - ExcelTemplateManager - WARNING - Could not parse date: 07/15/25
2025-08-15 17:22:14,558 - ExcelTemplateManager - WARNING - Could not parse date: 07/15/25
2025-08-15 17:22:14,558 - ExcelTemplateManager - WARNING - Could not parse date: 07/15/25
2025-08-15 17:22:14,558 - ExcelTemplateManager - WARNING - Could not parse date: 07/15/25
2025-08-15 17:22:14,558 - ExcelTemplateManager - WARNING - Could not parse date: 07/16/25
2025-08-15 17:22:14,558 - ExcelTemplateManager - WARNING - Could not parse date: 07/16/25
2025-08-15 17:22:14,558 - ExcelTemplateManager - WARNING - Could not parse date: 07/16/25
2025-08-15 17:22:14,558 - ExcelTemplateManager - WARNING - Could not parse date: 07/16/25
2025-08-15 17:22:14,558 - ExcelTemplateManager - WARNING - Could not parse date: 07/17/25
2025-08-15 17:22:14,558 - ExcelTemplateManager - WARNING - Could not parse date: 07/17/25
2025-08-15 17:22:14,558 - ExcelTemplateManager - WARNING - Could not parse date: 07/17/25
2025-08-15 17:22:14,558 - ExcelTemplateManager - WARNING - Could not parse date: 07/17/25
2025-08-15 17:22:14,558 - ExcelTemplateManager - WARNING - Could not parse date: 07/17/25
2025-08-15 17:22:14,558 - ExcelTemplateManager - WARNING - Could not parse date: 07/17/25
2025-08-15 17:22:14,559 - ExcelTemplateManager - WARNING - Could not parse date: 07/17/25
2025-08-15 17:22:14,559 - ExcelTemplateManager - WARNING - Could not parse date: 07/17/25
2025-08-15 17:22:14,559 - ExcelTemplateManager - WARNING - Could not parse date: 07/18/25
2025-08-15 17:22:14,559 - ExcelTemplateManager - WARNING - Could not parse date: 07/18/25
2025-08-15 17:22:14,559 - ExcelTemplateManager - WARNING - Could not parse date: 07/18/25
2025-08-15 17:22:14,559 - ExcelTemplateManager - WARNING - Could not parse date: 07/18/25
2025-08-15 17:22:14,559 - ExcelTemplateManager - WARNING - Could not parse date: 07/18/25
2025-08-15 17:22:14,559 - ExcelTemplateManager - WARNING - Could not parse date: 07/18/25
2025-08-15 17:22:14,559 - ExcelTemplateManager - WARNING - Could not parse date: 07/18/25
2025-08-15 17:22:14,559 - ExcelTemplateManager - WARNING - Could not parse date: 07/18/25
2025-08-15 17:22:14,559 - ExcelTemplateManager - WARNING - Could not parse date: 07/18/25
2025-08-15 17:22:14,559 - ExcelTemplateManager - WARNING - Could not parse date: 07/18/25
2025-08-15 17:22:14,559 - ExcelTemplateManager - WARNING - Could not parse date: 07/18/25
2025-08-15 17:22:14,559 - ExcelTemplateManager - WARNING - Could not parse date: 07/18/25
2025-08-15 17:22:14,560 - ExcelTemplateManager - WARNING - Could not parse date: 07/18/25
2025-08-15 17:22:14,560 - ExcelTemplateManager - WARNING - Could not parse date: 07/18/25
2025-08-15 17:22:14,560 - ExcelTemplateManager - WARNING - Could not parse date: 07/18/25
2025-08-15 17:22:14,560 - ExcelTemplateManager - WARNING - Could not parse date: 07/18/25
2025-08-15 17:22:14,560 - ExcelTemplateManager - WARNING - Could not parse date: 07/18/25
2025-08-15 17:22:14,560 - ExcelTemplateManager - WARNING - Could not parse date: 07/18/25
2025-08-15 17:22:14,560 - ExcelTemplateManager - WARNING - Could not parse date: 07/19/25
2025-08-15 17:22:14,560 - ExcelTemplateManager - WARNING - Could not parse date: 07/19/25
2025-08-15 17:22:14,560 - ExcelTemplateManager - WARNING - Could not parse date: 07/20/25
2025-08-15 17:22:14,560 - ExcelTemplateManager - WARNING - Could not parse date: 07/20/25
2025-08-15 17:22:14,560 - ExcelTemplateManager - WARNING - Could not parse date: 07/21/25
2025-08-15 17:22:14,560 - ExcelTemplateManager - WARNING - Could not parse date: 07/21/25
2025-08-15 17:22:14,560 - ExcelTemplateManager - WARNING - Could not parse date: 07/21/25
2025-08-15 17:22:14,561 - ExcelTemplateManager - WARNING - Could not parse date: 07/21/25
2025-08-15 17:22:14,561 - ExcelTemplateManager - WARNING - Could not parse date: 07/21/25
2025-08-15 17:22:14,561 - ExcelTemplateManager - WARNING - Could not parse date: 07/21/25
2025-08-15 17:22:14,561 - ExcelTemplateManager - WARNING - Could not parse date: 07/21/25
2025-08-15 17:22:14,561 - ExcelTemplateManager - WARNING - Could not parse date: 07/21/25
2025-08-15 17:22:14,561 - ExcelTemplateManager - WARNING - Could not parse date: 07/21/25
2025-08-15 17:22:14,561 - ExcelTemplateManager - WARNING - Could not parse date: 07/21/25
2025-08-15 17:22:14,561 - ExcelTemplateManager - WARNING - Could not parse date: 07/22/25
2025-08-15 17:22:14,561 - ExcelTemplateManager - WARNING - Could not parse date: 07/22/25
2025-08-15 17:22:14,561 - ExcelTemplateManager - WARNING - Could not parse date: 07/23/25
2025-08-15 17:22:14,561 - ExcelTemplateManager - WARNING - Could not parse date: 07/23/25
2025-08-15 17:22:14,561 - ExcelTemplateManager - WARNING - Could not parse date: 07/23/25
2025-08-15 17:22:14,562 - ExcelTemplateManager - WARNING - Could not parse date: 07/23/25
2025-08-15 17:22:14,562 - ExcelTemplateManager - WARNING - Could not parse date: 07/23/25
2025-08-15 17:22:14,562 - ExcelTemplateManager - WARNING - Could not parse date: 07/23/25
2025-08-15 17:22:14,562 - ExcelTemplateManager - WARNING - Could not parse date: 07/23/25
2025-08-15 17:22:14,562 - ExcelTemplateManager - WARNING - Could not parse date: 07/23/25
2025-08-15 17:22:14,562 - ExcelTemplateManager - WARNING - Could not parse date: 07/23/25
2025-08-15 17:22:14,562 - ExcelTemplateManager - WARNING - Could not parse date: 07/23/25
2025-08-15 17:22:14,562 - ExcelTemplateManager - WARNING - Could not parse date: 07/23/25
2025-08-15 17:22:14,562 - ExcelTemplateManager - WARNING - Could not parse date: 07/23/25
2025-08-15 17:22:14,562 - ExcelTemplateManager - WARNING - Could not parse date: 07/24/25
2025-08-15 17:22:14,562 - ExcelTemplateManager - WARNING - Could not parse date: 07/24/25
2025-08-15 17:22:14,563 - ExcelTemplateManager - WARNING - Could not parse date: 07/24/25
2025-08-15 17:22:14,563 - ExcelTemplateManager - WARNING - Could not parse date: 07/24/25
2025-08-15 17:22:14,563 - ExcelTemplateManager - WARNING - Could not parse date: 07/25/25
2025-08-15 17:22:14,563 - ExcelTemplateManager - WARNING - Could not parse date: 07/25/25
2025-08-15 17:22:14,563 - ExcelTemplateManager - WARNING - Could not parse date: 07/25/25
2025-08-15 17:22:14,563 - ExcelTemplateManager - WARNING - Could not parse date: 07/25/25
2025-08-15 17:22:14,563 - ExcelTemplateManager - WARNING - Could not parse date: 07/25/25
2025-08-15 17:22:14,563 - ExcelTemplateManager - WARNING - Could not parse date: 07/25/25
2025-08-15 17:22:14,563 - ExcelTemplateManager - WARNING - Could not parse date: 07/25/25
2025-08-15 17:22:14,563 - ExcelTemplateManager - WARNING - Could not parse date: 07/25/25
2025-08-15 17:22:14,563 - ExcelTemplateManager - WARNING - Could not parse date: 07/25/25
2025-08-15 17:22:14,564 - ExcelTemplateManager - WARNING - Could not parse date: 07/25/25
2025-08-15 17:22:14,564 - ExcelTemplateManager - WARNING - Could not parse date: 07/25/25
2025-08-15 17:22:14,564 - ExcelTemplateManager - WARNING - Could not parse date: 07/25/25
2025-08-15 17:22:14,564 - ExcelTemplateManager - WARNING - Could not parse date: 07/25/25
2025-08-15 17:22:14,564 - ExcelTemplateManager - WARNING - Could not parse date: 07/25/25
2025-08-15 17:22:14,564 - ExcelTemplateManager - WARNING - Could not parse date: 07/26/25
2025-08-15 17:22:14,564 - ExcelTemplateManager - WARNING - Could not parse date: 07/26/25
2025-08-15 17:22:14,564 - ExcelTemplateManager - WARNING - Could not parse date: 07/26/25
2025-08-15 17:22:14,564 - ExcelTemplateManager - WARNING - Could not parse date: 07/26/25
2025-08-15 17:22:14,564 - ExcelTemplateManager - WARNING - Could not parse date: 07/27/25
2025-08-15 17:22:14,564 - ExcelTemplateManager - WARNING - Could not parse date: 07/27/25
2025-08-15 17:22:14,564 - ExcelTemplateManager - WARNING - Could not parse date: 07/27/25
2025-08-15 17:22:14,564 - ExcelTemplateManager - WARNING - Could not parse date: 07/27/25
2025-08-15 17:22:14,564 - ExcelTemplateManager - WARNING - Could not parse date: 07/28/25
2025-08-15 17:22:14,565 - ExcelTemplateManager - WARNING - Could not parse date: 07/28/25
2025-08-15 17:22:14,565 - ExcelTemplateManager - WARNING - Could not parse date: 07/28/25
2025-08-15 17:22:14,565 - ExcelTemplateManager - WARNING - Could not parse date: 07/28/25
2025-08-15 17:22:14,565 - ExcelTemplateManager - WARNING - Could not parse date: 07/28/25
2025-08-15 17:22:14,565 - ExcelTemplateManager - WARNING - Could not parse date: 07/28/25
2025-08-15 17:22:14,565 - ExcelTemplateManager - WARNING - Could not parse date: 07/28/25
2025-08-15 17:22:14,565 - ExcelTemplateManager - WARNING - Could not parse date: 07/28/25
2025-08-15 17:22:14,565 - ExcelTemplateManager - WARNING - Could not parse date: 07/28/25
2025-08-15 17:22:14,565 - ExcelTemplateManager - WARNING - Could not parse date: 07/28/25
2025-08-15 17:22:14,565 - ExcelTemplateManager - WARNING - Could not parse date: 07/28/25
2025-08-15 17:22:14,565 - ExcelTemplateManager - WARNING - Could not parse date: 07/28/25
2025-08-15 17:22:14,565 - ExcelTemplateManager - WARNING - Could not parse date: 07/29/25
2025-08-15 17:22:14,565 - ExcelTemplateManager - WARNING - Could not parse date: 07/29/25
2025-08-15 17:22:14,566 - ExcelTemplateManager - WARNING - Could not parse date: 07/29/25
2025-08-15 17:22:14,566 - ExcelTemplateManager - WARNING - Could not parse date: 07/29/25
2025-08-15 17:22:14,566 - ExcelTemplateManager - WARNING - Could not parse date: 07/30/25
2025-08-15 17:22:14,566 - ExcelTemplateManager - WARNING - Could not parse date: 07/30/25
2025-08-15 17:22:14,566 - ExcelTemplateManager - WARNING - Could not parse date: 07/30/25
2025-08-15 17:22:14,566 - ExcelTemplateManager - WARNING - Could not parse date: 07/30/25
2025-08-15 17:22:14,566 - ExcelTemplateManager - WARNING - Could not parse date: 07/30/25
2025-08-15 17:22:14,566 - ExcelTemplateManager - WARNING - Could not parse date: 07/30/25
2025-08-15 17:22:14,566 - ExcelTemplateManager - WARNING - Could not parse date: 07/30/25
2025-08-15 17:22:14,566 - ExcelTemplateManager - WARNING - Could not parse date: 07/30/25
2025-08-15 17:22:14,566 - ExcelTemplateManager - WARNING - Could not parse date: 07/30/25
2025-08-15 17:22:14,566 - ExcelTemplateManager - WARNING - Could not parse date: 07/30/25
2025-08-15 17:22:14,567 - ExcelTemplateManager - WARNING - Could not parse date: 07/30/25
2025-08-15 17:22:14,567 - ExcelTemplateManager - WARNING - Could not parse date: 07/30/25
2025-08-15 17:22:14,567 - ExcelTemplateManager - WARNING - Could not parse date: 07/30/25
2025-08-15 17:22:14,567 - ExcelTemplateManager - WARNING - Could not parse date: 07/30/25
2025-08-15 17:22:14,567 - ExcelTemplateManager - WARNING - Could not parse date: 07/31/25
2025-08-15 17:22:14,567 - ExcelTemplateManager - WARNING - Could not parse date: 07/31/25
2025-08-15 17:22:14,567 - ExcelTemplateManager - WARNING - Could not parse date: 07/31/25
2025-08-15 17:22:14,567 - ExcelTemplateManager - WARNING - Could not parse date: 07/31/25
2025-08-15 17:22:14,567 - ExcelTemplateManager - WARNING - Could not parse date: 07/31/25
2025-08-15 17:22:14,567 - ExcelTemplateManager - WARNING - Could not parse date: 07/31/25
2025-08-15 17:22:14,567 - ExcelTemplateManager - WARNING - Could not parse date: 07/31/25
2025-08-15 17:22:14,567 - ExcelTemplateManager - WARNING - Could not parse date: 07/31/25
2025-08-15 17:22:14,572 - ExcelTemplateManager - WARNING - Could not parse date: 08/13/25
2025-08-15 17:22:14,572 - ExcelTemplateManager - WARNING - Could not parse date: 08/13/25
2025-08-15 17:22:14,572 - ExcelTemplateManager - WARNING - Could not parse date: 08/13/25
2025-08-15 17:22:14,572 - ExcelTemplateManager - WARNING - Could not parse date: 08/13/25
2025-08-15 17:22:14,572 - ExcelTemplateManager - WARNING - Could not parse date: 08/13/25
2025-08-15 17:22:14,572 - ExcelTemplateManager - WARNING - Could not parse date: 08/13/25
2025-08-15 17:22:14,573 - ExcelTemplateManager - WARNING - Could not parse date: 08/13/25
2025-08-15 17:22:14,573 - ExcelTemplateManager - WARNING - Could not parse date: 08/13/25
2025-08-15 17:22:14,573 - ExcelTemplateManager - WARNING - Could not parse date: 08/13/25
2025-08-15 17:22:14,573 - ExcelTemplateManager - WARNING - Could not parse date: 08/13/25
2025-08-15 17:22:14,573 - ExcelTemplateManager - WARNING - Could not parse date: 08/14/25
2025-08-15 17:22:14,573 - ExcelTemplateManager - WARNING - Could not parse date: 08/14/25
2025-08-15 17:22:14,573 - ExcelTemplateManager - WARNING - Could not parse date: 08/14/25
2025-08-15 17:22:14,573 - ExcelTemplateManager - WARNING - Could not parse date: 08/14/25
2025-08-15 17:22:14,573 - ExcelTemplateManager - WARNING - Could not parse date: 08/14/25
2025-08-15 17:22:14,573 - ExcelTemplateManager - WARNING - Could not parse date: 08/14/25
2025-08-15 17:22:14,573 - ExcelTemplateManager - WARNING - Could not parse date: 08/14/25
2025-08-15 17:22:14,573 - ExcelTemplateManager - WARNING - Could not parse date: 08/14/25
2025-08-15 17:22:14,573 - ExcelTemplateManager - WARNING - Could not parse date: 08/14/25
2025-08-15 17:22:14,574 - ExcelTemplateManager - WARNING - Could not parse date: 08/14/25
2025-08-15 17:22:14,577 - ExcelTemplateManager - INFO - Converted 419 rows to standard format
2025-08-15 17:22:14,577 - __main__ - INFO - Successfully parsed 419 transactions
2025-08-15 17:22:14,577 - __main__ - INFO - Classifying transactions...
2025-08-15 17:22:14,577 - TransactionClassifier - INFO - Classifying 419 transactions
2025-08-15 17:22:14,590 - TransactionClassifier - INFO - Classification Summary:
2025-08-15 17:22:14,590 - TransactionClassifier - INFO -   salary: 204 transactions (48.7%)
2025-08-15 17:22:14,590 - TransactionClassifier - INFO -   unknown: 169 transactions (40.3%)
2025-08-15 17:22:14,590 - TransactionClassifier - INFO -   fixed_deposit: 14 transactions (3.3%)
2025-08-15 17:22:14,590 - TransactionClassifier - INFO -   food: 11 transactions (2.6%)
2025-08-15 17:22:14,590 - TransactionClassifier - INFO -   phone: 4 transactions (1.0%)
2025-08-15 17:22:14,590 - TransactionClassifier - INFO -   shopping: 4 transactions (1.0%)
2025-08-15 17:22:14,590 - TransactionClassifier - INFO -   transport: 3 transactions (0.7%)
2025-08-15 17:22:14,590 - TransactionClassifier - INFO -   groceries: 3 transactions (0.7%)
2025-08-15 17:22:14,590 - TransactionClassifier - INFO -   rent: 2 transactions (0.5%)
2025-08-15 17:22:14,590 - TransactionClassifier - INFO -   refund: 2 transactions (0.5%)
2025-08-15 17:22:14,590 - TransactionClassifier - INFO -   mutual_fund: 1 transactions (0.2%)
2025-08-15 17:22:14,590 - TransactionClassifier - INFO -   atm: 1 transactions (0.2%)
2025-08-15 17:22:14,590 - TransactionClassifier - INFO -   medical: 1 transactions (0.2%)
2025-08-15 17:22:14,590 - __main__ - INFO - Saving classified transactions to: classified_transactions.csv
2025-08-15 17:22:14,593 - __main__ - INFO - Generating beancount file: transactions.beancount
2025-08-15 17:22:14,605 - TransactionClassifier - INFO - Saved 419 beancount entries to transactions.beancount
2025-08-15 17:22:14,605 - __main__ - INFO - 
==================================================
2025-08-15 17:22:14,605 - __main__ - INFO - TRANSACTION PROCESSING SUMMARY
2025-08-15 17:22:14,605 - __main__ - INFO - ==================================================
2025-08-15 17:22:14,606 - __main__ - INFO - Total Transactions: 419
2025-08-15 17:22:14,606 - __main__ - INFO - Credit Transactions: 419
2025-08-15 17:22:14,606 - __main__ - INFO - Debit Transactions: 419
2025-08-15 17:22:14,606 - __main__ - WARNING - Could not calculate amounts: could not convert string to float: ''
2025-08-15 17:22:14,606 - __main__ - INFO - 
Category Breakdown:
2025-08-15 17:22:14,607 - __main__ - INFO -   salary: 204 (48.7%)
2025-08-15 17:22:14,607 - __main__ - INFO -   unknown: 169 (40.3%)
2025-08-15 17:22:14,607 - __main__ - INFO -   fixed_deposit: 14 (3.3%)
2025-08-15 17:22:14,607 - __main__ - INFO -   food: 11 (2.6%)
2025-08-15 17:22:14,607 - __main__ - INFO -   phone: 4 (1.0%)
2025-08-15 17:22:14,607 - __main__ - INFO -   shopping: 4 (1.0%)
2025-08-15 17:22:14,607 - __main__ - INFO -   transport: 3 (0.7%)
2025-08-15 17:22:14,607 - __main__ - INFO -   groceries: 3 (0.7%)
2025-08-15 17:22:14,607 - __main__ - INFO -   rent: 2 (0.5%)
2025-08-15 17:22:14,607 - __main__ - INFO -   refund: 2 (0.5%)
2025-08-15 17:22:14,609 - __main__ - INFO - 
Date Range: 01-01-2025 to 08-12-2025
2025-08-15 17:22:14,609 - __main__ - INFO - ==================================================
2025-08-15 17:22:14,609 - __main__ - INFO - Processing completed successfully!
2025-08-15 17:34:26,736 - __main__ - INFO - Parsing Excel file: OpTransactionHistory15-08-2025.xls
2025-08-15 17:34:26,736 - ExcelTemplateManager - INFO - Loaded template: ICICI Bank Statement Excel Template
2025-08-15 17:34:26,737 - ExcelTransactionParser - INFO - Parsing Excel file: OpTransactionHistory15-08-2025.xls
2025-08-15 17:34:26,748 - ExcelTransactionParser - INFO - Successfully read Excel file with xlrd engine
2025-08-15 17:34:26,748 - ExcelTransactionParser - INFO - Read 1021 rows and 9 columns
2025-08-15 17:34:26,748 - ExcelTransactionParser - INFO - Columns: ['Unnamed: 0', 'Unnamed: 1', 'Unnamed: 2', 'Unnamed: 3', 'Unnamed: 4', 'Unnamed: 5', 'Unnamed: 6', 'Unnamed: 7', 'Unnamed: 8']
2025-08-15 17:34:26,748 - ExcelTransactionParser - INFO - Using template-based parsing
2025-08-15 17:34:26,748 - ExcelTemplateManager - INFO - Parsing Excel file with template
2025-08-15 17:34:26,748 - ExcelTemplateManager - INFO - Detected header row at index 11 with 6 pattern matches
2025-08-15 17:34:26,749 - ExcelTemplateManager - INFO - Mapped date to column 3 (Unnamed: 3)
2025-08-15 17:34:26,749 - ExcelTemplateManager - INFO - Mapped value_date to column 2 (Unnamed: 2)
2025-08-15 17:34:26,749 - ExcelTemplateManager - INFO - Mapped description to column 5 (Unnamed: 5)
2025-08-15 17:34:26,749 - ExcelTemplateManager - INFO - Mapped reference to column 4 (Unnamed: 4)
2025-08-15 17:34:26,749 - ExcelTemplateManager - INFO - Mapped debit to column 6 (Unnamed: 6)
2025-08-15 17:34:26,749 - ExcelTemplateManager - INFO - Mapped credit to column 7 (Unnamed: 7)
2025-08-15 17:34:26,749 - ExcelTemplateManager - INFO - Mapped balance to column 8 (Unnamed: 8)
2025-08-15 17:34:26,749 - ExcelTemplateManager - INFO - Data starts at row 12
2025-08-15 17:34:26,750 - ExcelTemplateManager - WARNING - Could not parse date: 01/13/25
2025-08-15 17:34:26,751 - ExcelTemplateManager - WARNING - Could not parse date: 01/13/25
2025-08-15 17:34:26,751 - ExcelTemplateManager - WARNING - Could not parse date: 01/13/25
2025-08-15 17:34:26,751 - ExcelTemplateManager - WARNING - Could not parse date: 01/13/25
2025-08-15 17:34:26,751 - ExcelTemplateManager - WARNING - Could not parse date: 01/13/25
2025-08-15 17:34:26,751 - ExcelTemplateManager - WARNING - Could not parse date: 01/13/25
2025-08-15 17:34:26,751 - ExcelTemplateManager - WARNING - Could not parse date: 01/14/25
2025-08-15 17:34:26,751 - ExcelTemplateManager - WARNING - Could not parse date: 01/14/25
2025-08-15 17:34:26,751 - ExcelTemplateManager - WARNING - Could not parse date: 01/14/25
2025-08-15 17:34:26,751 - ExcelTemplateManager - WARNING - Could not parse date: 01/14/25
2025-08-15 17:34:26,751 - ExcelTemplateManager - WARNING - Could not parse date: 01/15/25
2025-08-15 17:34:26,751 - ExcelTemplateManager - WARNING - Could not parse date: 01/15/25
2025-08-15 17:34:26,751 - ExcelTemplateManager - WARNING - Could not parse date: 01/15/25
2025-08-15 17:34:26,751 - ExcelTemplateManager - WARNING - Could not parse date: 01/15/25
2025-08-15 17:34:26,751 - ExcelTemplateManager - WARNING - Could not parse date: 01/16/25
2025-08-15 17:34:26,751 - ExcelTemplateManager - WARNING - Could not parse date: 01/16/25
2025-08-15 17:34:26,751 - ExcelTemplateManager - WARNING - Could not parse date: 01/17/25
2025-08-15 17:34:26,751 - ExcelTemplateManager - WARNING - Could not parse date: 01/17/25
2025-08-15 17:34:26,751 - ExcelTemplateManager - WARNING - Could not parse date: 01/17/25
2025-08-15 17:34:26,752 - ExcelTemplateManager - WARNING - Could not parse date: 01/17/25
2025-08-15 17:34:26,752 - ExcelTemplateManager - WARNING - Could not parse date: 01/17/25
2025-08-15 17:34:26,752 - ExcelTemplateManager - WARNING - Could not parse date: 01/17/25
2025-08-15 17:34:26,752 - ExcelTemplateManager - WARNING - Could not parse date: 01/17/25
2025-08-15 17:34:26,752 - ExcelTemplateManager - WARNING - Could not parse date: 01/17/25
2025-08-15 17:34:26,752 - ExcelTemplateManager - WARNING - Could not parse date: 01/17/25
2025-08-15 17:34:26,752 - ExcelTemplateManager - WARNING - Could not parse date: 01/17/25
2025-08-15 17:34:26,752 - ExcelTemplateManager - WARNING - Could not parse date: 01/17/25
2025-08-15 17:34:26,752 - ExcelTemplateManager - WARNING - Could not parse date: 01/17/25
2025-08-15 17:34:26,752 - ExcelTemplateManager - WARNING - Could not parse date: 01/18/25
2025-08-15 17:34:26,752 - ExcelTemplateManager - WARNING - Could not parse date: 01/18/25
2025-08-15 17:34:26,752 - ExcelTemplateManager - WARNING - Could not parse date: 01/18/25
2025-08-15 17:34:26,752 - ExcelTemplateManager - WARNING - Could not parse date: 01/18/25
2025-08-15 17:34:26,752 - ExcelTemplateManager - WARNING - Could not parse date: 01/20/25
2025-08-15 17:34:26,752 - ExcelTemplateManager - WARNING - Could not parse date: 01/20/25
2025-08-15 17:34:26,752 - ExcelTemplateManager - WARNING - Could not parse date: 01/20/25
2025-08-15 17:34:26,752 - ExcelTemplateManager - WARNING - Could not parse date: 01/20/25
2025-08-15 17:34:26,752 - ExcelTemplateManager - WARNING - Could not parse date: 01/21/25
2025-08-15 17:34:26,752 - ExcelTemplateManager - WARNING - Could not parse date: 01/21/25
2025-08-15 17:34:26,752 - ExcelTemplateManager - WARNING - Could not parse date: 01/21/25
2025-08-15 17:34:26,752 - ExcelTemplateManager - WARNING - Could not parse date: 01/21/25
2025-08-15 17:34:26,752 - ExcelTemplateManager - WARNING - Could not parse date: 01/21/25
2025-08-15 17:34:26,752 - ExcelTemplateManager - WARNING - Could not parse date: 01/21/25
2025-08-15 17:34:26,753 - ExcelTemplateManager - WARNING - Could not parse date: 01/22/25
2025-08-15 17:34:26,753 - ExcelTemplateManager - WARNING - Could not parse date: 01/22/25
2025-08-15 17:34:26,753 - ExcelTemplateManager - WARNING - Could not parse date: 01/22/25
2025-08-15 17:34:26,753 - ExcelTemplateManager - WARNING - Could not parse date: 01/22/25
2025-08-15 17:34:26,753 - ExcelTemplateManager - WARNING - Could not parse date: 01/23/25
2025-08-15 17:34:26,753 - ExcelTemplateManager - WARNING - Could not parse date: 01/23/25
2025-08-15 17:34:26,753 - ExcelTemplateManager - WARNING - Could not parse date: 01/23/25
2025-08-15 17:34:26,753 - ExcelTemplateManager - WARNING - Could not parse date: 01/23/25
2025-08-15 17:34:26,754 - ExcelTemplateManager - WARNING - Could not parse date: 01/23/25
2025-08-15 17:34:26,754 - ExcelTemplateManager - WARNING - Could not parse date: 01/23/25
2025-08-15 17:34:26,754 - ExcelTemplateManager - WARNING - Could not parse date: 01/23/25
2025-08-15 17:34:26,754 - ExcelTemplateManager - WARNING - Could not parse date: 01/23/25
2025-08-15 17:34:26,754 - ExcelTemplateManager - WARNING - Could not parse date: 01/24/25
2025-08-15 17:34:26,754 - ExcelTemplateManager - WARNING - Could not parse date: 01/24/25
2025-08-15 17:34:26,754 - ExcelTemplateManager - WARNING - Could not parse date: 01/24/25
2025-08-15 17:34:26,754 - ExcelTemplateManager - WARNING - Could not parse date: 01/24/25
2025-08-15 17:34:26,754 - ExcelTemplateManager - WARNING - Could not parse date: 01/25/25
2025-08-15 17:34:26,754 - ExcelTemplateManager - WARNING - Could not parse date: 01/25/25
2025-08-15 17:34:26,754 - ExcelTemplateManager - WARNING - Could not parse date: 01/25/25
2025-08-15 17:34:26,754 - ExcelTemplateManager - WARNING - Could not parse date: 01/25/25
2025-08-15 17:34:26,754 - ExcelTemplateManager - WARNING - Could not parse date: 01/25/25
2025-08-15 17:34:26,754 - ExcelTemplateManager - WARNING - Could not parse date: 01/25/25
2025-08-15 17:34:26,754 - ExcelTemplateManager - WARNING - Could not parse date: 01/26/25
2025-08-15 17:34:26,754 - ExcelTemplateManager - WARNING - Could not parse date: 01/26/25
2025-08-15 17:34:26,754 - ExcelTemplateManager - WARNING - Could not parse date: 01/26/25
2025-08-15 17:34:26,754 - ExcelTemplateManager - WARNING - Could not parse date: 01/26/25
2025-08-15 17:34:26,754 - ExcelTemplateManager - WARNING - Could not parse date: 01/27/25
2025-08-15 17:34:26,754 - ExcelTemplateManager - WARNING - Could not parse date: 01/27/25
2025-08-15 17:34:26,754 - ExcelTemplateManager - WARNING - Could not parse date: 01/27/25
2025-08-15 17:34:26,754 - ExcelTemplateManager - WARNING - Could not parse date: 01/27/25
2025-08-15 17:34:26,755 - ExcelTemplateManager - WARNING - Could not parse date: 01/27/25
2025-08-15 17:34:26,755 - ExcelTemplateManager - WARNING - Could not parse date: 01/27/25
2025-08-15 17:34:26,755 - ExcelTemplateManager - WARNING - Could not parse date: 01/27/25
2025-08-15 17:34:26,755 - ExcelTemplateManager - WARNING - Could not parse date: 01/27/25
2025-08-15 17:34:26,755 - ExcelTemplateManager - WARNING - Could not parse date: 01/27/25
2025-08-15 17:34:26,755 - ExcelTemplateManager - WARNING - Could not parse date: 01/27/25
2025-08-15 17:34:26,755 - ExcelTemplateManager - WARNING - Could not parse date: 01/27/25
2025-08-15 17:34:26,755 - ExcelTemplateManager - WARNING - Could not parse date: 01/27/25
2025-08-15 17:34:26,755 - ExcelTemplateManager - WARNING - Could not parse date: 01/28/25
2025-08-15 17:34:26,755 - ExcelTemplateManager - WARNING - Could not parse date: 01/28/25
2025-08-15 17:34:26,755 - ExcelTemplateManager - WARNING - Could not parse date: 01/28/25
2025-08-15 17:34:26,755 - ExcelTemplateManager - WARNING - Could not parse date: 01/28/25
2025-08-15 17:34:26,755 - ExcelTemplateManager - WARNING - Could not parse date: 01/28/25
2025-08-15 17:34:26,755 - ExcelTemplateManager - WARNING - Could not parse date: 01/28/25
2025-08-15 17:34:26,755 - ExcelTemplateManager - WARNING - Could not parse date: 01/29/25
2025-08-15 17:34:26,755 - ExcelTemplateManager - WARNING - Could not parse date: 01/29/25
2025-08-15 17:34:26,755 - ExcelTemplateManager - WARNING - Could not parse date: 01/29/25
2025-08-15 17:34:26,755 - ExcelTemplateManager - WARNING - Could not parse date: 01/29/25
2025-08-15 17:34:26,755 - ExcelTemplateManager - WARNING - Could not parse date: 01/30/25
2025-08-15 17:34:26,755 - ExcelTemplateManager - WARNING - Could not parse date: 01/30/25
2025-08-15 17:34:26,755 - ExcelTemplateManager - WARNING - Could not parse date: 01/30/25
2025-08-15 17:34:26,755 - ExcelTemplateManager - WARNING - Could not parse date: 01/30/25
2025-08-15 17:34:26,755 - ExcelTemplateManager - WARNING - Could not parse date: 01/30/25
2025-08-15 17:34:26,755 - ExcelTemplateManager - WARNING - Could not parse date: 01/30/25
2025-08-15 17:34:26,756 - ExcelTemplateManager - WARNING - Could not parse date: 01/31/25
2025-08-15 17:34:26,756 - ExcelTemplateManager - WARNING - Could not parse date: 01/31/25
2025-08-15 17:34:26,756 - ExcelTemplateManager - WARNING - Could not parse date: 01/31/25
2025-08-15 17:34:26,756 - ExcelTemplateManager - WARNING - Could not parse date: 01/31/25
2025-08-15 17:34:26,756 - ExcelTemplateManager - WARNING - Could not parse date: 01/31/25
2025-08-15 17:34:26,756 - ExcelTemplateManager - WARNING - Could not parse date: 01/31/25
2025-08-15 17:34:26,756 - ExcelTemplateManager - WARNING - Could not parse date: 01/31/25
2025-08-15 17:34:26,756 - ExcelTemplateManager - WARNING - Could not parse date: 01/31/25
2025-08-15 17:34:26,757 - ExcelTemplateManager - WARNING - Could not parse date: 02/13/25
2025-08-15 17:34:26,757 - ExcelTemplateManager - WARNING - Could not parse date: 02/13/25
2025-08-15 17:34:26,757 - ExcelTemplateManager - WARNING - Could not parse date: 02/13/25
2025-08-15 17:34:26,757 - ExcelTemplateManager - WARNING - Could not parse date: 02/13/25
2025-08-15 17:34:26,757 - ExcelTemplateManager - WARNING - Could not parse date: 02/13/25
2025-08-15 17:34:26,758 - ExcelTemplateManager - WARNING - Could not parse date: 02/13/25
2025-08-15 17:34:26,758 - ExcelTemplateManager - WARNING - Could not parse date: 02/13/25
2025-08-15 17:34:26,758 - ExcelTemplateManager - WARNING - Could not parse date: 02/13/25
2025-08-15 17:34:26,758 - ExcelTemplateManager - WARNING - Could not parse date: 02/13/25
2025-08-15 17:34:26,758 - ExcelTemplateManager - WARNING - Could not parse date: 02/13/25
2025-08-15 17:34:26,758 - ExcelTemplateManager - WARNING - Could not parse date: 02/14/25
2025-08-15 17:34:26,758 - ExcelTemplateManager - WARNING - Could not parse date: 02/14/25
2025-08-15 17:34:26,758 - ExcelTemplateManager - WARNING - Could not parse date: 02/14/25
2025-08-15 17:34:26,758 - ExcelTemplateManager - WARNING - Could not parse date: 02/14/25
2025-08-15 17:34:26,758 - ExcelTemplateManager - WARNING - Could not parse date: 02/14/25
2025-08-15 17:34:26,758 - ExcelTemplateManager - WARNING - Could not parse date: 02/14/25
2025-08-15 17:34:26,758 - ExcelTemplateManager - WARNING - Could not parse date: 02/14/25
2025-08-15 17:34:26,758 - ExcelTemplateManager - WARNING - Could not parse date: 02/14/25
2025-08-15 17:34:26,758 - ExcelTemplateManager - WARNING - Could not parse date: 02/14/25
2025-08-15 17:34:26,758 - ExcelTemplateManager - WARNING - Could not parse date: 02/14/25
2025-08-15 17:34:26,758 - ExcelTemplateManager - WARNING - Could not parse date: 02/14/25
2025-08-15 17:34:26,758 - ExcelTemplateManager - WARNING - Could not parse date: 02/14/25
2025-08-15 17:34:26,758 - ExcelTemplateManager - WARNING - Could not parse date: 02/14/25
2025-08-15 17:34:26,758 - ExcelTemplateManager - WARNING - Could not parse date: 02/14/25
2025-08-15 17:34:26,758 - ExcelTemplateManager - WARNING - Could not parse date: 02/16/25
2025-08-15 17:34:26,758 - ExcelTemplateManager - WARNING - Could not parse date: 02/16/25
2025-08-15 17:34:26,759 - ExcelTemplateManager - WARNING - Could not parse date: 02/16/25
2025-08-15 17:34:26,759 - ExcelTemplateManager - WARNING - Could not parse date: 02/16/25
2025-08-15 17:34:26,759 - ExcelTemplateManager - WARNING - Could not parse date: 02/17/25
2025-08-15 17:34:26,759 - ExcelTemplateManager - WARNING - Could not parse date: 02/17/25
2025-08-15 17:34:26,759 - ExcelTemplateManager - WARNING - Could not parse date: 02/17/25
2025-08-15 17:34:26,759 - ExcelTemplateManager - WARNING - Could not parse date: 02/17/25
2025-08-15 17:34:26,759 - ExcelTemplateManager - WARNING - Could not parse date: 02/17/25
2025-08-15 17:34:26,759 - ExcelTemplateManager - WARNING - Could not parse date: 02/17/25
2025-08-15 17:34:26,759 - ExcelTemplateManager - WARNING - Could not parse date: 02/17/25
2025-08-15 17:34:26,759 - ExcelTemplateManager - WARNING - Could not parse date: 02/17/25
2025-08-15 17:34:26,759 - ExcelTemplateManager - WARNING - Could not parse date: 02/17/25
2025-08-15 17:34:26,759 - ExcelTemplateManager - WARNING - Could not parse date: 02/17/25
2025-08-15 17:34:26,759 - ExcelTemplateManager - WARNING - Could not parse date: 02/17/25
2025-08-15 17:34:26,759 - ExcelTemplateManager - WARNING - Could not parse date: 02/17/25
2025-08-15 17:34:26,759 - ExcelTemplateManager - WARNING - Could not parse date: 02/17/25
2025-08-15 17:34:26,759 - ExcelTemplateManager - WARNING - Could not parse date: 02/17/25
2025-08-15 17:34:26,759 - ExcelTemplateManager - WARNING - Could not parse date: 02/18/25
2025-08-15 17:34:26,759 - ExcelTemplateManager - WARNING - Could not parse date: 02/18/25
2025-08-15 17:34:26,759 - ExcelTemplateManager - WARNING - Could not parse date: 02/18/25
2025-08-15 17:34:26,759 - ExcelTemplateManager - WARNING - Could not parse date: 02/18/25
2025-08-15 17:34:26,759 - ExcelTemplateManager - WARNING - Could not parse date: 02/19/25
2025-08-15 17:34:26,759 - ExcelTemplateManager - WARNING - Could not parse date: 02/19/25
2025-08-15 17:34:26,759 - ExcelTemplateManager - WARNING - Could not parse date: 02/19/25
2025-08-15 17:34:26,759 - ExcelTemplateManager - WARNING - Could not parse date: 02/19/25
2025-08-15 17:34:26,759 - ExcelTemplateManager - WARNING - Could not parse date: 02/19/25
2025-08-15 17:34:26,759 - ExcelTemplateManager - WARNING - Could not parse date: 02/19/25
2025-08-15 17:34:26,760 - ExcelTemplateManager - WARNING - Could not parse date: 02/19/25
2025-08-15 17:34:26,760 - ExcelTemplateManager - WARNING - Could not parse date: 02/19/25
2025-08-15 17:34:26,760 - ExcelTemplateManager - WARNING - Could not parse date: 02/19/25
2025-08-15 17:34:26,760 - ExcelTemplateManager - WARNING - Could not parse date: 02/19/25
2025-08-15 17:34:26,760 - ExcelTemplateManager - WARNING - Could not parse date: 02/19/25
2025-08-15 17:34:26,760 - ExcelTemplateManager - WARNING - Could not parse date: 02/19/25
2025-08-15 17:34:26,760 - ExcelTemplateManager - WARNING - Could not parse date: 02/19/25
2025-08-15 17:34:26,760 - ExcelTemplateManager - WARNING - Could not parse date: 02/19/25
2025-08-15 17:34:26,760 - ExcelTemplateManager - WARNING - Could not parse date: 02/20/25
2025-08-15 17:34:26,760 - ExcelTemplateManager - WARNING - Could not parse date: 02/20/25
2025-08-15 17:34:26,760 - ExcelTemplateManager - WARNING - Could not parse date: 02/20/25
2025-08-15 17:34:26,760 - ExcelTemplateManager - WARNING - Could not parse date: 02/20/25
2025-08-15 17:34:26,760 - ExcelTemplateManager - WARNING - Could not parse date: 02/20/25
2025-08-15 17:34:26,760 - ExcelTemplateManager - WARNING - Could not parse date: 02/20/25
2025-08-15 17:34:26,760 - ExcelTemplateManager - WARNING - Could not parse date: 02/20/25
2025-08-15 17:34:26,760 - ExcelTemplateManager - WARNING - Could not parse date: 02/20/25
2025-08-15 17:34:26,760 - ExcelTemplateManager - WARNING - Could not parse date: 02/21/25
2025-08-15 17:34:26,760 - ExcelTemplateManager - WARNING - Could not parse date: 02/21/25
2025-08-15 17:34:26,760 - ExcelTemplateManager - WARNING - Could not parse date: 02/21/25
2025-08-15 17:34:26,760 - ExcelTemplateManager - WARNING - Could not parse date: 02/21/25
2025-08-15 17:34:26,760 - ExcelTemplateManager - WARNING - Could not parse date: 02/22/25
2025-08-15 17:34:26,760 - ExcelTemplateManager - WARNING - Could not parse date: 02/22/25
2025-08-15 17:34:26,760 - ExcelTemplateManager - WARNING - Could not parse date: 02/22/25
2025-08-15 17:34:26,760 - ExcelTemplateManager - WARNING - Could not parse date: 02/22/25
2025-08-15 17:34:26,760 - ExcelTemplateManager - WARNING - Could not parse date: 02/22/25
2025-08-15 17:34:26,760 - ExcelTemplateManager - WARNING - Could not parse date: 02/22/25
2025-08-15 17:34:26,761 - ExcelTemplateManager - WARNING - Could not parse date: 02/22/25
2025-08-15 17:34:26,761 - ExcelTemplateManager - WARNING - Could not parse date: 02/22/25
2025-08-15 17:34:26,761 - ExcelTemplateManager - WARNING - Could not parse date: 02/22/25
2025-08-15 17:34:26,761 - ExcelTemplateManager - WARNING - Could not parse date: 02/22/25
2025-08-15 17:34:26,761 - ExcelTemplateManager - WARNING - Could not parse date: 02/23/25
2025-08-15 17:34:26,761 - ExcelTemplateManager - WARNING - Could not parse date: 02/23/25
2025-08-15 17:34:26,761 - ExcelTemplateManager - WARNING - Could not parse date: 02/23/25
2025-08-15 17:34:26,761 - ExcelTemplateManager - WARNING - Could not parse date: 02/23/25
2025-08-15 17:34:26,761 - ExcelTemplateManager - WARNING - Could not parse date: 02/23/25
2025-08-15 17:34:26,761 - ExcelTemplateManager - WARNING - Could not parse date: 02/23/25
2025-08-15 17:34:26,761 - ExcelTemplateManager - WARNING - Could not parse date: 02/23/25
2025-08-15 17:34:26,761 - ExcelTemplateManager - WARNING - Could not parse date: 02/23/25
2025-08-15 17:34:26,761 - ExcelTemplateManager - WARNING - Could not parse date: 02/23/25
2025-08-15 17:34:26,761 - ExcelTemplateManager - WARNING - Could not parse date: 02/23/25
2025-08-15 17:34:26,761 - ExcelTemplateManager - WARNING - Could not parse date: 02/23/25
2025-08-15 17:34:26,761 - ExcelTemplateManager - WARNING - Could not parse date: 02/23/25
2025-08-15 17:34:26,761 - ExcelTemplateManager - WARNING - Could not parse date: 02/23/25
2025-08-15 17:34:26,761 - ExcelTemplateManager - WARNING - Could not parse date: 02/23/25
2025-08-15 17:34:26,761 - ExcelTemplateManager - WARNING - Could not parse date: 02/23/25
2025-08-15 17:34:26,761 - ExcelTemplateManager - WARNING - Could not parse date: 02/23/25
2025-08-15 17:34:26,761 - ExcelTemplateManager - WARNING - Could not parse date: 02/23/25
2025-08-15 17:34:26,761 - ExcelTemplateManager - WARNING - Could not parse date: 02/23/25
2025-08-15 17:34:26,761 - ExcelTemplateManager - WARNING - Could not parse date: 02/23/25
2025-08-15 17:34:26,762 - ExcelTemplateManager - WARNING - Could not parse date: 02/23/25
2025-08-15 17:34:26,762 - ExcelTemplateManager - WARNING - Could not parse date: 02/23/25
2025-08-15 17:34:26,762 - ExcelTemplateManager - WARNING - Could not parse date: 02/23/25
2025-08-15 17:34:26,762 - ExcelTemplateManager - WARNING - Could not parse date: 02/23/25
2025-08-15 17:34:26,762 - ExcelTemplateManager - WARNING - Could not parse date: 02/23/25
2025-08-15 17:34:26,762 - ExcelTemplateManager - WARNING - Could not parse date: 02/23/25
2025-08-15 17:34:26,762 - ExcelTemplateManager - WARNING - Could not parse date: 02/23/25
2025-08-15 17:34:26,762 - ExcelTemplateManager - WARNING - Could not parse date: 02/23/25
2025-08-15 17:34:26,762 - ExcelTemplateManager - WARNING - Could not parse date: 02/23/25
2025-08-15 17:34:26,762 - ExcelTemplateManager - WARNING - Could not parse date: 02/23/25
2025-08-15 17:34:26,762 - ExcelTemplateManager - WARNING - Could not parse date: 02/23/25
2025-08-15 17:34:26,762 - ExcelTemplateManager - WARNING - Could not parse date: 02/24/25
2025-08-15 17:34:26,762 - ExcelTemplateManager - WARNING - Could not parse date: 02/24/25
2025-08-15 17:34:26,762 - ExcelTemplateManager - WARNING - Could not parse date: 02/24/25
2025-08-15 17:34:26,762 - ExcelTemplateManager - WARNING - Could not parse date: 02/24/25
2025-08-15 17:34:26,762 - ExcelTemplateManager - WARNING - Could not parse date: 02/24/25
2025-08-15 17:34:26,762 - ExcelTemplateManager - WARNING - Could not parse date: 02/24/25
2025-08-15 17:34:26,762 - ExcelTemplateManager - WARNING - Could not parse date: 02/24/25
2025-08-15 17:34:26,762 - ExcelTemplateManager - WARNING - Could not parse date: 02/24/25
2025-08-15 17:34:26,762 - ExcelTemplateManager - WARNING - Could not parse date: 02/24/25
2025-08-15 17:34:26,762 - ExcelTemplateManager - WARNING - Could not parse date: 02/24/25
2025-08-15 17:34:26,762 - ExcelTemplateManager - WARNING - Could not parse date: 02/24/25
2025-08-15 17:34:26,762 - ExcelTemplateManager - WARNING - Could not parse date: 02/24/25
2025-08-15 17:34:26,762 - ExcelTemplateManager - WARNING - Could not parse date: 02/24/25
2025-08-15 17:34:26,763 - ExcelTemplateManager - WARNING - Could not parse date: 02/24/25
2025-08-15 17:34:26,763 - ExcelTemplateManager - WARNING - Could not parse date: 02/24/25
2025-08-15 17:34:26,763 - ExcelTemplateManager - WARNING - Could not parse date: 02/24/25
2025-08-15 17:34:26,763 - ExcelTemplateManager - WARNING - Could not parse date: 02/24/25
2025-08-15 17:34:26,763 - ExcelTemplateManager - WARNING - Could not parse date: 02/24/25
2025-08-15 17:34:26,763 - ExcelTemplateManager - WARNING - Could not parse date: 02/24/25
2025-08-15 17:34:26,763 - ExcelTemplateManager - WARNING - Could not parse date: 02/24/25
2025-08-15 17:34:26,763 - ExcelTemplateManager - WARNING - Could not parse date: 02/25/25
2025-08-15 17:34:26,763 - ExcelTemplateManager - WARNING - Could not parse date: 02/25/25
2025-08-15 17:34:26,763 - ExcelTemplateManager - WARNING - Could not parse date: 02/25/25
2025-08-15 17:34:26,763 - ExcelTemplateManager - WARNING - Could not parse date: 02/25/25
2025-08-15 17:34:26,763 - ExcelTemplateManager - WARNING - Could not parse date: 02/25/25
2025-08-15 17:34:26,763 - ExcelTemplateManager - WARNING - Could not parse date: 02/25/25
2025-08-15 17:34:26,763 - ExcelTemplateManager - WARNING - Could not parse date: 02/25/25
2025-08-15 17:34:26,763 - ExcelTemplateManager - WARNING - Could not parse date: 02/25/25
2025-08-15 17:34:26,763 - ExcelTemplateManager - WARNING - Could not parse date: 02/25/25
2025-08-15 17:34:26,763 - ExcelTemplateManager - WARNING - Could not parse date: 02/25/25
2025-08-15 17:34:26,763 - ExcelTemplateManager - WARNING - Could not parse date: 02/26/25
2025-08-15 17:34:26,763 - ExcelTemplateManager - WARNING - Could not parse date: 02/26/25
2025-08-15 17:34:26,763 - ExcelTemplateManager - WARNING - Could not parse date: 02/26/25
2025-08-15 17:34:26,763 - ExcelTemplateManager - WARNING - Could not parse date: 02/26/25
2025-08-15 17:34:26,764 - ExcelTemplateManager - WARNING - Could not parse date: 02/26/25
2025-08-15 17:34:26,764 - ExcelTemplateManager - WARNING - Could not parse date: 02/26/25
2025-08-15 17:34:26,764 - ExcelTemplateManager - WARNING - Could not parse date: 02/26/25
2025-08-15 17:34:26,764 - ExcelTemplateManager - WARNING - Could not parse date: 02/26/25
2025-08-15 17:34:26,764 - ExcelTemplateManager - WARNING - Could not parse date: 02/26/25
2025-08-15 17:34:26,764 - ExcelTemplateManager - WARNING - Could not parse date: 02/26/25
2025-08-15 17:34:26,764 - ExcelTemplateManager - WARNING - Could not parse date: 02/26/25
2025-08-15 17:34:26,764 - ExcelTemplateManager - WARNING - Could not parse date: 02/26/25
2025-08-15 17:34:26,764 - ExcelTemplateManager - WARNING - Could not parse date: 02/27/25
2025-08-15 17:34:26,764 - ExcelTemplateManager - WARNING - Could not parse date: 02/27/25
2025-08-15 17:34:26,764 - ExcelTemplateManager - WARNING - Could not parse date: 02/27/25
2025-08-15 17:34:26,764 - ExcelTemplateManager - WARNING - Could not parse date: 02/27/25
2025-08-15 17:34:26,764 - ExcelTemplateManager - WARNING - Could not parse date: 02/27/25
2025-08-15 17:34:26,764 - ExcelTemplateManager - WARNING - Could not parse date: 02/27/25
2025-08-15 17:34:26,764 - ExcelTemplateManager - WARNING - Could not parse date: 02/27/25
2025-08-15 17:34:26,764 - ExcelTemplateManager - WARNING - Could not parse date: 02/27/25
2025-08-15 17:34:26,764 - ExcelTemplateManager - WARNING - Could not parse date: 02/27/25
2025-08-15 17:34:26,764 - ExcelTemplateManager - WARNING - Could not parse date: 02/27/25
2025-08-15 17:34:26,764 - ExcelTemplateManager - WARNING - Could not parse date: 02/27/25
2025-08-15 17:34:26,764 - ExcelTemplateManager - WARNING - Could not parse date: 02/27/25
2025-08-15 17:34:26,764 - ExcelTemplateManager - WARNING - Could not parse date: 02/27/25
2025-08-15 17:34:26,764 - ExcelTemplateManager - WARNING - Could not parse date: 02/27/25
2025-08-15 17:34:26,764 - ExcelTemplateManager - WARNING - Could not parse date: 02/27/25
2025-08-15 17:34:26,765 - ExcelTemplateManager - WARNING - Could not parse date: 02/27/25
2025-08-15 17:34:26,765 - ExcelTemplateManager - WARNING - Could not parse date: 02/28/25
2025-08-15 17:34:26,765 - ExcelTemplateManager - WARNING - Could not parse date: 02/28/25
2025-08-15 17:34:26,765 - ExcelTemplateManager - WARNING - Could not parse date: 02/28/25
2025-08-15 17:34:26,765 - ExcelTemplateManager - WARNING - Could not parse date: 02/28/25
2025-08-15 17:34:26,765 - ExcelTemplateManager - WARNING - Could not parse date: 02/28/25
2025-08-15 17:34:26,765 - ExcelTemplateManager - WARNING - Could not parse date: 02/28/25
2025-08-15 17:34:26,765 - ExcelTemplateManager - WARNING - Could not parse date: 02/28/25
2025-08-15 17:34:26,765 - ExcelTemplateManager - WARNING - Could not parse date: 02/28/25
2025-08-15 17:34:26,765 - ExcelTemplateManager - WARNING - Could not parse date: 02/28/25
2025-08-15 17:34:26,765 - ExcelTemplateManager - WARNING - Could not parse date: 02/28/25
2025-08-15 17:34:26,765 - ExcelTemplateManager - WARNING - Could not parse date: 02/28/25
2025-08-15 17:34:26,765 - ExcelTemplateManager - WARNING - Could not parse date: 02/28/25
2025-08-15 17:34:26,768 - ExcelTemplateManager - WARNING - Could not parse date: 03/13/25
2025-08-15 17:34:26,768 - ExcelTemplateManager - WARNING - Could not parse date: 03/13/25
2025-08-15 17:34:26,768 - ExcelTemplateManager - WARNING - Could not parse date: 03/13/25
2025-08-15 17:34:26,768 - ExcelTemplateManager - WARNING - Could not parse date: 03/13/25
2025-08-15 17:34:26,768 - ExcelTemplateManager - WARNING - Could not parse date: 03/13/25
2025-08-15 17:34:26,768 - ExcelTemplateManager - WARNING - Could not parse date: 03/13/25
2025-08-15 17:34:26,768 - ExcelTemplateManager - WARNING - Could not parse date: 03/14/25
2025-08-15 17:34:26,768 - ExcelTemplateManager - WARNING - Could not parse date: 03/14/25
2025-08-15 17:34:26,768 - ExcelTemplateManager - WARNING - Could not parse date: 03/15/25
2025-08-15 17:34:26,769 - ExcelTemplateManager - WARNING - Could not parse date: 03/15/25
2025-08-15 17:34:26,769 - ExcelTemplateManager - WARNING - Could not parse date: 03/15/25
2025-08-15 17:34:26,769 - ExcelTemplateManager - WARNING - Could not parse date: 03/15/25
2025-08-15 17:34:26,769 - ExcelTemplateManager - WARNING - Could not parse date: 03/16/25
2025-08-15 17:34:26,769 - ExcelTemplateManager - WARNING - Could not parse date: 03/16/25
2025-08-15 17:34:26,769 - ExcelTemplateManager - WARNING - Could not parse date: 03/16/25
2025-08-15 17:34:26,769 - ExcelTemplateManager - WARNING - Could not parse date: 03/16/25
2025-08-15 17:34:26,769 - ExcelTemplateManager - WARNING - Could not parse date: 03/16/25
2025-08-15 17:34:26,769 - ExcelTemplateManager - WARNING - Could not parse date: 03/16/25
2025-08-15 17:34:26,769 - ExcelTemplateManager - WARNING - Could not parse date: 03/16/25
2025-08-15 17:34:26,769 - ExcelTemplateManager - WARNING - Could not parse date: 03/16/25
2025-08-15 17:34:26,769 - ExcelTemplateManager - WARNING - Could not parse date: 03/16/25
2025-08-15 17:34:26,769 - ExcelTemplateManager - WARNING - Could not parse date: 03/16/25
2025-08-15 17:34:26,769 - ExcelTemplateManager - WARNING - Could not parse date: 03/16/25
2025-08-15 17:34:26,769 - ExcelTemplateManager - WARNING - Could not parse date: 03/16/25
2025-08-15 17:34:26,769 - ExcelTemplateManager - WARNING - Could not parse date: 03/16/25
2025-08-15 17:34:26,769 - ExcelTemplateManager - WARNING - Could not parse date: 03/16/25
2025-08-15 17:34:26,769 - ExcelTemplateManager - WARNING - Could not parse date: 03/17/25
2025-08-15 17:34:26,769 - ExcelTemplateManager - WARNING - Could not parse date: 03/17/25
2025-08-15 17:34:26,769 - ExcelTemplateManager - WARNING - Could not parse date: 03/17/25
2025-08-15 17:34:26,769 - ExcelTemplateManager - WARNING - Could not parse date: 03/17/25
2025-08-15 17:34:26,769 - ExcelTemplateManager - WARNING - Could not parse date: 03/17/25
2025-08-15 17:34:26,770 - ExcelTemplateManager - WARNING - Could not parse date: 03/17/25
2025-08-15 17:34:26,770 - ExcelTemplateManager - WARNING - Could not parse date: 03/17/25
2025-08-15 17:34:26,770 - ExcelTemplateManager - WARNING - Could not parse date: 03/17/25
2025-08-15 17:34:26,770 - ExcelTemplateManager - WARNING - Could not parse date: 03/18/25
2025-08-15 17:34:26,770 - ExcelTemplateManager - WARNING - Could not parse date: 03/18/25
2025-08-15 17:34:26,770 - ExcelTemplateManager - WARNING - Could not parse date: 03/19/25
2025-08-15 17:34:26,770 - ExcelTemplateManager - WARNING - Could not parse date: 03/19/25
2025-08-15 17:34:26,770 - ExcelTemplateManager - WARNING - Could not parse date: 03/19/25
2025-08-15 17:34:26,770 - ExcelTemplateManager - WARNING - Could not parse date: 03/19/25
2025-08-15 17:34:26,770 - ExcelTemplateManager - WARNING - Could not parse date: 03/19/25
2025-08-15 17:34:26,770 - ExcelTemplateManager - WARNING - Could not parse date: 03/19/25
2025-08-15 17:34:26,771 - ExcelTemplateManager - WARNING - Could not parse date: 03/19/25
2025-08-15 17:34:26,771 - ExcelTemplateManager - WARNING - Could not parse date: 03/19/25
2025-08-15 17:34:26,771 - ExcelTemplateManager - WARNING - Could not parse date: 03/19/25
2025-08-15 17:34:26,771 - ExcelTemplateManager - WARNING - Could not parse date: 03/19/25
2025-08-15 17:34:26,771 - ExcelTemplateManager - WARNING - Could not parse date: 03/19/25
2025-08-15 17:34:26,771 - ExcelTemplateManager - WARNING - Could not parse date: 03/19/25
2025-08-15 17:34:26,771 - ExcelTemplateManager - WARNING - Could not parse date: 03/19/25
2025-08-15 17:34:26,771 - ExcelTemplateManager - WARNING - Could not parse date: 03/19/25
2025-08-15 17:34:26,771 - ExcelTemplateManager - WARNING - Could not parse date: 03/19/25
2025-08-15 17:34:26,771 - ExcelTemplateManager - WARNING - Could not parse date: 03/19/25
2025-08-15 17:34:26,771 - ExcelTemplateManager - WARNING - Could not parse date: 03/19/25
2025-08-15 17:34:26,771 - ExcelTemplateManager - WARNING - Could not parse date: 03/19/25
2025-08-15 17:34:26,771 - ExcelTemplateManager - WARNING - Could not parse date: 03/19/25
2025-08-15 17:34:26,771 - ExcelTemplateManager - WARNING - Could not parse date: 03/19/25
2025-08-15 17:34:26,771 - ExcelTemplateManager - WARNING - Could not parse date: 03/20/25
2025-08-15 17:34:26,771 - ExcelTemplateManager - WARNING - Could not parse date: 03/20/25
2025-08-15 17:34:26,771 - ExcelTemplateManager - WARNING - Could not parse date: 03/20/25
2025-08-15 17:34:26,771 - ExcelTemplateManager - WARNING - Could not parse date: 03/20/25
2025-08-15 17:34:26,771 - ExcelTemplateManager - WARNING - Could not parse date: 03/20/25
2025-08-15 17:34:26,771 - ExcelTemplateManager - WARNING - Could not parse date: 03/20/25
2025-08-15 17:34:26,771 - ExcelTemplateManager - WARNING - Could not parse date: 03/20/25
2025-08-15 17:34:26,771 - ExcelTemplateManager - WARNING - Could not parse date: 03/20/25
2025-08-15 17:34:26,772 - ExcelTemplateManager - WARNING - Could not parse date: 03/20/25
2025-08-15 17:34:26,772 - ExcelTemplateManager - WARNING - Could not parse date: 03/20/25
2025-08-15 17:34:26,772 - ExcelTemplateManager - WARNING - Could not parse date: 03/20/25
2025-08-15 17:34:26,772 - ExcelTemplateManager - WARNING - Could not parse date: 03/20/25
2025-08-15 17:34:26,772 - ExcelTemplateManager - WARNING - Could not parse date: 03/21/25
2025-08-15 17:34:26,772 - ExcelTemplateManager - WARNING - Could not parse date: 03/21/25
2025-08-15 17:34:26,772 - ExcelTemplateManager - WARNING - Could not parse date: 03/21/25
2025-08-15 17:34:26,772 - ExcelTemplateManager - WARNING - Could not parse date: 03/21/25
2025-08-15 17:34:26,772 - ExcelTemplateManager - WARNING - Could not parse date: 03/21/25
2025-08-15 17:34:26,772 - ExcelTemplateManager - WARNING - Could not parse date: 03/21/25
2025-08-15 17:34:26,772 - ExcelTemplateManager - WARNING - Could not parse date: 03/21/25
2025-08-15 17:34:26,772 - ExcelTemplateManager - WARNING - Could not parse date: 03/21/25
2025-08-15 17:34:26,772 - ExcelTemplateManager - WARNING - Could not parse date: 03/21/25
2025-08-15 17:34:26,772 - ExcelTemplateManager - WARNING - Could not parse date: 03/21/25
2025-08-15 17:34:26,772 - ExcelTemplateManager - WARNING - Could not parse date: 03/22/25
2025-08-15 17:34:26,772 - ExcelTemplateManager - WARNING - Could not parse date: 03/22/25
2025-08-15 17:34:26,772 - ExcelTemplateManager - WARNING - Could not parse date: 03/22/25
2025-08-15 17:34:26,772 - ExcelTemplateManager - WARNING - Could not parse date: 03/22/25
2025-08-15 17:34:26,772 - ExcelTemplateManager - WARNING - Could not parse date: 03/22/25
2025-08-15 17:34:26,772 - ExcelTemplateManager - WARNING - Could not parse date: 03/22/25
2025-08-15 17:34:26,772 - ExcelTemplateManager - WARNING - Could not parse date: 03/22/25
2025-08-15 17:34:26,772 - ExcelTemplateManager - WARNING - Could not parse date: 03/22/25
2025-08-15 17:34:26,773 - ExcelTemplateManager - WARNING - Could not parse date: 03/22/25
2025-08-15 17:34:26,773 - ExcelTemplateManager - WARNING - Could not parse date: 03/22/25
2025-08-15 17:34:26,773 - ExcelTemplateManager - WARNING - Could not parse date: 03/22/25
2025-08-15 17:34:26,773 - ExcelTemplateManager - WARNING - Could not parse date: 03/22/25
2025-08-15 17:34:26,773 - ExcelTemplateManager - WARNING - Could not parse date: 03/22/25
2025-08-15 17:34:26,773 - ExcelTemplateManager - WARNING - Could not parse date: 03/22/25
2025-08-15 17:34:26,773 - ExcelTemplateManager - WARNING - Could not parse date: 03/22/25
2025-08-15 17:34:26,773 - ExcelTemplateManager - WARNING - Could not parse date: 03/22/25
2025-08-15 17:34:26,773 - ExcelTemplateManager - WARNING - Could not parse date: 03/22/25
2025-08-15 17:34:26,773 - ExcelTemplateManager - WARNING - Could not parse date: 03/22/25
2025-08-15 17:34:26,773 - ExcelTemplateManager - WARNING - Could not parse date: 03/22/25
2025-08-15 17:34:26,773 - ExcelTemplateManager - WARNING - Could not parse date: 03/22/25
2025-08-15 17:34:26,773 - ExcelTemplateManager - WARNING - Could not parse date: 03/22/25
2025-08-15 17:34:26,773 - ExcelTemplateManager - WARNING - Could not parse date: 03/22/25
2025-08-15 17:34:26,773 - ExcelTemplateManager - WARNING - Could not parse date: 03/22/25
2025-08-15 17:34:26,773 - ExcelTemplateManager - WARNING - Could not parse date: 03/22/25
2025-08-15 17:34:26,773 - ExcelTemplateManager - WARNING - Could not parse date: 03/22/25
2025-08-15 17:34:26,773 - ExcelTemplateManager - WARNING - Could not parse date: 03/22/25
2025-08-15 17:34:26,773 - ExcelTemplateManager - WARNING - Could not parse date: 03/23/25
2025-08-15 17:34:26,773 - ExcelTemplateManager - WARNING - Could not parse date: 03/23/25
2025-08-15 17:34:26,774 - ExcelTemplateManager - WARNING - Could not parse date: 03/23/25
2025-08-15 17:34:26,774 - ExcelTemplateManager - WARNING - Could not parse date: 03/23/25
2025-08-15 17:34:26,774 - ExcelTemplateManager - WARNING - Could not parse date: 03/23/25
2025-08-15 17:34:26,774 - ExcelTemplateManager - WARNING - Could not parse date: 03/23/25
2025-08-15 17:34:26,774 - ExcelTemplateManager - WARNING - Could not parse date: 03/23/25
2025-08-15 17:34:26,774 - ExcelTemplateManager - WARNING - Could not parse date: 03/23/25
2025-08-15 17:34:26,774 - ExcelTemplateManager - WARNING - Could not parse date: 03/23/25
2025-08-15 17:34:26,774 - ExcelTemplateManager - WARNING - Could not parse date: 03/23/25
2025-08-15 17:34:26,774 - ExcelTemplateManager - WARNING - Could not parse date: 03/23/25
2025-08-15 17:34:26,774 - ExcelTemplateManager - WARNING - Could not parse date: 03/23/25
2025-08-15 17:34:26,774 - ExcelTemplateManager - WARNING - Could not parse date: 03/23/25
2025-08-15 17:34:26,774 - ExcelTemplateManager - WARNING - Could not parse date: 03/23/25
2025-08-15 17:34:26,774 - ExcelTemplateManager - WARNING - Could not parse date: 03/23/25
2025-08-15 17:34:26,774 - ExcelTemplateManager - WARNING - Could not parse date: 03/23/25
2025-08-15 17:34:26,774 - ExcelTemplateManager - WARNING - Could not parse date: 03/23/25
2025-08-15 17:34:26,774 - ExcelTemplateManager - WARNING - Could not parse date: 03/23/25
2025-08-15 17:34:26,774 - ExcelTemplateManager - WARNING - Could not parse date: 03/24/25
2025-08-15 17:34:26,774 - ExcelTemplateManager - WARNING - Could not parse date: 03/24/25
2025-08-15 17:34:26,774 - ExcelTemplateManager - WARNING - Could not parse date: 03/24/25
2025-08-15 17:34:26,774 - ExcelTemplateManager - WARNING - Could not parse date: 03/24/25
2025-08-15 17:34:26,774 - ExcelTemplateManager - WARNING - Could not parse date: 03/24/25
2025-08-15 17:34:26,774 - ExcelTemplateManager - WARNING - Could not parse date: 03/24/25
2025-08-15 17:34:26,774 - ExcelTemplateManager - WARNING - Could not parse date: 03/24/25
2025-08-15 17:34:26,774 - ExcelTemplateManager - WARNING - Could not parse date: 03/24/25
2025-08-15 17:34:26,774 - ExcelTemplateManager - WARNING - Could not parse date: 03/25/25
2025-08-15 17:34:26,774 - ExcelTemplateManager - WARNING - Could not parse date: 03/25/25
2025-08-15 17:34:26,775 - ExcelTemplateManager - WARNING - Could not parse date: 03/25/25
2025-08-15 17:34:26,775 - ExcelTemplateManager - WARNING - Could not parse date: 03/25/25
2025-08-15 17:34:26,775 - ExcelTemplateManager - WARNING - Could not parse date: 03/25/25
2025-08-15 17:34:26,775 - ExcelTemplateManager - WARNING - Could not parse date: 03/25/25
2025-08-15 17:34:26,775 - ExcelTemplateManager - WARNING - Could not parse date: 03/25/25
2025-08-15 17:34:26,775 - ExcelTemplateManager - WARNING - Could not parse date: 03/25/25
2025-08-15 17:34:26,775 - ExcelTemplateManager - WARNING - Could not parse date: 03/25/25
2025-08-15 17:34:26,775 - ExcelTemplateManager - WARNING - Could not parse date: 03/25/25
2025-08-15 17:34:26,775 - ExcelTemplateManager - WARNING - Could not parse date: 03/25/25
2025-08-15 17:34:26,775 - ExcelTemplateManager - WARNING - Could not parse date: 03/25/25
2025-08-15 17:34:26,775 - ExcelTemplateManager - WARNING - Could not parse date: 03/26/25
2025-08-15 17:34:26,775 - ExcelTemplateManager - WARNING - Could not parse date: 03/26/25
2025-08-15 17:34:26,775 - ExcelTemplateManager - WARNING - Could not parse date: 03/26/25
2025-08-15 17:34:26,775 - ExcelTemplateManager - WARNING - Could not parse date: 03/26/25
2025-08-15 17:34:26,775 - ExcelTemplateManager - WARNING - Could not parse date: 03/26/25
2025-08-15 17:34:26,775 - ExcelTemplateManager - WARNING - Could not parse date: 03/26/25
2025-08-15 17:34:26,775 - ExcelTemplateManager - WARNING - Could not parse date: 03/26/25
2025-08-15 17:34:26,775 - ExcelTemplateManager - WARNING - Could not parse date: 03/26/25
2025-08-15 17:34:26,775 - ExcelTemplateManager - WARNING - Could not parse date: 03/26/25
2025-08-15 17:34:26,775 - ExcelTemplateManager - WARNING - Could not parse date: 03/26/25
2025-08-15 17:34:26,775 - ExcelTemplateManager - WARNING - Could not parse date: 03/26/25
2025-08-15 17:34:26,775 - ExcelTemplateManager - WARNING - Could not parse date: 03/26/25
2025-08-15 17:34:26,775 - ExcelTemplateManager - WARNING - Could not parse date: 03/27/25
2025-08-15 17:34:26,776 - ExcelTemplateManager - WARNING - Could not parse date: 03/27/25
2025-08-15 17:34:26,776 - ExcelTemplateManager - WARNING - Could not parse date: 03/27/25
2025-08-15 17:34:26,776 - ExcelTemplateManager - WARNING - Could not parse date: 03/27/25
2025-08-15 17:34:26,776 - ExcelTemplateManager - WARNING - Could not parse date: 03/27/25
2025-08-15 17:34:26,776 - ExcelTemplateManager - WARNING - Could not parse date: 03/27/25
2025-08-15 17:34:26,776 - ExcelTemplateManager - WARNING - Could not parse date: 03/27/25
2025-08-15 17:34:26,776 - ExcelTemplateManager - WARNING - Could not parse date: 03/27/25
2025-08-15 17:34:26,776 - ExcelTemplateManager - WARNING - Could not parse date: 03/27/25
2025-08-15 17:34:26,776 - ExcelTemplateManager - WARNING - Could not parse date: 03/27/25
2025-08-15 17:34:26,776 - ExcelTemplateManager - WARNING - Could not parse date: 03/27/25
2025-08-15 17:34:26,776 - ExcelTemplateManager - WARNING - Could not parse date: 03/27/25
2025-08-15 17:34:26,776 - ExcelTemplateManager - WARNING - Could not parse date: 03/27/25
2025-08-15 17:34:26,776 - ExcelTemplateManager - WARNING - Could not parse date: 03/27/25
2025-08-15 17:34:26,776 - ExcelTemplateManager - WARNING - Could not parse date: 03/27/25
2025-08-15 17:34:26,776 - ExcelTemplateManager - WARNING - Could not parse date: 03/27/25
2025-08-15 17:34:26,776 - ExcelTemplateManager - WARNING - Could not parse date: 03/27/25
2025-08-15 17:34:26,776 - ExcelTemplateManager - WARNING - Could not parse date: 03/27/25
2025-08-15 17:34:26,776 - ExcelTemplateManager - WARNING - Could not parse date: 03/27/25
2025-08-15 17:34:26,776 - ExcelTemplateManager - WARNING - Could not parse date: 03/27/25
2025-08-15 17:34:26,776 - ExcelTemplateManager - WARNING - Could not parse date: 03/28/25
2025-08-15 17:34:26,776 - ExcelTemplateManager - WARNING - Could not parse date: 03/28/25
2025-08-15 17:34:26,777 - ExcelTemplateManager - WARNING - Could not parse date: 03/28/25
2025-08-15 17:34:26,777 - ExcelTemplateManager - WARNING - Could not parse date: 03/28/25
2025-08-15 17:34:26,777 - ExcelTemplateManager - WARNING - Could not parse date: 03/28/25
2025-08-15 17:34:26,777 - ExcelTemplateManager - WARNING - Could not parse date: 03/28/25
2025-08-15 17:34:26,777 - ExcelTemplateManager - WARNING - Could not parse date: 03/28/25
2025-08-15 17:34:26,777 - ExcelTemplateManager - WARNING - Could not parse date: 03/28/25
2025-08-15 17:34:26,777 - ExcelTemplateManager - WARNING - Could not parse date: 03/28/25
2025-08-15 17:34:26,777 - ExcelTemplateManager - WARNING - Could not parse date: 03/28/25
2025-08-15 17:34:26,777 - ExcelTemplateManager - WARNING - Could not parse date: 03/28/25
2025-08-15 17:34:26,777 - ExcelTemplateManager - WARNING - Could not parse date: 03/28/25
2025-08-15 17:34:26,777 - ExcelTemplateManager - WARNING - Could not parse date: 03/28/25
2025-08-15 17:34:26,777 - ExcelTemplateManager - WARNING - Could not parse date: 03/28/25
2025-08-15 17:34:26,777 - ExcelTemplateManager - WARNING - Could not parse date: 03/28/25
2025-08-15 17:34:26,777 - ExcelTemplateManager - WARNING - Could not parse date: 03/28/25
2025-08-15 17:34:26,777 - ExcelTemplateManager - WARNING - Could not parse date: 03/28/25
2025-08-15 17:34:26,777 - ExcelTemplateManager - WARNING - Could not parse date: 03/28/25
2025-08-15 17:34:26,777 - ExcelTemplateManager - WARNING - Could not parse date: 03/28/25
2025-08-15 17:34:26,777 - ExcelTemplateManager - WARNING - Could not parse date: 03/28/25
2025-08-15 17:34:26,777 - ExcelTemplateManager - WARNING - Could not parse date: 03/28/25
2025-08-15 17:34:26,777 - ExcelTemplateManager - WARNING - Could not parse date: 03/28/25
2025-08-15 17:34:26,777 - ExcelTemplateManager - WARNING - Could not parse date: 03/29/25
2025-08-15 17:34:26,777 - ExcelTemplateManager - WARNING - Could not parse date: 03/28/25
2025-08-15 17:34:26,778 - ExcelTemplateManager - WARNING - Could not parse date: 03/29/25
2025-08-15 17:34:26,778 - ExcelTemplateManager - WARNING - Could not parse date: 03/29/25
2025-08-15 17:34:26,778 - ExcelTemplateManager - WARNING - Could not parse date: 03/29/25
2025-08-15 17:34:26,778 - ExcelTemplateManager - WARNING - Could not parse date: 03/29/25
2025-08-15 17:34:26,778 - ExcelTemplateManager - WARNING - Could not parse date: 03/29/25
2025-08-15 17:34:26,778 - ExcelTemplateManager - WARNING - Could not parse date: 03/29/25
2025-08-15 17:34:26,778 - ExcelTemplateManager - WARNING - Could not parse date: 03/29/25
2025-08-15 17:34:26,778 - ExcelTemplateManager - WARNING - Could not parse date: 03/29/25
2025-08-15 17:34:26,778 - ExcelTemplateManager - WARNING - Could not parse date: 03/29/25
2025-08-15 17:34:26,778 - ExcelTemplateManager - WARNING - Could not parse date: 03/29/25
2025-08-15 17:34:26,778 - ExcelTemplateManager - WARNING - Could not parse date: 03/30/25
2025-08-15 17:34:26,778 - ExcelTemplateManager - WARNING - Could not parse date: 03/30/25
2025-08-15 17:34:26,778 - ExcelTemplateManager - WARNING - Could not parse date: 03/30/25
2025-08-15 17:34:26,778 - ExcelTemplateManager - WARNING - Could not parse date: 03/30/25
2025-08-15 17:34:26,778 - ExcelTemplateManager - WARNING - Could not parse date: 03/30/25
2025-08-15 17:34:26,778 - ExcelTemplateManager - WARNING - Could not parse date: 03/30/25
2025-08-15 17:34:26,778 - ExcelTemplateManager - WARNING - Could not parse date: 03/30/25
2025-08-15 17:34:26,778 - ExcelTemplateManager - WARNING - Could not parse date: 03/30/25
2025-08-15 17:34:26,778 - ExcelTemplateManager - WARNING - Could not parse date: 03/31/25
2025-08-15 17:34:26,779 - ExcelTemplateManager - WARNING - Could not parse date: 03/31/25
2025-08-15 17:34:26,779 - ExcelTemplateManager - WARNING - Could not parse date: 03/31/25
2025-08-15 17:34:26,779 - ExcelTemplateManager - WARNING - Could not parse date: 03/31/25
2025-08-15 17:34:26,779 - ExcelTemplateManager - WARNING - Could not parse date: 03/31/25
2025-08-15 17:34:26,779 - ExcelTemplateManager - WARNING - Could not parse date: 03/31/25
2025-08-15 17:34:26,779 - ExcelTemplateManager - WARNING - Could not parse date: 03/31/25
2025-08-15 17:34:26,779 - ExcelTemplateManager - WARNING - Could not parse date: 03/31/25
2025-08-15 17:34:26,782 - ExcelTemplateManager - WARNING - Could not parse date: 04/14/25
2025-08-15 17:34:26,782 - ExcelTemplateManager - WARNING - Could not parse date: 04/14/25
2025-08-15 17:34:26,782 - ExcelTemplateManager - WARNING - Could not parse date: 04/14/25
2025-08-15 17:34:26,782 - ExcelTemplateManager - WARNING - Could not parse date: 04/14/25
2025-08-15 17:34:26,782 - ExcelTemplateManager - WARNING - Could not parse date: 04/14/25
2025-08-15 17:34:26,782 - ExcelTemplateManager - WARNING - Could not parse date: 04/14/25
2025-08-15 17:34:26,782 - ExcelTemplateManager - WARNING - Could not parse date: 04/15/25
2025-08-15 17:34:26,782 - ExcelTemplateManager - WARNING - Could not parse date: 04/15/25
2025-08-15 17:34:26,782 - ExcelTemplateManager - WARNING - Could not parse date: 04/15/25
2025-08-15 17:34:26,782 - ExcelTemplateManager - WARNING - Could not parse date: 04/15/25
2025-08-15 17:34:26,782 - ExcelTemplateManager - WARNING - Could not parse date: 04/15/25
2025-08-15 17:34:26,782 - ExcelTemplateManager - WARNING - Could not parse date: 04/15/25
2025-08-15 17:34:26,782 - ExcelTemplateManager - WARNING - Could not parse date: 04/16/25
2025-08-15 17:34:26,782 - ExcelTemplateManager - WARNING - Could not parse date: 04/16/25
2025-08-15 17:34:26,782 - ExcelTemplateManager - WARNING - Could not parse date: 04/16/25
2025-08-15 17:34:26,782 - ExcelTemplateManager - WARNING - Could not parse date: 04/16/25
2025-08-15 17:34:26,782 - ExcelTemplateManager - WARNING - Could not parse date: 04/16/25
2025-08-15 17:34:26,782 - ExcelTemplateManager - WARNING - Could not parse date: 04/16/25
2025-08-15 17:34:26,782 - ExcelTemplateManager - WARNING - Could not parse date: 04/16/25
2025-08-15 17:34:26,782 - ExcelTemplateManager - WARNING - Could not parse date: 04/16/25
2025-08-15 17:34:26,782 - ExcelTemplateManager - WARNING - Could not parse date: 04/16/25
2025-08-15 17:34:26,782 - ExcelTemplateManager - WARNING - Could not parse date: 04/16/25
2025-08-15 17:34:26,783 - ExcelTemplateManager - WARNING - Could not parse date: 04/16/25
2025-08-15 17:34:26,783 - ExcelTemplateManager - WARNING - Could not parse date: 04/16/25
2025-08-15 17:34:26,783 - ExcelTemplateManager - WARNING - Could not parse date: 04/17/25
2025-08-15 17:34:26,783 - ExcelTemplateManager - WARNING - Could not parse date: 04/17/25
2025-08-15 17:34:26,783 - ExcelTemplateManager - WARNING - Could not parse date: 04/18/25
2025-08-15 17:34:26,783 - ExcelTemplateManager - WARNING - Could not parse date: 04/18/25
2025-08-15 17:34:26,783 - ExcelTemplateManager - WARNING - Could not parse date: 04/18/25
2025-08-15 17:34:26,783 - ExcelTemplateManager - WARNING - Could not parse date: 04/18/25
2025-08-15 17:34:26,783 - ExcelTemplateManager - WARNING - Could not parse date: 04/18/25
2025-08-15 17:34:26,783 - ExcelTemplateManager - WARNING - Could not parse date: 04/18/25
2025-08-15 17:34:26,783 - ExcelTemplateManager - WARNING - Could not parse date: 04/18/25
2025-08-15 17:34:26,783 - ExcelTemplateManager - WARNING - Could not parse date: 04/18/25
2025-08-15 17:34:26,783 - ExcelTemplateManager - WARNING - Could not parse date: 04/18/25
2025-08-15 17:34:26,783 - ExcelTemplateManager - WARNING - Could not parse date: 04/18/25
2025-08-15 17:34:26,783 - ExcelTemplateManager - WARNING - Could not parse date: 04/19/25
2025-08-15 17:34:26,783 - ExcelTemplateManager - WARNING - Could not parse date: 04/19/25
2025-08-15 17:34:26,783 - ExcelTemplateManager - WARNING - Could not parse date: 04/19/25
2025-08-15 17:34:26,783 - ExcelTemplateManager - WARNING - Could not parse date: 04/19/25
2025-08-15 17:34:26,783 - ExcelTemplateManager - WARNING - Could not parse date: 04/20/25
2025-08-15 17:34:26,784 - ExcelTemplateManager - WARNING - Could not parse date: 04/20/25
2025-08-15 17:34:26,784 - ExcelTemplateManager - WARNING - Could not parse date: 04/20/25
2025-08-15 17:34:26,784 - ExcelTemplateManager - WARNING - Could not parse date: 04/20/25
2025-08-15 17:34:26,784 - ExcelTemplateManager - WARNING - Could not parse date: 04/20/25
2025-08-15 17:34:26,784 - ExcelTemplateManager - WARNING - Could not parse date: 04/20/25
2025-08-15 17:34:26,784 - ExcelTemplateManager - WARNING - Could not parse date: 04/20/25
2025-08-15 17:34:26,784 - ExcelTemplateManager - WARNING - Could not parse date: 04/20/25
2025-08-15 17:34:26,784 - ExcelTemplateManager - WARNING - Could not parse date: 04/20/25
2025-08-15 17:34:26,784 - ExcelTemplateManager - WARNING - Could not parse date: 04/20/25
2025-08-15 17:34:26,784 - ExcelTemplateManager - WARNING - Could not parse date: 04/20/25
2025-08-15 17:34:26,784 - ExcelTemplateManager - WARNING - Could not parse date: 04/20/25
2025-08-15 17:34:26,784 - ExcelTemplateManager - WARNING - Could not parse date: 04/20/25
2025-08-15 17:34:26,784 - ExcelTemplateManager - WARNING - Could not parse date: 04/20/25
2025-08-15 17:34:26,784 - ExcelTemplateManager - WARNING - Could not parse date: 04/20/25
2025-08-15 17:34:26,784 - ExcelTemplateManager - WARNING - Could not parse date: 04/20/25
2025-08-15 17:34:26,784 - ExcelTemplateManager - WARNING - Could not parse date: 04/20/25
2025-08-15 17:34:26,784 - ExcelTemplateManager - WARNING - Could not parse date: 04/20/25
2025-08-15 17:34:26,785 - ExcelTemplateManager - WARNING - Could not parse date: 04/21/25
2025-08-15 17:34:26,785 - ExcelTemplateManager - WARNING - Could not parse date: 04/21/25
2025-08-15 17:34:26,785 - ExcelTemplateManager - WARNING - Could not parse date: 04/21/25
2025-08-15 17:34:26,785 - ExcelTemplateManager - WARNING - Could not parse date: 04/21/25
2025-08-15 17:34:26,785 - ExcelTemplateManager - WARNING - Could not parse date: 04/21/25
2025-08-15 17:34:26,785 - ExcelTemplateManager - WARNING - Could not parse date: 04/21/25
2025-08-15 17:34:26,785 - ExcelTemplateManager - WARNING - Could not parse date: 04/21/25
2025-08-15 17:34:26,785 - ExcelTemplateManager - WARNING - Could not parse date: 04/21/25
2025-08-15 17:34:26,785 - ExcelTemplateManager - WARNING - Could not parse date: 04/21/25
2025-08-15 17:34:26,785 - ExcelTemplateManager - WARNING - Could not parse date: 04/21/25
2025-08-15 17:34:26,785 - ExcelTemplateManager - WARNING - Could not parse date: 04/21/25
2025-08-15 17:34:26,785 - ExcelTemplateManager - WARNING - Could not parse date: 04/21/25
2025-08-15 17:34:26,785 - ExcelTemplateManager - WARNING - Could not parse date: 04/21/25
2025-08-15 17:34:26,785 - ExcelTemplateManager - WARNING - Could not parse date: 04/21/25
2025-08-15 17:34:26,785 - ExcelTemplateManager - WARNING - Could not parse date: 04/22/25
2025-08-15 17:34:26,785 - ExcelTemplateManager - WARNING - Could not parse date: 04/22/25
2025-08-15 17:34:26,785 - ExcelTemplateManager - WARNING - Could not parse date: 04/22/25
2025-08-15 17:34:26,785 - ExcelTemplateManager - WARNING - Could not parse date: 04/22/25
2025-08-15 17:34:26,785 - ExcelTemplateManager - WARNING - Could not parse date: 04/22/25
2025-08-15 17:34:26,786 - ExcelTemplateManager - WARNING - Could not parse date: 04/22/25
2025-08-15 17:34:26,786 - ExcelTemplateManager - WARNING - Could not parse date: 04/23/25
2025-08-15 17:34:26,786 - ExcelTemplateManager - WARNING - Could not parse date: 04/23/25
2025-08-15 17:34:26,786 - ExcelTemplateManager - WARNING - Could not parse date: 04/23/25
2025-08-15 17:34:26,786 - ExcelTemplateManager - WARNING - Could not parse date: 04/23/25
2025-08-15 17:34:26,786 - ExcelTemplateManager - WARNING - Could not parse date: 04/23/25
2025-08-15 17:34:26,786 - ExcelTemplateManager - WARNING - Could not parse date: 04/23/25
2025-08-15 17:34:26,786 - ExcelTemplateManager - WARNING - Could not parse date: 04/23/25
2025-08-15 17:34:26,786 - ExcelTemplateManager - WARNING - Could not parse date: 04/23/25
2025-08-15 17:34:26,786 - ExcelTemplateManager - WARNING - Could not parse date: 04/23/25
2025-08-15 17:34:26,786 - ExcelTemplateManager - WARNING - Could not parse date: 04/23/25
2025-08-15 17:34:26,786 - ExcelTemplateManager - WARNING - Could not parse date: 04/23/25
2025-08-15 17:34:26,786 - ExcelTemplateManager - WARNING - Could not parse date: 04/23/25
2025-08-15 17:34:26,786 - ExcelTemplateManager - WARNING - Could not parse date: 04/23/25
2025-08-15 17:34:26,786 - ExcelTemplateManager - WARNING - Could not parse date: 04/23/25
2025-08-15 17:34:26,786 - ExcelTemplateManager - WARNING - Could not parse date: 04/23/25
2025-08-15 17:34:26,786 - ExcelTemplateManager - WARNING - Could not parse date: 04/23/25
2025-08-15 17:34:26,786 - ExcelTemplateManager - WARNING - Could not parse date: 04/23/25
2025-08-15 17:34:26,786 - ExcelTemplateManager - WARNING - Could not parse date: 04/23/25
2025-08-15 17:34:26,786 - ExcelTemplateManager - WARNING - Could not parse date: 04/23/25
2025-08-15 17:34:26,786 - ExcelTemplateManager - WARNING - Could not parse date: 04/23/25
2025-08-15 17:34:26,786 - ExcelTemplateManager - WARNING - Could not parse date: 04/24/25
2025-08-15 17:34:26,787 - ExcelTemplateManager - WARNING - Could not parse date: 04/24/25
2025-08-15 17:34:26,787 - ExcelTemplateManager - WARNING - Could not parse date: 04/24/25
2025-08-15 17:34:26,787 - ExcelTemplateManager - WARNING - Could not parse date: 04/24/25
2025-08-15 17:34:26,787 - ExcelTemplateManager - WARNING - Could not parse date: 04/24/25
2025-08-15 17:34:26,787 - ExcelTemplateManager - WARNING - Could not parse date: 04/24/25
2025-08-15 17:34:26,787 - ExcelTemplateManager - WARNING - Could not parse date: 04/24/25
2025-08-15 17:34:26,787 - ExcelTemplateManager - WARNING - Could not parse date: 04/24/25
2025-08-15 17:34:26,787 - ExcelTemplateManager - WARNING - Could not parse date: 04/24/25
2025-08-15 17:34:26,787 - ExcelTemplateManager - WARNING - Could not parse date: 04/24/25
2025-08-15 17:34:26,787 - ExcelTemplateManager - WARNING - Could not parse date: 04/24/25
2025-08-15 17:34:26,787 - ExcelTemplateManager - WARNING - Could not parse date: 04/24/25
2025-08-15 17:34:26,787 - ExcelTemplateManager - WARNING - Could not parse date: 04/24/25
2025-08-15 17:34:26,787 - ExcelTemplateManager - WARNING - Could not parse date: 04/24/25
2025-08-15 17:34:26,787 - ExcelTemplateManager - WARNING - Could not parse date: 04/24/25
2025-08-15 17:34:26,787 - ExcelTemplateManager - WARNING - Could not parse date: 04/24/25
2025-08-15 17:34:26,787 - ExcelTemplateManager - WARNING - Could not parse date: 04/24/25
2025-08-15 17:34:26,787 - ExcelTemplateManager - WARNING - Could not parse date: 04/24/25
2025-08-15 17:34:26,787 - ExcelTemplateManager - WARNING - Could not parse date: 04/24/25
2025-08-15 17:34:26,787 - ExcelTemplateManager - WARNING - Could not parse date: 04/24/25
2025-08-15 17:34:26,787 - ExcelTemplateManager - WARNING - Could not parse date: 04/25/25
2025-08-15 17:34:26,787 - ExcelTemplateManager - WARNING - Could not parse date: 04/25/25
2025-08-15 17:34:26,787 - ExcelTemplateManager - WARNING - Could not parse date: 04/25/25
2025-08-15 17:34:26,787 - ExcelTemplateManager - WARNING - Could not parse date: 04/25/25
2025-08-15 17:34:26,788 - ExcelTemplateManager - WARNING - Could not parse date: 04/26/25
2025-08-15 17:34:26,788 - ExcelTemplateManager - WARNING - Could not parse date: 04/26/25
2025-08-15 17:34:26,788 - ExcelTemplateManager - WARNING - Could not parse date: 04/26/25
2025-08-15 17:34:26,788 - ExcelTemplateManager - WARNING - Could not parse date: 04/26/25
2025-08-15 17:34:26,788 - ExcelTemplateManager - WARNING - Could not parse date: 04/26/25
2025-08-15 17:34:26,788 - ExcelTemplateManager - WARNING - Could not parse date: 04/26/25
2025-08-15 17:34:26,788 - ExcelTemplateManager - WARNING - Could not parse date: 04/26/25
2025-08-15 17:34:26,788 - ExcelTemplateManager - WARNING - Could not parse date: 04/26/25
2025-08-15 17:34:26,788 - ExcelTemplateManager - WARNING - Could not parse date: 04/26/25
2025-08-15 17:34:26,788 - ExcelTemplateManager - WARNING - Could not parse date: 04/26/25
2025-08-15 17:34:26,788 - ExcelTemplateManager - WARNING - Could not parse date: 04/26/25
2025-08-15 17:34:26,788 - ExcelTemplateManager - WARNING - Could not parse date: 04/26/25
2025-08-15 17:34:26,788 - ExcelTemplateManager - WARNING - Could not parse date: 04/26/25
2025-08-15 17:34:26,788 - ExcelTemplateManager - WARNING - Could not parse date: 04/26/25
2025-08-15 17:34:26,788 - ExcelTemplateManager - WARNING - Could not parse date: 04/26/25
2025-08-15 17:34:26,788 - ExcelTemplateManager - WARNING - Could not parse date: 04/26/25
2025-08-15 17:34:26,788 - ExcelTemplateManager - WARNING - Could not parse date: 04/26/25
2025-08-15 17:34:26,788 - ExcelTemplateManager - WARNING - Could not parse date: 04/26/25
2025-08-15 17:34:26,788 - ExcelTemplateManager - WARNING - Could not parse date: 04/26/25
2025-08-15 17:34:26,789 - ExcelTemplateManager - WARNING - Could not parse date: 04/26/25
2025-08-15 17:34:26,789 - ExcelTemplateManager - WARNING - Could not parse date: 04/27/25
2025-08-15 17:34:26,789 - ExcelTemplateManager - WARNING - Could not parse date: 04/27/25
2025-08-15 17:34:26,789 - ExcelTemplateManager - WARNING - Could not parse date: 04/27/25
2025-08-15 17:34:26,789 - ExcelTemplateManager - WARNING - Could not parse date: 04/27/25
2025-08-15 17:34:26,789 - ExcelTemplateManager - WARNING - Could not parse date: 04/27/25
2025-08-15 17:34:26,789 - ExcelTemplateManager - WARNING - Could not parse date: 04/27/25
2025-08-15 17:34:26,789 - ExcelTemplateManager - WARNING - Could not parse date: 04/28/25
2025-08-15 17:34:26,789 - ExcelTemplateManager - WARNING - Could not parse date: 04/28/25
2025-08-15 17:34:26,789 - ExcelTemplateManager - WARNING - Could not parse date: 04/28/25
2025-08-15 17:34:26,789 - ExcelTemplateManager - WARNING - Could not parse date: 04/28/25
2025-08-15 17:34:26,789 - ExcelTemplateManager - WARNING - Could not parse date: 04/28/25
2025-08-15 17:34:26,789 - ExcelTemplateManager - WARNING - Could not parse date: 04/28/25
2025-08-15 17:34:26,789 - ExcelTemplateManager - WARNING - Could not parse date: 04/28/25
2025-08-15 17:34:26,789 - ExcelTemplateManager - WARNING - Could not parse date: 04/28/25
2025-08-15 17:34:26,789 - ExcelTemplateManager - WARNING - Could not parse date: 04/28/25
2025-08-15 17:34:26,789 - ExcelTemplateManager - WARNING - Could not parse date: 04/28/25
2025-08-15 17:34:26,789 - ExcelTemplateManager - WARNING - Could not parse date: 04/28/25
2025-08-15 17:34:26,789 - ExcelTemplateManager - WARNING - Could not parse date: 04/28/25
2025-08-15 17:34:26,789 - ExcelTemplateManager - WARNING - Could not parse date: 04/28/25
2025-08-15 17:34:26,789 - ExcelTemplateManager - WARNING - Could not parse date: 04/28/25
2025-08-15 17:34:26,789 - ExcelTemplateManager - WARNING - Could not parse date: 04/28/25
2025-08-15 17:34:26,790 - ExcelTemplateManager - WARNING - Could not parse date: 04/28/25
2025-08-15 17:34:26,790 - ExcelTemplateManager - WARNING - Could not parse date: 04/29/25
2025-08-15 17:34:26,790 - ExcelTemplateManager - WARNING - Could not parse date: 04/29/25
2025-08-15 17:34:26,790 - ExcelTemplateManager - WARNING - Could not parse date: 04/29/25
2025-08-15 17:34:26,790 - ExcelTemplateManager - WARNING - Could not parse date: 04/29/25
2025-08-15 17:34:26,790 - ExcelTemplateManager - WARNING - Could not parse date: 04/29/25
2025-08-15 17:34:26,790 - ExcelTemplateManager - WARNING - Could not parse date: 04/29/25
2025-08-15 17:34:26,790 - ExcelTemplateManager - WARNING - Could not parse date: 04/29/25
2025-08-15 17:34:26,790 - ExcelTemplateManager - WARNING - Could not parse date: 04/29/25
2025-08-15 17:34:26,790 - ExcelTemplateManager - WARNING - Could not parse date: 04/29/25
2025-08-15 17:34:26,790 - ExcelTemplateManager - WARNING - Could not parse date: 04/29/25
2025-08-15 17:34:26,790 - ExcelTemplateManager - WARNING - Could not parse date: 04/29/25
2025-08-15 17:34:26,790 - ExcelTemplateManager - WARNING - Could not parse date: 04/29/25
2025-08-15 17:34:26,790 - ExcelTemplateManager - WARNING - Could not parse date: 04/29/25
2025-08-15 17:34:26,790 - ExcelTemplateManager - WARNING - Could not parse date: 04/29/25
2025-08-15 17:34:26,790 - ExcelTemplateManager - WARNING - Could not parse date: 04/29/25
2025-08-15 17:34:26,790 - ExcelTemplateManager - WARNING - Could not parse date: 04/29/25
2025-08-15 17:34:26,790 - ExcelTemplateManager - WARNING - Could not parse date: 04/30/25
2025-08-15 17:34:26,790 - ExcelTemplateManager - WARNING - Could not parse date: 04/30/25
2025-08-15 17:34:26,790 - ExcelTemplateManager - WARNING - Could not parse date: 04/30/25
2025-08-15 17:34:26,790 - ExcelTemplateManager - WARNING - Could not parse date: 04/30/25
2025-08-15 17:34:26,791 - ExcelTemplateManager - WARNING - Could not parse date: 04/30/25
2025-08-15 17:34:26,791 - ExcelTemplateManager - WARNING - Could not parse date: 04/30/25
2025-08-15 17:34:26,791 - ExcelTemplateManager - WARNING - Could not parse date: 04/30/25
2025-08-15 17:34:26,791 - ExcelTemplateManager - WARNING - Could not parse date: 04/30/25
2025-08-15 17:34:26,791 - ExcelTemplateManager - WARNING - Could not parse date: 04/30/25
2025-08-15 17:34:26,791 - ExcelTemplateManager - WARNING - Could not parse date: 04/30/25
2025-08-15 17:34:26,791 - ExcelTemplateManager - WARNING - Could not parse date: 04/30/25
2025-08-15 17:34:26,791 - ExcelTemplateManager - WARNING - Could not parse date: 04/30/25
2025-08-15 17:34:26,791 - ExcelTemplateManager - WARNING - Could not parse date: 04/30/25
2025-08-15 17:34:26,791 - ExcelTemplateManager - WARNING - Could not parse date: 04/30/25
2025-08-15 17:34:26,791 - ExcelTemplateManager - WARNING - Could not parse date: 04/30/25
2025-08-15 17:34:26,791 - ExcelTemplateManager - WARNING - Could not parse date: 04/30/25
2025-08-15 17:34:26,791 - ExcelTemplateManager - WARNING - Could not parse date: 04/30/25
2025-08-15 17:34:26,791 - ExcelTemplateManager - WARNING - Could not parse date: 04/30/25
2025-08-15 17:34:26,794 - ExcelTemplateManager - WARNING - Could not parse date: 05/14/25
2025-08-15 17:34:26,794 - ExcelTemplateManager - WARNING - Could not parse date: 05/14/25
2025-08-15 17:34:26,794 - ExcelTemplateManager - WARNING - Could not parse date: 05/14/25
2025-08-15 17:34:26,794 - ExcelTemplateManager - WARNING - Could not parse date: 05/14/25
2025-08-15 17:34:26,794 - ExcelTemplateManager - WARNING - Could not parse date: 05/14/25
2025-08-15 17:34:26,794 - ExcelTemplateManager - WARNING - Could not parse date: 05/14/25
2025-08-15 17:34:26,794 - ExcelTemplateManager - WARNING - Could not parse date: 05/14/25
2025-08-15 17:34:26,794 - ExcelTemplateManager - WARNING - Could not parse date: 05/14/25
2025-08-15 17:34:26,794 - ExcelTemplateManager - WARNING - Could not parse date: 05/14/25
2025-08-15 17:34:26,794 - ExcelTemplateManager - WARNING - Could not parse date: 05/14/25
2025-08-15 17:34:26,794 - ExcelTemplateManager - WARNING - Could not parse date: 05/15/25
2025-08-15 17:34:26,794 - ExcelTemplateManager - WARNING - Could not parse date: 05/15/25
2025-08-15 17:34:26,794 - ExcelTemplateManager - WARNING - Could not parse date: 05/15/25
2025-08-15 17:34:26,794 - ExcelTemplateManager - WARNING - Could not parse date: 05/15/25
2025-08-15 17:34:26,794 - ExcelTemplateManager - WARNING - Could not parse date: 05/15/25
2025-08-15 17:34:26,794 - ExcelTemplateManager - WARNING - Could not parse date: 05/15/25
2025-08-15 17:34:26,794 - ExcelTemplateManager - WARNING - Could not parse date: 05/15/25
2025-08-15 17:34:26,794 - ExcelTemplateManager - WARNING - Could not parse date: 05/15/25
2025-08-15 17:34:26,794 - ExcelTemplateManager - WARNING - Could not parse date: 05/15/25
2025-08-15 17:34:26,795 - ExcelTemplateManager - WARNING - Could not parse date: 05/15/25
2025-08-15 17:34:26,795 - ExcelTemplateManager - WARNING - Could not parse date: 05/15/25
2025-08-15 17:34:26,795 - ExcelTemplateManager - WARNING - Could not parse date: 05/15/25
2025-08-15 17:34:26,795 - ExcelTemplateManager - WARNING - Could not parse date: 05/15/25
2025-08-15 17:34:26,795 - ExcelTemplateManager - WARNING - Could not parse date: 05/15/25
2025-08-15 17:34:26,795 - ExcelTemplateManager - WARNING - Could not parse date: 05/15/25
2025-08-15 17:34:26,795 - ExcelTemplateManager - WARNING - Could not parse date: 05/15/25
2025-08-15 17:34:26,795 - ExcelTemplateManager - WARNING - Could not parse date: 05/15/25
2025-08-15 17:34:26,795 - ExcelTemplateManager - WARNING - Could not parse date: 05/15/25
2025-08-15 17:34:26,795 - ExcelTemplateManager - WARNING - Could not parse date: 05/17/25
2025-08-15 17:34:26,795 - ExcelTemplateManager - WARNING - Could not parse date: 05/17/25
2025-08-15 17:34:26,795 - ExcelTemplateManager - WARNING - Could not parse date: 05/17/25
2025-08-15 17:34:26,795 - ExcelTemplateManager - WARNING - Could not parse date: 05/17/25
2025-08-15 17:34:26,795 - ExcelTemplateManager - WARNING - Could not parse date: 05/17/25
2025-08-15 17:34:26,795 - ExcelTemplateManager - WARNING - Could not parse date: 05/17/25
2025-08-15 17:34:26,795 - ExcelTemplateManager - WARNING - Could not parse date: 05/17/25
2025-08-15 17:34:26,795 - ExcelTemplateManager - WARNING - Could not parse date: 05/17/25
2025-08-15 17:34:26,795 - ExcelTemplateManager - WARNING - Could not parse date: 05/17/25
2025-08-15 17:34:26,795 - ExcelTemplateManager - WARNING - Could not parse date: 05/17/25
2025-08-15 17:34:26,795 - ExcelTemplateManager - WARNING - Could not parse date: 05/17/25
2025-08-15 17:34:26,795 - ExcelTemplateManager - WARNING - Could not parse date: 05/17/25
2025-08-15 17:34:26,796 - ExcelTemplateManager - WARNING - Could not parse date: 05/18/25
2025-08-15 17:34:26,796 - ExcelTemplateManager - WARNING - Could not parse date: 05/18/25
2025-08-15 17:34:26,796 - ExcelTemplateManager - WARNING - Could not parse date: 05/19/25
2025-08-15 17:34:26,796 - ExcelTemplateManager - WARNING - Could not parse date: 05/19/25
2025-08-15 17:34:26,796 - ExcelTemplateManager - WARNING - Could not parse date: 05/19/25
2025-08-15 17:34:26,796 - ExcelTemplateManager - WARNING - Could not parse date: 05/19/25
2025-08-15 17:34:26,796 - ExcelTemplateManager - WARNING - Could not parse date: 05/19/25
2025-08-15 17:34:26,796 - ExcelTemplateManager - WARNING - Could not parse date: 05/19/25
2025-08-15 17:34:26,796 - ExcelTemplateManager - WARNING - Could not parse date: 05/19/25
2025-08-15 17:34:26,796 - ExcelTemplateManager - WARNING - Could not parse date: 05/19/25
2025-08-15 17:34:26,796 - ExcelTemplateManager - WARNING - Could not parse date: 05/20/25
2025-08-15 17:34:26,796 - ExcelTemplateManager - WARNING - Could not parse date: 05/20/25
2025-08-15 17:34:26,796 - ExcelTemplateManager - WARNING - Could not parse date: 05/20/25
2025-08-15 17:34:26,796 - ExcelTemplateManager - WARNING - Could not parse date: 05/20/25
2025-08-15 17:34:26,796 - ExcelTemplateManager - WARNING - Could not parse date: 05/20/25
2025-08-15 17:34:26,796 - ExcelTemplateManager - WARNING - Could not parse date: 05/20/25
2025-08-15 17:34:26,796 - ExcelTemplateManager - WARNING - Could not parse date: 05/20/25
2025-08-15 17:34:26,796 - ExcelTemplateManager - WARNING - Could not parse date: 05/20/25
2025-08-15 17:34:26,796 - ExcelTemplateManager - WARNING - Could not parse date: 05/20/25
2025-08-15 17:34:26,796 - ExcelTemplateManager - WARNING - Could not parse date: 05/20/25
2025-08-15 17:34:26,796 - ExcelTemplateManager - WARNING - Could not parse date: 05/20/25
2025-08-15 17:34:26,796 - ExcelTemplateManager - WARNING - Could not parse date: 05/20/25
2025-08-15 17:34:26,797 - ExcelTemplateManager - WARNING - Could not parse date: 05/20/25
2025-08-15 17:34:26,797 - ExcelTemplateManager - WARNING - Could not parse date: 05/20/25
2025-08-15 17:34:26,797 - ExcelTemplateManager - WARNING - Could not parse date: 05/22/25
2025-08-15 17:34:26,797 - ExcelTemplateManager - WARNING - Could not parse date: 05/22/25
2025-08-15 17:34:26,797 - ExcelTemplateManager - WARNING - Could not parse date: 05/22/25
2025-08-15 17:34:26,797 - ExcelTemplateManager - WARNING - Could not parse date: 05/22/25
2025-08-15 17:34:26,797 - ExcelTemplateManager - WARNING - Could not parse date: 05/22/25
2025-08-15 17:34:26,797 - ExcelTemplateManager - WARNING - Could not parse date: 05/22/25
2025-08-15 17:34:26,797 - ExcelTemplateManager - WARNING - Could not parse date: 05/22/25
2025-08-15 17:34:26,797 - ExcelTemplateManager - WARNING - Could not parse date: 05/22/25
2025-08-15 17:34:26,797 - ExcelTemplateManager - WARNING - Could not parse date: 05/22/25
2025-08-15 17:34:26,797 - ExcelTemplateManager - WARNING - Could not parse date: 05/22/25
2025-08-15 17:34:26,797 - ExcelTemplateManager - WARNING - Could not parse date: 05/23/25
2025-08-15 17:34:26,797 - ExcelTemplateManager - WARNING - Could not parse date: 05/23/25
2025-08-15 17:34:26,797 - ExcelTemplateManager - WARNING - Could not parse date: 05/23/25
2025-08-15 17:34:26,797 - ExcelTemplateManager - WARNING - Could not parse date: 05/23/25
2025-08-15 17:34:26,797 - ExcelTemplateManager - WARNING - Could not parse date: 05/24/25
2025-08-15 17:34:26,797 - ExcelTemplateManager - WARNING - Could not parse date: 05/24/25
2025-08-15 17:34:26,797 - ExcelTemplateManager - WARNING - Could not parse date: 05/24/25
2025-08-15 17:34:26,797 - ExcelTemplateManager - WARNING - Could not parse date: 05/24/25
2025-08-15 17:34:26,797 - ExcelTemplateManager - WARNING - Could not parse date: 05/24/25
2025-08-15 17:34:26,797 - ExcelTemplateManager - WARNING - Could not parse date: 05/24/25
2025-08-15 17:34:26,798 - ExcelTemplateManager - WARNING - Could not parse date: 05/24/25
2025-08-15 17:34:26,798 - ExcelTemplateManager - WARNING - Could not parse date: 05/24/25
2025-08-15 17:34:26,798 - ExcelTemplateManager - WARNING - Could not parse date: 05/24/25
2025-08-15 17:34:26,798 - ExcelTemplateManager - WARNING - Could not parse date: 05/24/25
2025-08-15 17:34:26,798 - ExcelTemplateManager - WARNING - Could not parse date: 05/24/25
2025-08-15 17:34:26,798 - ExcelTemplateManager - WARNING - Could not parse date: 05/24/25
2025-08-15 17:34:26,798 - ExcelTemplateManager - WARNING - Could not parse date: 05/25/25
2025-08-15 17:34:26,798 - ExcelTemplateManager - WARNING - Could not parse date: 05/25/25
2025-08-15 17:34:26,798 - ExcelTemplateManager - WARNING - Could not parse date: 05/25/25
2025-08-15 17:34:26,798 - ExcelTemplateManager - WARNING - Could not parse date: 05/25/25
2025-08-15 17:34:26,798 - ExcelTemplateManager - WARNING - Could not parse date: 05/25/25
2025-08-15 17:34:26,798 - ExcelTemplateManager - WARNING - Could not parse date: 05/25/25
2025-08-15 17:34:26,798 - ExcelTemplateManager - WARNING - Could not parse date: 05/25/25
2025-08-15 17:34:26,798 - ExcelTemplateManager - WARNING - Could not parse date: 05/25/25
2025-08-15 17:34:26,798 - ExcelTemplateManager - WARNING - Could not parse date: 05/25/25
2025-08-15 17:34:26,798 - ExcelTemplateManager - WARNING - Could not parse date: 05/25/25
2025-08-15 17:34:26,798 - ExcelTemplateManager - WARNING - Could not parse date: 05/25/25
2025-08-15 17:34:26,798 - ExcelTemplateManager - WARNING - Could not parse date: 05/25/25
2025-08-15 17:34:26,798 - ExcelTemplateManager - WARNING - Could not parse date: 05/26/25
2025-08-15 17:34:26,798 - ExcelTemplateManager - WARNING - Could not parse date: 05/26/25
2025-08-15 17:34:26,798 - ExcelTemplateManager - WARNING - Could not parse date: 05/26/25
2025-08-15 17:34:26,798 - ExcelTemplateManager - WARNING - Could not parse date: 05/26/25
2025-08-15 17:34:26,798 - ExcelTemplateManager - WARNING - Could not parse date: 05/26/25
2025-08-15 17:34:26,799 - ExcelTemplateManager - WARNING - Could not parse date: 05/26/25
2025-08-15 17:34:26,799 - ExcelTemplateManager - WARNING - Could not parse date: 05/26/25
2025-08-15 17:34:26,799 - ExcelTemplateManager - WARNING - Could not parse date: 05/26/25
2025-08-15 17:34:26,799 - ExcelTemplateManager - WARNING - Could not parse date: 05/26/25
2025-08-15 17:34:26,799 - ExcelTemplateManager - WARNING - Could not parse date: 05/26/25
2025-08-15 17:34:26,799 - ExcelTemplateManager - WARNING - Could not parse date: 05/26/25
2025-08-15 17:34:26,799 - ExcelTemplateManager - WARNING - Could not parse date: 05/26/25
2025-08-15 17:34:26,799 - ExcelTemplateManager - WARNING - Could not parse date: 05/26/25
2025-08-15 17:34:26,799 - ExcelTemplateManager - WARNING - Could not parse date: 05/26/25
2025-08-15 17:34:26,799 - ExcelTemplateManager - WARNING - Could not parse date: 05/26/25
2025-08-15 17:34:26,799 - ExcelTemplateManager - WARNING - Could not parse date: 05/26/25
2025-08-15 17:34:26,799 - ExcelTemplateManager - WARNING - Could not parse date: 05/28/25
2025-08-15 17:34:26,799 - ExcelTemplateManager - WARNING - Could not parse date: 05/28/25
2025-08-15 17:34:26,799 - ExcelTemplateManager - WARNING - Could not parse date: 05/28/25
2025-08-15 17:34:26,799 - ExcelTemplateManager - WARNING - Could not parse date: 05/28/25
2025-08-15 17:34:26,799 - ExcelTemplateManager - WARNING - Could not parse date: 05/28/25
2025-08-15 17:34:26,799 - ExcelTemplateManager - WARNING - Could not parse date: 05/28/25
2025-08-15 17:34:26,799 - ExcelTemplateManager - WARNING - Could not parse date: 05/28/25
2025-08-15 17:34:26,799 - ExcelTemplateManager - WARNING - Could not parse date: 05/28/25
2025-08-15 17:34:26,799 - ExcelTemplateManager - WARNING - Could not parse date: 05/28/25
2025-08-15 17:34:26,799 - ExcelTemplateManager - WARNING - Could not parse date: 05/28/25
2025-08-15 17:34:26,800 - ExcelTemplateManager - WARNING - Could not parse date: 05/28/25
2025-08-15 17:34:26,800 - ExcelTemplateManager - WARNING - Could not parse date: 05/28/25
2025-08-15 17:34:26,800 - ExcelTemplateManager - WARNING - Could not parse date: 05/30/25
2025-08-15 17:34:26,800 - ExcelTemplateManager - WARNING - Could not parse date: 05/30/25
2025-08-15 17:34:26,802 - ExcelTemplateManager - WARNING - Could not parse date: 06/13/25
2025-08-15 17:34:26,802 - ExcelTemplateManager - WARNING - Could not parse date: 06/13/25
2025-08-15 17:34:26,802 - ExcelTemplateManager - WARNING - Could not parse date: 06/14/25
2025-08-15 17:34:26,802 - ExcelTemplateManager - WARNING - Could not parse date: 06/14/25
2025-08-15 17:34:26,802 - ExcelTemplateManager - WARNING - Could not parse date: 06/15/25
2025-08-15 17:34:26,802 - ExcelTemplateManager - WARNING - Could not parse date: 06/15/25
2025-08-15 17:34:26,802 - ExcelTemplateManager - WARNING - Could not parse date: 06/16/25
2025-08-15 17:34:26,802 - ExcelTemplateManager - WARNING - Could not parse date: 06/16/25
2025-08-15 17:34:26,802 - ExcelTemplateManager - WARNING - Could not parse date: 06/16/25
2025-08-15 17:34:26,802 - ExcelTemplateManager - WARNING - Could not parse date: 06/16/25
2025-08-15 17:34:26,802 - ExcelTemplateManager - WARNING - Could not parse date: 06/17/25
2025-08-15 17:34:26,803 - ExcelTemplateManager - WARNING - Could not parse date: 06/17/25
2025-08-15 17:34:26,803 - ExcelTemplateManager - WARNING - Could not parse date: 06/17/25
2025-08-15 17:34:26,803 - ExcelTemplateManager - WARNING - Could not parse date: 06/17/25
2025-08-15 17:34:26,803 - ExcelTemplateManager - WARNING - Could not parse date: 06/17/25
2025-08-15 17:34:26,803 - ExcelTemplateManager - WARNING - Could not parse date: 06/17/25
2025-08-15 17:34:26,803 - ExcelTemplateManager - WARNING - Could not parse date: 06/18/25
2025-08-15 17:34:26,803 - ExcelTemplateManager - WARNING - Could not parse date: 06/18/25
2025-08-15 17:34:26,803 - ExcelTemplateManager - WARNING - Could not parse date: 06/18/25
2025-08-15 17:34:26,803 - ExcelTemplateManager - WARNING - Could not parse date: 06/18/25
2025-08-15 17:34:26,803 - ExcelTemplateManager - WARNING - Could not parse date: 06/18/25
2025-08-15 17:34:26,803 - ExcelTemplateManager - WARNING - Could not parse date: 06/18/25
2025-08-15 17:34:26,803 - ExcelTemplateManager - WARNING - Could not parse date: 06/18/25
2025-08-15 17:34:26,803 - ExcelTemplateManager - WARNING - Could not parse date: 06/18/25
2025-08-15 17:34:26,803 - ExcelTemplateManager - WARNING - Could not parse date: 06/18/25
2025-08-15 17:34:26,803 - ExcelTemplateManager - WARNING - Could not parse date: 06/18/25
2025-08-15 17:34:26,803 - ExcelTemplateManager - WARNING - Could not parse date: 06/19/25
2025-08-15 17:34:26,803 - ExcelTemplateManager - WARNING - Could not parse date: 06/19/25
2025-08-15 17:34:26,803 - ExcelTemplateManager - WARNING - Could not parse date: 06/20/25
2025-08-15 17:34:26,803 - ExcelTemplateManager - WARNING - Could not parse date: 06/20/25
2025-08-15 17:34:26,803 - ExcelTemplateManager - WARNING - Could not parse date: 06/20/25
2025-08-15 17:34:26,803 - ExcelTemplateManager - WARNING - Could not parse date: 06/20/25
2025-08-15 17:34:26,803 - ExcelTemplateManager - WARNING - Could not parse date: 06/21/25
2025-08-15 17:34:26,803 - ExcelTemplateManager - WARNING - Could not parse date: 06/21/25
2025-08-15 17:34:26,804 - ExcelTemplateManager - WARNING - Could not parse date: 06/22/25
2025-08-15 17:34:26,804 - ExcelTemplateManager - WARNING - Could not parse date: 06/22/25
2025-08-15 17:34:26,804 - ExcelTemplateManager - WARNING - Could not parse date: 06/22/25
2025-08-15 17:34:26,804 - ExcelTemplateManager - WARNING - Could not parse date: 06/22/25
2025-08-15 17:34:26,804 - ExcelTemplateManager - WARNING - Could not parse date: 06/23/25
2025-08-15 17:34:26,804 - ExcelTemplateManager - WARNING - Could not parse date: 06/23/25
2025-08-15 17:34:26,804 - ExcelTemplateManager - WARNING - Could not parse date: 06/24/25
2025-08-15 17:34:26,804 - ExcelTemplateManager - WARNING - Could not parse date: 06/24/25
2025-08-15 17:34:26,804 - ExcelTemplateManager - WARNING - Could not parse date: 06/24/25
2025-08-15 17:34:26,804 - ExcelTemplateManager - WARNING - Could not parse date: 06/24/25
2025-08-15 17:34:26,804 - ExcelTemplateManager - WARNING - Could not parse date: 06/24/25
2025-08-15 17:34:26,804 - ExcelTemplateManager - WARNING - Could not parse date: 06/24/25
2025-08-15 17:34:26,804 - ExcelTemplateManager - WARNING - Could not parse date: 06/25/25
2025-08-15 17:34:26,804 - ExcelTemplateManager - WARNING - Could not parse date: 06/25/25
2025-08-15 17:34:26,804 - ExcelTemplateManager - WARNING - Could not parse date: 06/25/25
2025-08-15 17:34:26,804 - ExcelTemplateManager - WARNING - Could not parse date: 06/25/25
2025-08-15 17:34:26,804 - ExcelTemplateManager - WARNING - Could not parse date: 06/25/25
2025-08-15 17:34:26,804 - ExcelTemplateManager - WARNING - Could not parse date: 06/25/25
2025-08-15 17:34:26,804 - ExcelTemplateManager - WARNING - Could not parse date: 06/25/25
2025-08-15 17:34:26,804 - ExcelTemplateManager - WARNING - Could not parse date: 06/25/25
2025-08-15 17:34:26,805 - ExcelTemplateManager - WARNING - Could not parse date: 06/25/25
2025-08-15 17:34:26,805 - ExcelTemplateManager - WARNING - Could not parse date: 06/25/25
2025-08-15 17:34:26,805 - ExcelTemplateManager - WARNING - Could not parse date: 06/25/25
2025-08-15 17:34:26,805 - ExcelTemplateManager - WARNING - Could not parse date: 06/25/25
2025-08-15 17:34:26,805 - ExcelTemplateManager - WARNING - Could not parse date: 06/27/25
2025-08-15 17:34:26,805 - ExcelTemplateManager - WARNING - Could not parse date: 06/27/25
2025-08-15 17:34:26,805 - ExcelTemplateManager - WARNING - Could not parse date: 06/27/25
2025-08-15 17:34:26,805 - ExcelTemplateManager - WARNING - Could not parse date: 06/27/25
2025-08-15 17:34:26,805 - ExcelTemplateManager - WARNING - Could not parse date: 06/27/25
2025-08-15 17:34:26,805 - ExcelTemplateManager - WARNING - Could not parse date: 06/27/25
2025-08-15 17:34:26,805 - ExcelTemplateManager - WARNING - Could not parse date: 06/27/25
2025-08-15 17:34:26,805 - ExcelTemplateManager - WARNING - Could not parse date: 06/27/25
2025-08-15 17:34:26,805 - ExcelTemplateManager - WARNING - Could not parse date: 06/27/25
2025-08-15 17:34:26,805 - ExcelTemplateManager - WARNING - Could not parse date: 06/27/25
2025-08-15 17:34:26,805 - ExcelTemplateManager - WARNING - Could not parse date: 06/28/25
2025-08-15 17:34:26,805 - ExcelTemplateManager - WARNING - Could not parse date: 06/28/25
2025-08-15 17:34:26,805 - ExcelTemplateManager - WARNING - Could not parse date: 06/29/25
2025-08-15 17:34:26,805 - ExcelTemplateManager - WARNING - Could not parse date: 06/29/25
2025-08-15 17:34:26,805 - ExcelTemplateManager - WARNING - Could not parse date: 06/29/25
2025-08-15 17:34:26,805 - ExcelTemplateManager - WARNING - Could not parse date: 06/29/25
2025-08-15 17:34:26,805 - ExcelTemplateManager - WARNING - Could not parse date: 06/29/25
2025-08-15 17:34:26,805 - ExcelTemplateManager - WARNING - Could not parse date: 06/29/25
2025-08-15 17:34:26,805 - ExcelTemplateManager - WARNING - Could not parse date: 06/30/25
2025-08-15 17:34:26,806 - ExcelTemplateManager - WARNING - Could not parse date: 06/29/25
2025-08-15 17:34:26,808 - ExcelTemplateManager - WARNING - Could not parse date: 07/13/25
2025-08-15 17:34:26,808 - ExcelTemplateManager - WARNING - Could not parse date: 07/13/25
2025-08-15 17:34:26,808 - ExcelTemplateManager - WARNING - Could not parse date: 07/13/25
2025-08-15 17:34:26,808 - ExcelTemplateManager - WARNING - Could not parse date: 07/13/25
2025-08-15 17:34:26,808 - ExcelTemplateManager - WARNING - Could not parse date: 07/14/25
2025-08-15 17:34:26,808 - ExcelTemplateManager - WARNING - Could not parse date: 07/14/25
2025-08-15 17:34:26,808 - ExcelTemplateManager - WARNING - Could not parse date: 07/14/25
2025-08-15 17:34:26,808 - ExcelTemplateManager - WARNING - Could not parse date: 07/14/25
2025-08-15 17:34:26,808 - ExcelTemplateManager - WARNING - Could not parse date: 07/14/25
2025-08-15 17:34:26,808 - ExcelTemplateManager - WARNING - Could not parse date: 07/14/25
2025-08-15 17:34:26,808 - ExcelTemplateManager - WARNING - Could not parse date: 07/15/25
2025-08-15 17:34:26,808 - ExcelTemplateManager - WARNING - Could not parse date: 07/15/25
2025-08-15 17:34:26,808 - ExcelTemplateManager - WARNING - Could not parse date: 07/15/25
2025-08-15 17:34:26,808 - ExcelTemplateManager - WARNING - Could not parse date: 07/15/25
2025-08-15 17:34:26,808 - ExcelTemplateManager - WARNING - Could not parse date: 07/15/25
2025-08-15 17:34:26,808 - ExcelTemplateManager - WARNING - Could not parse date: 07/15/25
2025-08-15 17:34:26,809 - ExcelTemplateManager - WARNING - Could not parse date: 07/15/25
2025-08-15 17:34:26,809 - ExcelTemplateManager - WARNING - Could not parse date: 07/15/25
2025-08-15 17:34:26,809 - ExcelTemplateManager - WARNING - Could not parse date: 07/15/25
2025-08-15 17:34:26,809 - ExcelTemplateManager - WARNING - Could not parse date: 07/15/25
2025-08-15 17:34:26,809 - ExcelTemplateManager - WARNING - Could not parse date: 07/15/25
2025-08-15 17:34:26,809 - ExcelTemplateManager - WARNING - Could not parse date: 07/15/25
2025-08-15 17:34:26,809 - ExcelTemplateManager - WARNING - Could not parse date: 07/16/25
2025-08-15 17:34:26,809 - ExcelTemplateManager - WARNING - Could not parse date: 07/16/25
2025-08-15 17:34:26,809 - ExcelTemplateManager - WARNING - Could not parse date: 07/16/25
2025-08-15 17:34:26,809 - ExcelTemplateManager - WARNING - Could not parse date: 07/16/25
2025-08-15 17:34:26,809 - ExcelTemplateManager - WARNING - Could not parse date: 07/17/25
2025-08-15 17:34:26,809 - ExcelTemplateManager - WARNING - Could not parse date: 07/17/25
2025-08-15 17:34:26,809 - ExcelTemplateManager - WARNING - Could not parse date: 07/17/25
2025-08-15 17:34:26,809 - ExcelTemplateManager - WARNING - Could not parse date: 07/17/25
2025-08-15 17:34:26,809 - ExcelTemplateManager - WARNING - Could not parse date: 07/17/25
2025-08-15 17:34:26,809 - ExcelTemplateManager - WARNING - Could not parse date: 07/17/25
2025-08-15 17:34:26,809 - ExcelTemplateManager - WARNING - Could not parse date: 07/17/25
2025-08-15 17:34:26,809 - ExcelTemplateManager - WARNING - Could not parse date: 07/17/25
2025-08-15 17:34:26,809 - ExcelTemplateManager - WARNING - Could not parse date: 07/18/25
2025-08-15 17:34:26,810 - ExcelTemplateManager - WARNING - Could not parse date: 07/18/25
2025-08-15 17:34:26,810 - ExcelTemplateManager - WARNING - Could not parse date: 07/18/25
2025-08-15 17:34:26,810 - ExcelTemplateManager - WARNING - Could not parse date: 07/18/25
2025-08-15 17:34:26,810 - ExcelTemplateManager - WARNING - Could not parse date: 07/18/25
2025-08-15 17:34:26,810 - ExcelTemplateManager - WARNING - Could not parse date: 07/18/25
2025-08-15 17:34:26,810 - ExcelTemplateManager - WARNING - Could not parse date: 07/18/25
2025-08-15 17:34:26,810 - ExcelTemplateManager - WARNING - Could not parse date: 07/18/25
2025-08-15 17:34:26,810 - ExcelTemplateManager - WARNING - Could not parse date: 07/18/25
2025-08-15 17:34:26,810 - ExcelTemplateManager - WARNING - Could not parse date: 07/18/25
2025-08-15 17:34:26,810 - ExcelTemplateManager - WARNING - Could not parse date: 07/18/25
2025-08-15 17:34:26,810 - ExcelTemplateManager - WARNING - Could not parse date: 07/18/25
2025-08-15 17:34:26,810 - ExcelTemplateManager - WARNING - Could not parse date: 07/18/25
2025-08-15 17:34:26,810 - ExcelTemplateManager - WARNING - Could not parse date: 07/18/25
2025-08-15 17:34:26,810 - ExcelTemplateManager - WARNING - Could not parse date: 07/18/25
2025-08-15 17:34:26,810 - ExcelTemplateManager - WARNING - Could not parse date: 07/18/25
2025-08-15 17:34:26,810 - ExcelTemplateManager - WARNING - Could not parse date: 07/18/25
2025-08-15 17:34:26,810 - ExcelTemplateManager - WARNING - Could not parse date: 07/18/25
2025-08-15 17:34:26,810 - ExcelTemplateManager - WARNING - Could not parse date: 07/19/25
2025-08-15 17:34:26,810 - ExcelTemplateManager - WARNING - Could not parse date: 07/19/25
2025-08-15 17:34:26,810 - ExcelTemplateManager - WARNING - Could not parse date: 07/20/25
2025-08-15 17:34:26,810 - ExcelTemplateManager - WARNING - Could not parse date: 07/20/25
2025-08-15 17:34:26,810 - ExcelTemplateManager - WARNING - Could not parse date: 07/21/25
2025-08-15 17:34:26,810 - ExcelTemplateManager - WARNING - Could not parse date: 07/21/25
2025-08-15 17:34:26,811 - ExcelTemplateManager - WARNING - Could not parse date: 07/21/25
2025-08-15 17:34:26,811 - ExcelTemplateManager - WARNING - Could not parse date: 07/21/25
2025-08-15 17:34:26,811 - ExcelTemplateManager - WARNING - Could not parse date: 07/21/25
2025-08-15 17:34:26,811 - ExcelTemplateManager - WARNING - Could not parse date: 07/21/25
2025-08-15 17:34:26,811 - ExcelTemplateManager - WARNING - Could not parse date: 07/21/25
2025-08-15 17:34:26,811 - ExcelTemplateManager - WARNING - Could not parse date: 07/21/25
2025-08-15 17:34:26,811 - ExcelTemplateManager - WARNING - Could not parse date: 07/21/25
2025-08-15 17:34:26,811 - ExcelTemplateManager - WARNING - Could not parse date: 07/21/25
2025-08-15 17:34:26,811 - ExcelTemplateManager - WARNING - Could not parse date: 07/22/25
2025-08-15 17:34:26,811 - ExcelTemplateManager - WARNING - Could not parse date: 07/22/25
2025-08-15 17:34:26,811 - ExcelTemplateManager - WARNING - Could not parse date: 07/23/25
2025-08-15 17:34:26,811 - ExcelTemplateManager - WARNING - Could not parse date: 07/23/25
2025-08-15 17:34:26,811 - ExcelTemplateManager - WARNING - Could not parse date: 07/23/25
2025-08-15 17:34:26,811 - ExcelTemplateManager - WARNING - Could not parse date: 07/23/25
2025-08-15 17:34:26,811 - ExcelTemplateManager - WARNING - Could not parse date: 07/23/25
2025-08-15 17:34:26,811 - ExcelTemplateManager - WARNING - Could not parse date: 07/23/25
2025-08-15 17:34:26,811 - ExcelTemplateManager - WARNING - Could not parse date: 07/23/25
2025-08-15 17:34:26,811 - ExcelTemplateManager - WARNING - Could not parse date: 07/23/25
2025-08-15 17:34:26,811 - ExcelTemplateManager - WARNING - Could not parse date: 07/23/25
2025-08-15 17:34:26,811 - ExcelTemplateManager - WARNING - Could not parse date: 07/23/25
2025-08-15 17:34:26,811 - ExcelTemplateManager - WARNING - Could not parse date: 07/23/25
2025-08-15 17:34:26,811 - ExcelTemplateManager - WARNING - Could not parse date: 07/23/25
2025-08-15 17:34:26,812 - ExcelTemplateManager - WARNING - Could not parse date: 07/24/25
2025-08-15 17:34:26,812 - ExcelTemplateManager - WARNING - Could not parse date: 07/24/25
2025-08-15 17:34:26,812 - ExcelTemplateManager - WARNING - Could not parse date: 07/24/25
2025-08-15 17:34:26,812 - ExcelTemplateManager - WARNING - Could not parse date: 07/24/25
2025-08-15 17:34:26,812 - ExcelTemplateManager - WARNING - Could not parse date: 07/25/25
2025-08-15 17:34:26,812 - ExcelTemplateManager - WARNING - Could not parse date: 07/25/25
2025-08-15 17:34:26,812 - ExcelTemplateManager - WARNING - Could not parse date: 07/25/25
2025-08-15 17:34:26,812 - ExcelTemplateManager - WARNING - Could not parse date: 07/25/25
2025-08-15 17:34:26,812 - ExcelTemplateManager - WARNING - Could not parse date: 07/25/25
2025-08-15 17:34:26,812 - ExcelTemplateManager - WARNING - Could not parse date: 07/25/25
2025-08-15 17:34:26,812 - ExcelTemplateManager - WARNING - Could not parse date: 07/25/25
2025-08-15 17:34:26,812 - ExcelTemplateManager - WARNING - Could not parse date: 07/25/25
2025-08-15 17:34:26,812 - ExcelTemplateManager - WARNING - Could not parse date: 07/25/25
2025-08-15 17:34:26,812 - ExcelTemplateManager - WARNING - Could not parse date: 07/25/25
2025-08-15 17:34:26,812 - ExcelTemplateManager - WARNING - Could not parse date: 07/25/25
2025-08-15 17:34:26,812 - ExcelTemplateManager - WARNING - Could not parse date: 07/25/25
2025-08-15 17:34:26,812 - ExcelTemplateManager - WARNING - Could not parse date: 07/25/25
2025-08-15 17:34:26,812 - ExcelTemplateManager - WARNING - Could not parse date: 07/25/25
2025-08-15 17:34:26,812 - ExcelTemplateManager - WARNING - Could not parse date: 07/26/25
2025-08-15 17:34:26,812 - ExcelTemplateManager - WARNING - Could not parse date: 07/26/25
2025-08-15 17:34:26,812 - ExcelTemplateManager - WARNING - Could not parse date: 07/26/25
2025-08-15 17:34:26,812 - ExcelTemplateManager - WARNING - Could not parse date: 07/26/25
2025-08-15 17:34:26,813 - ExcelTemplateManager - WARNING - Could not parse date: 07/27/25
2025-08-15 17:34:26,813 - ExcelTemplateManager - WARNING - Could not parse date: 07/27/25
2025-08-15 17:34:26,813 - ExcelTemplateManager - WARNING - Could not parse date: 07/27/25
2025-08-15 17:34:26,813 - ExcelTemplateManager - WARNING - Could not parse date: 07/27/25
2025-08-15 17:34:26,813 - ExcelTemplateManager - WARNING - Could not parse date: 07/28/25
2025-08-15 17:34:26,813 - ExcelTemplateManager - WARNING - Could not parse date: 07/28/25
2025-08-15 17:34:26,813 - ExcelTemplateManager - WARNING - Could not parse date: 07/28/25
2025-08-15 17:34:26,813 - ExcelTemplateManager - WARNING - Could not parse date: 07/28/25
2025-08-15 17:34:26,813 - ExcelTemplateManager - WARNING - Could not parse date: 07/28/25
2025-08-15 17:34:26,813 - ExcelTemplateManager - WARNING - Could not parse date: 07/28/25
2025-08-15 17:34:26,813 - ExcelTemplateManager - WARNING - Could not parse date: 07/28/25
2025-08-15 17:34:26,813 - ExcelTemplateManager - WARNING - Could not parse date: 07/28/25
2025-08-15 17:34:26,813 - ExcelTemplateManager - WARNING - Could not parse date: 07/28/25
2025-08-15 17:34:26,813 - ExcelTemplateManager - WARNING - Could not parse date: 07/28/25
2025-08-15 17:34:26,813 - ExcelTemplateManager - WARNING - Could not parse date: 07/28/25
2025-08-15 17:34:26,813 - ExcelTemplateManager - WARNING - Could not parse date: 07/28/25
2025-08-15 17:34:26,813 - ExcelTemplateManager - WARNING - Could not parse date: 07/29/25
2025-08-15 17:34:26,813 - ExcelTemplateManager - WARNING - Could not parse date: 07/29/25
2025-08-15 17:34:26,813 - ExcelTemplateManager - WARNING - Could not parse date: 07/29/25
2025-08-15 17:34:26,813 - ExcelTemplateManager - WARNING - Could not parse date: 07/29/25
2025-08-15 17:34:26,813 - ExcelTemplateManager - WARNING - Could not parse date: 07/30/25
2025-08-15 17:34:26,813 - ExcelTemplateManager - WARNING - Could not parse date: 07/30/25
2025-08-15 17:34:26,814 - ExcelTemplateManager - WARNING - Could not parse date: 07/30/25
2025-08-15 17:34:26,814 - ExcelTemplateManager - WARNING - Could not parse date: 07/30/25
2025-08-15 17:34:26,814 - ExcelTemplateManager - WARNING - Could not parse date: 07/30/25
2025-08-15 17:34:26,814 - ExcelTemplateManager - WARNING - Could not parse date: 07/30/25
2025-08-15 17:34:26,814 - ExcelTemplateManager - WARNING - Could not parse date: 07/30/25
2025-08-15 17:34:26,814 - ExcelTemplateManager - WARNING - Could not parse date: 07/30/25
2025-08-15 17:34:26,814 - ExcelTemplateManager - WARNING - Could not parse date: 07/30/25
2025-08-15 17:34:26,814 - ExcelTemplateManager - WARNING - Could not parse date: 07/30/25
2025-08-15 17:34:26,814 - ExcelTemplateManager - WARNING - Could not parse date: 07/30/25
2025-08-15 17:34:26,814 - ExcelTemplateManager - WARNING - Could not parse date: 07/30/25
2025-08-15 17:34:26,814 - ExcelTemplateManager - WARNING - Could not parse date: 07/30/25
2025-08-15 17:34:26,814 - ExcelTemplateManager - WARNING - Could not parse date: 07/30/25
2025-08-15 17:34:26,814 - ExcelTemplateManager - WARNING - Could not parse date: 07/31/25
2025-08-15 17:34:26,814 - ExcelTemplateManager - WARNING - Could not parse date: 07/31/25
2025-08-15 17:34:26,814 - ExcelTemplateManager - WARNING - Could not parse date: 07/31/25
2025-08-15 17:34:26,814 - ExcelTemplateManager - WARNING - Could not parse date: 07/31/25
2025-08-15 17:34:26,814 - ExcelTemplateManager - WARNING - Could not parse date: 07/31/25
2025-08-15 17:34:26,814 - ExcelTemplateManager - WARNING - Could not parse date: 07/31/25
2025-08-15 17:34:26,814 - ExcelTemplateManager - WARNING - Could not parse date: 07/31/25
2025-08-15 17:34:26,814 - ExcelTemplateManager - WARNING - Could not parse date: 07/31/25
2025-08-15 17:34:26,817 - ExcelTemplateManager - WARNING - Could not parse date: 08/13/25
2025-08-15 17:34:26,817 - ExcelTemplateManager - WARNING - Could not parse date: 08/13/25
2025-08-15 17:34:26,817 - ExcelTemplateManager - WARNING - Could not parse date: 08/13/25
2025-08-15 17:34:26,817 - ExcelTemplateManager - WARNING - Could not parse date: 08/13/25
2025-08-15 17:34:26,817 - ExcelTemplateManager - WARNING - Could not parse date: 08/13/25
2025-08-15 17:34:26,817 - ExcelTemplateManager - WARNING - Could not parse date: 08/13/25
2025-08-15 17:34:26,817 - ExcelTemplateManager - WARNING - Could not parse date: 08/13/25
2025-08-15 17:34:26,817 - ExcelTemplateManager - WARNING - Could not parse date: 08/13/25
2025-08-15 17:34:26,817 - ExcelTemplateManager - WARNING - Could not parse date: 08/13/25
2025-08-15 17:34:26,817 - ExcelTemplateManager - WARNING - Could not parse date: 08/13/25
2025-08-15 17:34:26,817 - ExcelTemplateManager - WARNING - Could not parse date: 08/14/25
2025-08-15 17:34:26,817 - ExcelTemplateManager - WARNING - Could not parse date: 08/14/25
2025-08-15 17:34:26,817 - ExcelTemplateManager - WARNING - Could not parse date: 08/14/25
2025-08-15 17:34:26,817 - ExcelTemplateManager - WARNING - Could not parse date: 08/14/25
2025-08-15 17:34:26,817 - ExcelTemplateManager - WARNING - Could not parse date: 08/14/25
2025-08-15 17:34:26,818 - ExcelTemplateManager - WARNING - Could not parse date: 08/14/25
2025-08-15 17:34:26,818 - ExcelTemplateManager - WARNING - Could not parse date: 08/14/25
2025-08-15 17:34:26,818 - ExcelTemplateManager - WARNING - Could not parse date: 08/14/25
2025-08-15 17:34:26,818 - ExcelTemplateManager - WARNING - Could not parse date: 08/14/25
2025-08-15 17:34:26,818 - ExcelTemplateManager - WARNING - Could not parse date: 08/14/25
2025-08-15 17:34:26,820 - ExcelTemplateManager - INFO - Converted 419 rows to standard format
2025-08-15 17:34:26,820 - __main__ - INFO - Successfully parsed 419 transactions
2025-08-15 17:34:26,820 - __main__ - INFO - Classifying transactions...
2025-08-15 17:34:26,820 - TransactionClassifier - INFO - Classifying 419 transactions
2025-08-15 17:34:26,827 - TransactionClassifier - INFO - Classification Summary:
2025-08-15 17:34:26,827 - TransactionClassifier - INFO -   salary: 204 transactions (48.7%)
2025-08-15 17:34:26,827 - TransactionClassifier - INFO -   unknown: 169 transactions (40.3%)
2025-08-15 17:34:26,827 - TransactionClassifier - INFO -   fixed_deposit: 14 transactions (3.3%)
2025-08-15 17:34:26,827 - TransactionClassifier - INFO -   food: 11 transactions (2.6%)
2025-08-15 17:34:26,827 - TransactionClassifier - INFO -   phone: 4 transactions (1.0%)
2025-08-15 17:34:26,827 - TransactionClassifier - INFO -   shopping: 4 transactions (1.0%)
2025-08-15 17:34:26,827 - TransactionClassifier - INFO -   transport: 3 transactions (0.7%)
2025-08-15 17:34:26,827 - TransactionClassifier - INFO -   groceries: 3 transactions (0.7%)
2025-08-15 17:34:26,827 - TransactionClassifier - INFO -   rent: 2 transactions (0.5%)
2025-08-15 17:34:26,827 - TransactionClassifier - INFO -   refund: 2 transactions (0.5%)
2025-08-15 17:34:26,827 - TransactionClassifier - INFO -   mutual_fund: 1 transactions (0.2%)
2025-08-15 17:34:26,827 - TransactionClassifier - INFO -   atm: 1 transactions (0.2%)
2025-08-15 17:34:26,827 - TransactionClassifier - INFO -   medical: 1 transactions (0.2%)
2025-08-15 17:34:26,827 - __main__ - INFO - Saving classified transactions to: classified_transactions.csv
2025-08-15 17:34:26,828 - __main__ - INFO - Generating beancount file: transactions.beancount
2025-08-15 17:34:26,834 - TransactionClassifier - INFO - Saved 419 beancount entries to transactions.beancount
2025-08-15 17:34:26,834 - __main__ - INFO - Starting beancount-import post-processing...
2025-08-15 17:34:26,835 - __main__ - WARNING - Beancount-import post-processing failed: Error in beancount-import post-processing: property 'name' of 'ExcelTemplateSource' object has no setter
2025-08-15 17:34:26,835 - __main__ - INFO - 
==================================================
2025-08-15 17:34:26,835 - __main__ - INFO - TRANSACTION PROCESSING SUMMARY
2025-08-15 17:34:26,835 - __main__ - INFO - ==================================================
2025-08-15 17:34:26,835 - __main__ - INFO - Total Transactions: 419
2025-08-15 17:34:26,835 - __main__ - INFO - Credit Transactions: 419
2025-08-15 17:34:26,835 - __main__ - INFO - Debit Transactions: 419
2025-08-15 17:34:26,835 - __main__ - WARNING - Could not calculate amounts: could not convert string to float: ''
2025-08-15 17:34:26,835 - __main__ - INFO - 
Category Breakdown:
2025-08-15 17:34:26,836 - __main__ - INFO -   salary: 204 (48.7%)
2025-08-15 17:34:26,836 - __main__ - INFO -   unknown: 169 (40.3%)
2025-08-15 17:34:26,836 - __main__ - INFO -   fixed_deposit: 14 (3.3%)
2025-08-15 17:34:26,836 - __main__ - INFO -   food: 11 (2.6%)
2025-08-15 17:34:26,836 - __main__ - INFO -   phone: 4 (1.0%)
2025-08-15 17:34:26,836 - __main__ - INFO -   shopping: 4 (1.0%)
2025-08-15 17:34:26,836 - __main__ - INFO -   transport: 3 (0.7%)
2025-08-15 17:34:26,836 - __main__ - INFO -   groceries: 3 (0.7%)
2025-08-15 17:34:26,836 - __main__ - INFO -   rent: 2 (0.5%)
2025-08-15 17:34:26,836 - __main__ - INFO -   refund: 2 (0.5%)
2025-08-15 17:34:26,838 - __main__ - INFO - 
Date Range: 01-01-2025 to 08-12-2025
2025-08-15 17:34:26,838 - __main__ - INFO - ==================================================
2025-08-15 17:34:26,838 - __main__ - INFO - ==================================================
2025-08-15 17:34:26,838 - __main__ - INFO - Processing completed successfully!
2025-08-15 17:35:36,531 - __main__ - INFO - Parsing Excel file: OpTransactionHistory15-08-2025.xls
2025-08-15 17:35:36,531 - ExcelTemplateManager - INFO - Loaded template: ICICI Bank Statement Excel Template
2025-08-15 17:35:36,531 - ExcelTransactionParser - INFO - Parsing Excel file: OpTransactionHistory15-08-2025.xls
2025-08-15 17:35:36,542 - ExcelTransactionParser - INFO - Successfully read Excel file with xlrd engine
2025-08-15 17:35:36,542 - ExcelTransactionParser - INFO - Read 1021 rows and 9 columns
2025-08-15 17:35:36,542 - ExcelTransactionParser - INFO - Columns: ['Unnamed: 0', 'Unnamed: 1', 'Unnamed: 2', 'Unnamed: 3', 'Unnamed: 4', 'Unnamed: 5', 'Unnamed: 6', 'Unnamed: 7', 'Unnamed: 8']
2025-08-15 17:35:36,542 - ExcelTransactionParser - INFO - Using template-based parsing
2025-08-15 17:35:36,542 - ExcelTemplateManager - INFO - Parsing Excel file with template
2025-08-15 17:35:36,543 - ExcelTemplateManager - INFO - Detected header row at index 11 with 6 pattern matches
2025-08-15 17:35:36,543 - ExcelTemplateManager - INFO - Mapped date to column 3 (Unnamed: 3)
2025-08-15 17:35:36,543 - ExcelTemplateManager - INFO - Mapped value_date to column 2 (Unnamed: 2)
2025-08-15 17:35:36,543 - ExcelTemplateManager - INFO - Mapped description to column 5 (Unnamed: 5)
2025-08-15 17:35:36,543 - ExcelTemplateManager - INFO - Mapped reference to column 4 (Unnamed: 4)
2025-08-15 17:35:36,543 - ExcelTemplateManager - INFO - Mapped debit to column 6 (Unnamed: 6)
2025-08-15 17:35:36,543 - ExcelTemplateManager - INFO - Mapped credit to column 7 (Unnamed: 7)
2025-08-15 17:35:36,543 - ExcelTemplateManager - INFO - Mapped balance to column 8 (Unnamed: 8)
2025-08-15 17:35:36,543 - ExcelTemplateManager - INFO - Data starts at row 12
2025-08-15 17:35:36,545 - ExcelTemplateManager - WARNING - Could not parse date: 01/13/25
2025-08-15 17:35:36,545 - ExcelTemplateManager - WARNING - Could not parse date: 01/13/25
2025-08-15 17:35:36,545 - ExcelTemplateManager - WARNING - Could not parse date: 01/13/25
2025-08-15 17:35:36,545 - ExcelTemplateManager - WARNING - Could not parse date: 01/13/25
2025-08-15 17:35:36,545 - ExcelTemplateManager - WARNING - Could not parse date: 01/13/25
2025-08-15 17:35:36,545 - ExcelTemplateManager - WARNING - Could not parse date: 01/13/25
2025-08-15 17:35:36,545 - ExcelTemplateManager - WARNING - Could not parse date: 01/14/25
2025-08-15 17:35:36,545 - ExcelTemplateManager - WARNING - Could not parse date: 01/14/25
2025-08-15 17:35:36,545 - ExcelTemplateManager - WARNING - Could not parse date: 01/14/25
2025-08-15 17:35:36,545 - ExcelTemplateManager - WARNING - Could not parse date: 01/14/25
2025-08-15 17:35:36,546 - ExcelTemplateManager - WARNING - Could not parse date: 01/15/25
2025-08-15 17:35:36,546 - ExcelTemplateManager - WARNING - Could not parse date: 01/15/25
2025-08-15 17:35:36,546 - ExcelTemplateManager - WARNING - Could not parse date: 01/15/25
2025-08-15 17:35:36,546 - ExcelTemplateManager - WARNING - Could not parse date: 01/15/25
2025-08-15 17:35:36,546 - ExcelTemplateManager - WARNING - Could not parse date: 01/16/25
2025-08-15 17:35:36,546 - ExcelTemplateManager - WARNING - Could not parse date: 01/16/25
2025-08-15 17:35:36,546 - ExcelTemplateManager - WARNING - Could not parse date: 01/17/25
2025-08-15 17:35:36,546 - ExcelTemplateManager - WARNING - Could not parse date: 01/17/25
2025-08-15 17:35:36,546 - ExcelTemplateManager - WARNING - Could not parse date: 01/17/25
2025-08-15 17:35:36,546 - ExcelTemplateManager - WARNING - Could not parse date: 01/17/25
2025-08-15 17:35:36,546 - ExcelTemplateManager - WARNING - Could not parse date: 01/17/25
2025-08-15 17:35:36,546 - ExcelTemplateManager - WARNING - Could not parse date: 01/17/25
2025-08-15 17:35:36,546 - ExcelTemplateManager - WARNING - Could not parse date: 01/17/25
2025-08-15 17:35:36,546 - ExcelTemplateManager - WARNING - Could not parse date: 01/17/25
2025-08-15 17:35:36,546 - ExcelTemplateManager - WARNING - Could not parse date: 01/17/25
2025-08-15 17:35:36,546 - ExcelTemplateManager - WARNING - Could not parse date: 01/17/25
2025-08-15 17:35:36,546 - ExcelTemplateManager - WARNING - Could not parse date: 01/17/25
2025-08-15 17:35:36,546 - ExcelTemplateManager - WARNING - Could not parse date: 01/17/25
2025-08-15 17:35:36,546 - ExcelTemplateManager - WARNING - Could not parse date: 01/18/25
2025-08-15 17:35:36,546 - ExcelTemplateManager - WARNING - Could not parse date: 01/18/25
2025-08-15 17:35:36,546 - ExcelTemplateManager - WARNING - Could not parse date: 01/18/25
2025-08-15 17:35:36,546 - ExcelTemplateManager - WARNING - Could not parse date: 01/18/25
2025-08-15 17:35:36,546 - ExcelTemplateManager - WARNING - Could not parse date: 01/20/25
2025-08-15 17:35:36,546 - ExcelTemplateManager - WARNING - Could not parse date: 01/20/25
2025-08-15 17:35:36,547 - ExcelTemplateManager - WARNING - Could not parse date: 01/20/25
2025-08-15 17:35:36,547 - ExcelTemplateManager - WARNING - Could not parse date: 01/20/25
2025-08-15 17:35:36,547 - ExcelTemplateManager - WARNING - Could not parse date: 01/21/25
2025-08-15 17:35:36,547 - ExcelTemplateManager - WARNING - Could not parse date: 01/21/25
2025-08-15 17:35:36,547 - ExcelTemplateManager - WARNING - Could not parse date: 01/21/25
2025-08-15 17:35:36,547 - ExcelTemplateManager - WARNING - Could not parse date: 01/21/25
2025-08-15 17:35:36,547 - ExcelTemplateManager - WARNING - Could not parse date: 01/21/25
2025-08-15 17:35:36,547 - ExcelTemplateManager - WARNING - Could not parse date: 01/21/25
2025-08-15 17:35:36,547 - ExcelTemplateManager - WARNING - Could not parse date: 01/22/25
2025-08-15 17:35:36,547 - ExcelTemplateManager - WARNING - Could not parse date: 01/22/25
2025-08-15 17:35:36,547 - ExcelTemplateManager - WARNING - Could not parse date: 01/22/25
2025-08-15 17:35:36,547 - ExcelTemplateManager - WARNING - Could not parse date: 01/22/25
2025-08-15 17:35:36,547 - ExcelTemplateManager - WARNING - Could not parse date: 01/23/25
2025-08-15 17:35:36,547 - ExcelTemplateManager - WARNING - Could not parse date: 01/23/25
2025-08-15 17:35:36,547 - ExcelTemplateManager - WARNING - Could not parse date: 01/23/25
2025-08-15 17:35:36,547 - ExcelTemplateManager - WARNING - Could not parse date: 01/23/25
2025-08-15 17:35:36,547 - ExcelTemplateManager - WARNING - Could not parse date: 01/23/25
2025-08-15 17:35:36,547 - ExcelTemplateManager - WARNING - Could not parse date: 01/23/25
2025-08-15 17:35:36,547 - ExcelTemplateManager - WARNING - Could not parse date: 01/23/25
2025-08-15 17:35:36,547 - ExcelTemplateManager - WARNING - Could not parse date: 01/23/25
2025-08-15 17:35:36,548 - ExcelTemplateManager - WARNING - Could not parse date: 01/24/25
2025-08-15 17:35:36,548 - ExcelTemplateManager - WARNING - Could not parse date: 01/24/25
2025-08-15 17:35:36,548 - ExcelTemplateManager - WARNING - Could not parse date: 01/24/25
2025-08-15 17:35:36,548 - ExcelTemplateManager - WARNING - Could not parse date: 01/24/25
2025-08-15 17:35:36,548 - ExcelTemplateManager - WARNING - Could not parse date: 01/25/25
2025-08-15 17:35:36,548 - ExcelTemplateManager - WARNING - Could not parse date: 01/25/25
2025-08-15 17:35:36,548 - ExcelTemplateManager - WARNING - Could not parse date: 01/25/25
2025-08-15 17:35:36,548 - ExcelTemplateManager - WARNING - Could not parse date: 01/25/25
2025-08-15 17:35:36,548 - ExcelTemplateManager - WARNING - Could not parse date: 01/25/25
2025-08-15 17:35:36,548 - ExcelTemplateManager - WARNING - Could not parse date: 01/25/25
2025-08-15 17:35:36,548 - ExcelTemplateManager - WARNING - Could not parse date: 01/26/25
2025-08-15 17:35:36,548 - ExcelTemplateManager - WARNING - Could not parse date: 01/26/25
2025-08-15 17:35:36,548 - ExcelTemplateManager - WARNING - Could not parse date: 01/26/25
2025-08-15 17:35:36,548 - ExcelTemplateManager - WARNING - Could not parse date: 01/26/25
2025-08-15 17:35:36,548 - ExcelTemplateManager - WARNING - Could not parse date: 01/27/25
2025-08-15 17:35:36,548 - ExcelTemplateManager - WARNING - Could not parse date: 01/27/25
2025-08-15 17:35:36,548 - ExcelTemplateManager - WARNING - Could not parse date: 01/27/25
2025-08-15 17:35:36,548 - ExcelTemplateManager - WARNING - Could not parse date: 01/27/25
2025-08-15 17:35:36,548 - ExcelTemplateManager - WARNING - Could not parse date: 01/27/25
2025-08-15 17:35:36,548 - ExcelTemplateManager - WARNING - Could not parse date: 01/27/25
2025-08-15 17:35:36,548 - ExcelTemplateManager - WARNING - Could not parse date: 01/27/25
2025-08-15 17:35:36,548 - ExcelTemplateManager - WARNING - Could not parse date: 01/27/25
2025-08-15 17:35:36,548 - ExcelTemplateManager - WARNING - Could not parse date: 01/27/25
2025-08-15 17:35:36,548 - ExcelTemplateManager - WARNING - Could not parse date: 01/27/25
2025-08-15 17:35:36,549 - ExcelTemplateManager - WARNING - Could not parse date: 01/27/25
2025-08-15 17:35:36,549 - ExcelTemplateManager - WARNING - Could not parse date: 01/27/25
2025-08-15 17:35:36,549 - ExcelTemplateManager - WARNING - Could not parse date: 01/28/25
2025-08-15 17:35:36,549 - ExcelTemplateManager - WARNING - Could not parse date: 01/28/25
2025-08-15 17:35:36,549 - ExcelTemplateManager - WARNING - Could not parse date: 01/28/25
2025-08-15 17:35:36,549 - ExcelTemplateManager - WARNING - Could not parse date: 01/28/25
2025-08-15 17:35:36,549 - ExcelTemplateManager - WARNING - Could not parse date: 01/28/25
2025-08-15 17:35:36,549 - ExcelTemplateManager - WARNING - Could not parse date: 01/28/25
2025-08-15 17:35:36,549 - ExcelTemplateManager - WARNING - Could not parse date: 01/29/25
2025-08-15 17:35:36,549 - ExcelTemplateManager - WARNING - Could not parse date: 01/29/25
2025-08-15 17:35:36,549 - ExcelTemplateManager - WARNING - Could not parse date: 01/29/25
2025-08-15 17:35:36,549 - ExcelTemplateManager - WARNING - Could not parse date: 01/29/25
2025-08-15 17:35:36,549 - ExcelTemplateManager - WARNING - Could not parse date: 01/30/25
2025-08-15 17:35:36,549 - ExcelTemplateManager - WARNING - Could not parse date: 01/30/25
2025-08-15 17:35:36,549 - ExcelTemplateManager - WARNING - Could not parse date: 01/30/25
2025-08-15 17:35:36,549 - ExcelTemplateManager - WARNING - Could not parse date: 01/30/25
2025-08-15 17:35:36,549 - ExcelTemplateManager - WARNING - Could not parse date: 01/30/25
2025-08-15 17:35:36,549 - ExcelTemplateManager - WARNING - Could not parse date: 01/30/25
2025-08-15 17:35:36,549 - ExcelTemplateManager - WARNING - Could not parse date: 01/31/25
2025-08-15 17:35:36,549 - ExcelTemplateManager - WARNING - Could not parse date: 01/31/25
2025-08-15 17:35:36,549 - ExcelTemplateManager - WARNING - Could not parse date: 01/31/25
2025-08-15 17:35:36,549 - ExcelTemplateManager - WARNING - Could not parse date: 01/31/25
2025-08-15 17:35:36,549 - ExcelTemplateManager - WARNING - Could not parse date: 01/31/25
2025-08-15 17:35:36,549 - ExcelTemplateManager - WARNING - Could not parse date: 01/31/25
2025-08-15 17:35:36,550 - ExcelTemplateManager - WARNING - Could not parse date: 01/31/25
2025-08-15 17:35:36,550 - ExcelTemplateManager - WARNING - Could not parse date: 01/31/25
2025-08-15 17:35:36,551 - ExcelTemplateManager - WARNING - Could not parse date: 02/13/25
2025-08-15 17:35:36,551 - ExcelTemplateManager - WARNING - Could not parse date: 02/13/25
2025-08-15 17:35:36,551 - ExcelTemplateManager - WARNING - Could not parse date: 02/13/25
2025-08-15 17:35:36,551 - ExcelTemplateManager - WARNING - Could not parse date: 02/13/25
2025-08-15 17:35:36,551 - ExcelTemplateManager - WARNING - Could not parse date: 02/13/25
2025-08-15 17:35:36,551 - ExcelTemplateManager - WARNING - Could not parse date: 02/13/25
2025-08-15 17:35:36,551 - ExcelTemplateManager - WARNING - Could not parse date: 02/13/25
2025-08-15 17:35:36,551 - ExcelTemplateManager - WARNING - Could not parse date: 02/13/25
2025-08-15 17:35:36,552 - ExcelTemplateManager - WARNING - Could not parse date: 02/13/25
2025-08-15 17:35:36,552 - ExcelTemplateManager - WARNING - Could not parse date: 02/13/25
2025-08-15 17:35:36,552 - ExcelTemplateManager - WARNING - Could not parse date: 02/14/25
2025-08-15 17:35:36,552 - ExcelTemplateManager - WARNING - Could not parse date: 02/14/25
2025-08-15 17:35:36,552 - ExcelTemplateManager - WARNING - Could not parse date: 02/14/25
2025-08-15 17:35:36,552 - ExcelTemplateManager - WARNING - Could not parse date: 02/14/25
2025-08-15 17:35:36,552 - ExcelTemplateManager - WARNING - Could not parse date: 02/14/25
2025-08-15 17:35:36,552 - ExcelTemplateManager - WARNING - Could not parse date: 02/14/25
2025-08-15 17:35:36,552 - ExcelTemplateManager - WARNING - Could not parse date: 02/14/25
2025-08-15 17:35:36,552 - ExcelTemplateManager - WARNING - Could not parse date: 02/14/25
2025-08-15 17:35:36,552 - ExcelTemplateManager - WARNING - Could not parse date: 02/14/25
2025-08-15 17:35:36,552 - ExcelTemplateManager - WARNING - Could not parse date: 02/14/25
2025-08-15 17:35:36,552 - ExcelTemplateManager - WARNING - Could not parse date: 02/14/25
2025-08-15 17:35:36,552 - ExcelTemplateManager - WARNING - Could not parse date: 02/14/25
2025-08-15 17:35:36,552 - ExcelTemplateManager - WARNING - Could not parse date: 02/14/25
2025-08-15 17:35:36,552 - ExcelTemplateManager - WARNING - Could not parse date: 02/14/25
2025-08-15 17:35:36,552 - ExcelTemplateManager - WARNING - Could not parse date: 02/16/25
2025-08-15 17:35:36,552 - ExcelTemplateManager - WARNING - Could not parse date: 02/16/25
2025-08-15 17:35:36,552 - ExcelTemplateManager - WARNING - Could not parse date: 02/16/25
2025-08-15 17:35:36,552 - ExcelTemplateManager - WARNING - Could not parse date: 02/16/25
2025-08-15 17:35:36,552 - ExcelTemplateManager - WARNING - Could not parse date: 02/17/25
2025-08-15 17:35:36,553 - ExcelTemplateManager - WARNING - Could not parse date: 02/17/25
2025-08-15 17:35:36,553 - ExcelTemplateManager - WARNING - Could not parse date: 02/17/25
2025-08-15 17:35:36,553 - ExcelTemplateManager - WARNING - Could not parse date: 02/17/25
2025-08-15 17:35:36,553 - ExcelTemplateManager - WARNING - Could not parse date: 02/17/25
2025-08-15 17:35:36,553 - ExcelTemplateManager - WARNING - Could not parse date: 02/17/25
2025-08-15 17:35:36,553 - ExcelTemplateManager - WARNING - Could not parse date: 02/17/25
2025-08-15 17:35:36,553 - ExcelTemplateManager - WARNING - Could not parse date: 02/17/25
2025-08-15 17:35:36,553 - ExcelTemplateManager - WARNING - Could not parse date: 02/17/25
2025-08-15 17:35:36,553 - ExcelTemplateManager - WARNING - Could not parse date: 02/17/25
2025-08-15 17:35:36,553 - ExcelTemplateManager - WARNING - Could not parse date: 02/17/25
2025-08-15 17:35:36,553 - ExcelTemplateManager - WARNING - Could not parse date: 02/17/25
2025-08-15 17:35:36,553 - ExcelTemplateManager - WARNING - Could not parse date: 02/17/25
2025-08-15 17:35:36,553 - ExcelTemplateManager - WARNING - Could not parse date: 02/17/25
2025-08-15 17:35:36,553 - ExcelTemplateManager - WARNING - Could not parse date: 02/18/25
2025-08-15 17:35:36,553 - ExcelTemplateManager - WARNING - Could not parse date: 02/18/25
2025-08-15 17:35:36,553 - ExcelTemplateManager - WARNING - Could not parse date: 02/18/25
2025-08-15 17:35:36,553 - ExcelTemplateManager - WARNING - Could not parse date: 02/18/25
2025-08-15 17:35:36,553 - ExcelTemplateManager - WARNING - Could not parse date: 02/19/25
2025-08-15 17:35:36,553 - ExcelTemplateManager - WARNING - Could not parse date: 02/19/25
2025-08-15 17:35:36,553 - ExcelTemplateManager - WARNING - Could not parse date: 02/19/25
2025-08-15 17:35:36,553 - ExcelTemplateManager - WARNING - Could not parse date: 02/19/25
2025-08-15 17:35:36,553 - ExcelTemplateManager - WARNING - Could not parse date: 02/19/25
2025-08-15 17:35:36,553 - ExcelTemplateManager - WARNING - Could not parse date: 02/19/25
2025-08-15 17:35:36,554 - ExcelTemplateManager - WARNING - Could not parse date: 02/19/25
2025-08-15 17:35:36,554 - ExcelTemplateManager - WARNING - Could not parse date: 02/19/25
2025-08-15 17:35:36,554 - ExcelTemplateManager - WARNING - Could not parse date: 02/19/25
2025-08-15 17:35:36,554 - ExcelTemplateManager - WARNING - Could not parse date: 02/19/25
2025-08-15 17:35:36,554 - ExcelTemplateManager - WARNING - Could not parse date: 02/19/25
2025-08-15 17:35:36,554 - ExcelTemplateManager - WARNING - Could not parse date: 02/19/25
2025-08-15 17:35:36,554 - ExcelTemplateManager - WARNING - Could not parse date: 02/19/25
2025-08-15 17:35:36,554 - ExcelTemplateManager - WARNING - Could not parse date: 02/19/25
2025-08-15 17:35:36,554 - ExcelTemplateManager - WARNING - Could not parse date: 02/20/25
2025-08-15 17:35:36,554 - ExcelTemplateManager - WARNING - Could not parse date: 02/20/25
2025-08-15 17:35:36,554 - ExcelTemplateManager - WARNING - Could not parse date: 02/20/25
2025-08-15 17:35:36,554 - ExcelTemplateManager - WARNING - Could not parse date: 02/20/25
2025-08-15 17:35:36,554 - ExcelTemplateManager - WARNING - Could not parse date: 02/20/25
2025-08-15 17:35:36,554 - ExcelTemplateManager - WARNING - Could not parse date: 02/20/25
2025-08-15 17:35:36,554 - ExcelTemplateManager - WARNING - Could not parse date: 02/20/25
2025-08-15 17:35:36,554 - ExcelTemplateManager - WARNING - Could not parse date: 02/20/25
2025-08-15 17:35:36,554 - ExcelTemplateManager - WARNING - Could not parse date: 02/21/25
2025-08-15 17:35:36,554 - ExcelTemplateManager - WARNING - Could not parse date: 02/21/25
2025-08-15 17:35:36,554 - ExcelTemplateManager - WARNING - Could not parse date: 02/21/25
2025-08-15 17:35:36,554 - ExcelTemplateManager - WARNING - Could not parse date: 02/21/25
2025-08-15 17:35:36,554 - ExcelTemplateManager - WARNING - Could not parse date: 02/22/25
2025-08-15 17:35:36,554 - ExcelTemplateManager - WARNING - Could not parse date: 02/22/25
2025-08-15 17:35:36,554 - ExcelTemplateManager - WARNING - Could not parse date: 02/22/25
2025-08-15 17:35:36,554 - ExcelTemplateManager - WARNING - Could not parse date: 02/22/25
2025-08-15 17:35:36,555 - ExcelTemplateManager - WARNING - Could not parse date: 02/22/25
2025-08-15 17:35:36,555 - ExcelTemplateManager - WARNING - Could not parse date: 02/22/25
2025-08-15 17:35:36,555 - ExcelTemplateManager - WARNING - Could not parse date: 02/22/25
2025-08-15 17:35:36,555 - ExcelTemplateManager - WARNING - Could not parse date: 02/22/25
2025-08-15 17:35:36,555 - ExcelTemplateManager - WARNING - Could not parse date: 02/22/25
2025-08-15 17:35:36,555 - ExcelTemplateManager - WARNING - Could not parse date: 02/22/25
2025-08-15 17:35:36,555 - ExcelTemplateManager - WARNING - Could not parse date: 02/23/25
2025-08-15 17:35:36,555 - ExcelTemplateManager - WARNING - Could not parse date: 02/23/25
2025-08-15 17:35:36,555 - ExcelTemplateManager - WARNING - Could not parse date: 02/23/25
2025-08-15 17:35:36,555 - ExcelTemplateManager - WARNING - Could not parse date: 02/23/25
2025-08-15 17:35:36,555 - ExcelTemplateManager - WARNING - Could not parse date: 02/23/25
2025-08-15 17:35:36,555 - ExcelTemplateManager - WARNING - Could not parse date: 02/23/25
2025-08-15 17:35:36,555 - ExcelTemplateManager - WARNING - Could not parse date: 02/23/25
2025-08-15 17:35:36,555 - ExcelTemplateManager - WARNING - Could not parse date: 02/23/25
2025-08-15 17:35:36,555 - ExcelTemplateManager - WARNING - Could not parse date: 02/23/25
2025-08-15 17:35:36,555 - ExcelTemplateManager - WARNING - Could not parse date: 02/23/25
2025-08-15 17:35:36,555 - ExcelTemplateManager - WARNING - Could not parse date: 02/23/25
2025-08-15 17:35:36,555 - ExcelTemplateManager - WARNING - Could not parse date: 02/23/25
2025-08-15 17:35:36,555 - ExcelTemplateManager - WARNING - Could not parse date: 02/23/25
2025-08-15 17:35:36,555 - ExcelTemplateManager - WARNING - Could not parse date: 02/23/25
2025-08-15 17:35:36,555 - ExcelTemplateManager - WARNING - Could not parse date: 02/23/25
2025-08-15 17:35:36,555 - ExcelTemplateManager - WARNING - Could not parse date: 02/23/25
2025-08-15 17:35:36,555 - ExcelTemplateManager - WARNING - Could not parse date: 02/23/25
2025-08-15 17:35:36,555 - ExcelTemplateManager - WARNING - Could not parse date: 02/23/25
2025-08-15 17:35:36,556 - ExcelTemplateManager - WARNING - Could not parse date: 02/23/25
2025-08-15 17:35:36,556 - ExcelTemplateManager - WARNING - Could not parse date: 02/23/25
2025-08-15 17:35:36,556 - ExcelTemplateManager - WARNING - Could not parse date: 02/23/25
2025-08-15 17:35:36,556 - ExcelTemplateManager - WARNING - Could not parse date: 02/23/25
2025-08-15 17:35:36,556 - ExcelTemplateManager - WARNING - Could not parse date: 02/23/25
2025-08-15 17:35:36,556 - ExcelTemplateManager - WARNING - Could not parse date: 02/23/25
2025-08-15 17:35:36,556 - ExcelTemplateManager - WARNING - Could not parse date: 02/23/25
2025-08-15 17:35:36,556 - ExcelTemplateManager - WARNING - Could not parse date: 02/23/25
2025-08-15 17:35:36,556 - ExcelTemplateManager - WARNING - Could not parse date: 02/23/25
2025-08-15 17:35:36,556 - ExcelTemplateManager - WARNING - Could not parse date: 02/23/25
2025-08-15 17:35:36,556 - ExcelTemplateManager - WARNING - Could not parse date: 02/23/25
2025-08-15 17:35:36,556 - ExcelTemplateManager - WARNING - Could not parse date: 02/23/25
2025-08-15 17:35:36,556 - ExcelTemplateManager - WARNING - Could not parse date: 02/24/25
2025-08-15 17:35:36,556 - ExcelTemplateManager - WARNING - Could not parse date: 02/24/25
2025-08-15 17:35:36,556 - ExcelTemplateManager - WARNING - Could not parse date: 02/24/25
2025-08-15 17:35:36,556 - ExcelTemplateManager - WARNING - Could not parse date: 02/24/25
2025-08-15 17:35:36,556 - ExcelTemplateManager - WARNING - Could not parse date: 02/24/25
2025-08-15 17:35:36,556 - ExcelTemplateManager - WARNING - Could not parse date: 02/24/25
2025-08-15 17:35:36,556 - ExcelTemplateManager - WARNING - Could not parse date: 02/24/25
2025-08-15 17:35:36,556 - ExcelTemplateManager - WARNING - Could not parse date: 02/24/25
2025-08-15 17:35:36,556 - ExcelTemplateManager - WARNING - Could not parse date: 02/24/25
2025-08-15 17:35:36,556 - ExcelTemplateManager - WARNING - Could not parse date: 02/24/25
2025-08-15 17:35:36,556 - ExcelTemplateManager - WARNING - Could not parse date: 02/24/25
2025-08-15 17:35:36,556 - ExcelTemplateManager - WARNING - Could not parse date: 02/24/25
2025-08-15 17:35:36,556 - ExcelTemplateManager - WARNING - Could not parse date: 02/24/25
2025-08-15 17:35:36,557 - ExcelTemplateManager - WARNING - Could not parse date: 02/24/25
2025-08-15 17:35:36,557 - ExcelTemplateManager - WARNING - Could not parse date: 02/24/25
2025-08-15 17:35:36,557 - ExcelTemplateManager - WARNING - Could not parse date: 02/24/25
2025-08-15 17:35:36,557 - ExcelTemplateManager - WARNING - Could not parse date: 02/24/25
2025-08-15 17:35:36,557 - ExcelTemplateManager - WARNING - Could not parse date: 02/24/25
2025-08-15 17:35:36,557 - ExcelTemplateManager - WARNING - Could not parse date: 02/24/25
2025-08-15 17:35:36,557 - ExcelTemplateManager - WARNING - Could not parse date: 02/24/25
2025-08-15 17:35:36,557 - ExcelTemplateManager - WARNING - Could not parse date: 02/25/25
2025-08-15 17:35:36,557 - ExcelTemplateManager - WARNING - Could not parse date: 02/25/25
2025-08-15 17:35:36,557 - ExcelTemplateManager - WARNING - Could not parse date: 02/25/25
2025-08-15 17:35:36,557 - ExcelTemplateManager - WARNING - Could not parse date: 02/25/25
2025-08-15 17:35:36,557 - ExcelTemplateManager - WARNING - Could not parse date: 02/25/25
2025-08-15 17:35:36,557 - ExcelTemplateManager - WARNING - Could not parse date: 02/25/25
2025-08-15 17:35:36,557 - ExcelTemplateManager - WARNING - Could not parse date: 02/25/25
2025-08-15 17:35:36,557 - ExcelTemplateManager - WARNING - Could not parse date: 02/25/25
2025-08-15 17:35:36,557 - ExcelTemplateManager - WARNING - Could not parse date: 02/25/25
2025-08-15 17:35:36,557 - ExcelTemplateManager - WARNING - Could not parse date: 02/25/25
2025-08-15 17:35:36,557 - ExcelTemplateManager - WARNING - Could not parse date: 02/26/25
2025-08-15 17:35:36,557 - ExcelTemplateManager - WARNING - Could not parse date: 02/26/25
2025-08-15 17:35:36,557 - ExcelTemplateManager - WARNING - Could not parse date: 02/26/25
2025-08-15 17:35:36,557 - ExcelTemplateManager - WARNING - Could not parse date: 02/26/25
2025-08-15 17:35:36,557 - ExcelTemplateManager - WARNING - Could not parse date: 02/26/25
2025-08-15 17:35:36,557 - ExcelTemplateManager - WARNING - Could not parse date: 02/26/25
2025-08-15 17:35:36,557 - ExcelTemplateManager - WARNING - Could not parse date: 02/26/25
2025-08-15 17:35:36,558 - ExcelTemplateManager - WARNING - Could not parse date: 02/26/25
2025-08-15 17:35:36,558 - ExcelTemplateManager - WARNING - Could not parse date: 02/26/25
2025-08-15 17:35:36,558 - ExcelTemplateManager - WARNING - Could not parse date: 02/26/25
2025-08-15 17:35:36,558 - ExcelTemplateManager - WARNING - Could not parse date: 02/26/25
2025-08-15 17:35:36,558 - ExcelTemplateManager - WARNING - Could not parse date: 02/26/25
2025-08-15 17:35:36,558 - ExcelTemplateManager - WARNING - Could not parse date: 02/27/25
2025-08-15 17:35:36,558 - ExcelTemplateManager - WARNING - Could not parse date: 02/27/25
2025-08-15 17:35:36,558 - ExcelTemplateManager - WARNING - Could not parse date: 02/27/25
2025-08-15 17:35:36,558 - ExcelTemplateManager - WARNING - Could not parse date: 02/27/25
2025-08-15 17:35:36,558 - ExcelTemplateManager - WARNING - Could not parse date: 02/27/25
2025-08-15 17:35:36,558 - ExcelTemplateManager - WARNING - Could not parse date: 02/27/25
2025-08-15 17:35:36,558 - ExcelTemplateManager - WARNING - Could not parse date: 02/27/25
2025-08-15 17:35:36,558 - ExcelTemplateManager - WARNING - Could not parse date: 02/27/25
2025-08-15 17:35:36,558 - ExcelTemplateManager - WARNING - Could not parse date: 02/27/25
2025-08-15 17:35:36,558 - ExcelTemplateManager - WARNING - Could not parse date: 02/27/25
2025-08-15 17:35:36,558 - ExcelTemplateManager - WARNING - Could not parse date: 02/27/25
2025-08-15 17:35:36,558 - ExcelTemplateManager - WARNING - Could not parse date: 02/27/25
2025-08-15 17:35:36,558 - ExcelTemplateManager - WARNING - Could not parse date: 02/27/25
2025-08-15 17:35:36,558 - ExcelTemplateManager - WARNING - Could not parse date: 02/27/25
2025-08-15 17:35:36,558 - ExcelTemplateManager - WARNING - Could not parse date: 02/27/25
2025-08-15 17:35:36,558 - ExcelTemplateManager - WARNING - Could not parse date: 02/27/25
2025-08-15 17:35:36,558 - ExcelTemplateManager - WARNING - Could not parse date: 02/28/25
2025-08-15 17:35:36,558 - ExcelTemplateManager - WARNING - Could not parse date: 02/28/25
2025-08-15 17:35:36,559 - ExcelTemplateManager - WARNING - Could not parse date: 02/28/25
2025-08-15 17:35:36,559 - ExcelTemplateManager - WARNING - Could not parse date: 02/28/25
2025-08-15 17:35:36,559 - ExcelTemplateManager - WARNING - Could not parse date: 02/28/25
2025-08-15 17:35:36,559 - ExcelTemplateManager - WARNING - Could not parse date: 02/28/25
2025-08-15 17:35:36,559 - ExcelTemplateManager - WARNING - Could not parse date: 02/28/25
2025-08-15 17:35:36,559 - ExcelTemplateManager - WARNING - Could not parse date: 02/28/25
2025-08-15 17:35:36,559 - ExcelTemplateManager - WARNING - Could not parse date: 02/28/25
2025-08-15 17:35:36,559 - ExcelTemplateManager - WARNING - Could not parse date: 02/28/25
2025-08-15 17:35:36,559 - ExcelTemplateManager - WARNING - Could not parse date: 02/28/25
2025-08-15 17:35:36,559 - ExcelTemplateManager - WARNING - Could not parse date: 02/28/25
2025-08-15 17:35:36,562 - ExcelTemplateManager - WARNING - Could not parse date: 03/13/25
2025-08-15 17:35:36,562 - ExcelTemplateManager - WARNING - Could not parse date: 03/13/25
2025-08-15 17:35:36,562 - ExcelTemplateManager - WARNING - Could not parse date: 03/13/25
2025-08-15 17:35:36,562 - ExcelTemplateManager - WARNING - Could not parse date: 03/13/25
2025-08-15 17:35:36,563 - ExcelTemplateManager - WARNING - Could not parse date: 03/13/25
2025-08-15 17:35:36,563 - ExcelTemplateManager - WARNING - Could not parse date: 03/13/25
2025-08-15 17:35:36,563 - ExcelTemplateManager - WARNING - Could not parse date: 03/14/25
2025-08-15 17:35:36,563 - ExcelTemplateManager - WARNING - Could not parse date: 03/14/25
2025-08-15 17:35:36,563 - ExcelTemplateManager - WARNING - Could not parse date: 03/15/25
2025-08-15 17:35:36,563 - ExcelTemplateManager - WARNING - Could not parse date: 03/15/25
2025-08-15 17:35:36,563 - ExcelTemplateManager - WARNING - Could not parse date: 03/15/25
2025-08-15 17:35:36,563 - ExcelTemplateManager - WARNING - Could not parse date: 03/15/25
2025-08-15 17:35:36,563 - ExcelTemplateManager - WARNING - Could not parse date: 03/16/25
2025-08-15 17:35:36,563 - ExcelTemplateManager - WARNING - Could not parse date: 03/16/25
2025-08-15 17:35:36,563 - ExcelTemplateManager - WARNING - Could not parse date: 03/16/25
2025-08-15 17:35:36,563 - ExcelTemplateManager - WARNING - Could not parse date: 03/16/25
2025-08-15 17:35:36,563 - ExcelTemplateManager - WARNING - Could not parse date: 03/16/25
2025-08-15 17:35:36,563 - ExcelTemplateManager - WARNING - Could not parse date: 03/16/25
2025-08-15 17:35:36,563 - ExcelTemplateManager - WARNING - Could not parse date: 03/16/25
2025-08-15 17:35:36,563 - ExcelTemplateManager - WARNING - Could not parse date: 03/16/25
2025-08-15 17:35:36,563 - ExcelTemplateManager - WARNING - Could not parse date: 03/16/25
2025-08-15 17:35:36,563 - ExcelTemplateManager - WARNING - Could not parse date: 03/16/25
2025-08-15 17:35:36,564 - ExcelTemplateManager - WARNING - Could not parse date: 03/16/25
2025-08-15 17:35:36,564 - ExcelTemplateManager - WARNING - Could not parse date: 03/16/25
2025-08-15 17:35:36,564 - ExcelTemplateManager - WARNING - Could not parse date: 03/16/25
2025-08-15 17:35:36,564 - ExcelTemplateManager - WARNING - Could not parse date: 03/16/25
2025-08-15 17:35:36,564 - ExcelTemplateManager - WARNING - Could not parse date: 03/17/25
2025-08-15 17:35:36,564 - ExcelTemplateManager - WARNING - Could not parse date: 03/17/25
2025-08-15 17:35:36,564 - ExcelTemplateManager - WARNING - Could not parse date: 03/17/25
2025-08-15 17:35:36,564 - ExcelTemplateManager - WARNING - Could not parse date: 03/17/25
2025-08-15 17:35:36,564 - ExcelTemplateManager - WARNING - Could not parse date: 03/17/25
2025-08-15 17:35:36,564 - ExcelTemplateManager - WARNING - Could not parse date: 03/17/25
2025-08-15 17:35:36,564 - ExcelTemplateManager - WARNING - Could not parse date: 03/17/25
2025-08-15 17:35:36,564 - ExcelTemplateManager - WARNING - Could not parse date: 03/17/25
2025-08-15 17:35:36,564 - ExcelTemplateManager - WARNING - Could not parse date: 03/18/25
2025-08-15 17:35:36,564 - ExcelTemplateManager - WARNING - Could not parse date: 03/18/25
2025-08-15 17:35:36,564 - ExcelTemplateManager - WARNING - Could not parse date: 03/19/25
2025-08-15 17:35:36,564 - ExcelTemplateManager - WARNING - Could not parse date: 03/19/25
2025-08-15 17:35:36,564 - ExcelTemplateManager - WARNING - Could not parse date: 03/19/25
2025-08-15 17:35:36,564 - ExcelTemplateManager - WARNING - Could not parse date: 03/19/25
2025-08-15 17:35:36,564 - ExcelTemplateManager - WARNING - Could not parse date: 03/19/25
2025-08-15 17:35:36,564 - ExcelTemplateManager - WARNING - Could not parse date: 03/19/25
2025-08-15 17:35:36,564 - ExcelTemplateManager - WARNING - Could not parse date: 03/19/25
2025-08-15 17:35:36,564 - ExcelTemplateManager - WARNING - Could not parse date: 03/19/25
2025-08-15 17:35:36,565 - ExcelTemplateManager - WARNING - Could not parse date: 03/19/25
2025-08-15 17:35:36,565 - ExcelTemplateManager - WARNING - Could not parse date: 03/19/25
2025-08-15 17:35:36,565 - ExcelTemplateManager - WARNING - Could not parse date: 03/19/25
2025-08-15 17:35:36,565 - ExcelTemplateManager - WARNING - Could not parse date: 03/19/25
2025-08-15 17:35:36,565 - ExcelTemplateManager - WARNING - Could not parse date: 03/19/25
2025-08-15 17:35:36,565 - ExcelTemplateManager - WARNING - Could not parse date: 03/19/25
2025-08-15 17:35:36,565 - ExcelTemplateManager - WARNING - Could not parse date: 03/19/25
2025-08-15 17:35:36,565 - ExcelTemplateManager - WARNING - Could not parse date: 03/19/25
2025-08-15 17:35:36,565 - ExcelTemplateManager - WARNING - Could not parse date: 03/19/25
2025-08-15 17:35:36,565 - ExcelTemplateManager - WARNING - Could not parse date: 03/19/25
2025-08-15 17:35:36,565 - ExcelTemplateManager - WARNING - Could not parse date: 03/19/25
2025-08-15 17:35:36,565 - ExcelTemplateManager - WARNING - Could not parse date: 03/19/25
2025-08-15 17:35:36,565 - ExcelTemplateManager - WARNING - Could not parse date: 03/20/25
2025-08-15 17:35:36,565 - ExcelTemplateManager - WARNING - Could not parse date: 03/20/25
2025-08-15 17:35:36,565 - ExcelTemplateManager - WARNING - Could not parse date: 03/20/25
2025-08-15 17:35:36,565 - ExcelTemplateManager - WARNING - Could not parse date: 03/20/25
2025-08-15 17:35:36,565 - ExcelTemplateManager - WARNING - Could not parse date: 03/20/25
2025-08-15 17:35:36,565 - ExcelTemplateManager - WARNING - Could not parse date: 03/20/25
2025-08-15 17:35:36,565 - ExcelTemplateManager - WARNING - Could not parse date: 03/20/25
2025-08-15 17:35:36,565 - ExcelTemplateManager - WARNING - Could not parse date: 03/20/25
2025-08-15 17:35:36,565 - ExcelTemplateManager - WARNING - Could not parse date: 03/20/25
2025-08-15 17:35:36,565 - ExcelTemplateManager - WARNING - Could not parse date: 03/20/25
2025-08-15 17:35:36,566 - ExcelTemplateManager - WARNING - Could not parse date: 03/20/25
2025-08-15 17:35:36,566 - ExcelTemplateManager - WARNING - Could not parse date: 03/20/25
2025-08-15 17:35:36,566 - ExcelTemplateManager - WARNING - Could not parse date: 03/21/25
2025-08-15 17:35:36,566 - ExcelTemplateManager - WARNING - Could not parse date: 03/21/25
2025-08-15 17:35:36,566 - ExcelTemplateManager - WARNING - Could not parse date: 03/21/25
2025-08-15 17:35:36,566 - ExcelTemplateManager - WARNING - Could not parse date: 03/21/25
2025-08-15 17:35:36,566 - ExcelTemplateManager - WARNING - Could not parse date: 03/21/25
2025-08-15 17:35:36,566 - ExcelTemplateManager - WARNING - Could not parse date: 03/21/25
2025-08-15 17:35:36,566 - ExcelTemplateManager - WARNING - Could not parse date: 03/21/25
2025-08-15 17:35:36,566 - ExcelTemplateManager - WARNING - Could not parse date: 03/21/25
2025-08-15 17:35:36,566 - ExcelTemplateManager - WARNING - Could not parse date: 03/21/25
2025-08-15 17:35:36,566 - ExcelTemplateManager - WARNING - Could not parse date: 03/21/25
2025-08-15 17:35:36,566 - ExcelTemplateManager - WARNING - Could not parse date: 03/22/25
2025-08-15 17:35:36,566 - ExcelTemplateManager - WARNING - Could not parse date: 03/22/25
2025-08-15 17:35:36,566 - ExcelTemplateManager - WARNING - Could not parse date: 03/22/25
2025-08-15 17:35:36,566 - ExcelTemplateManager - WARNING - Could not parse date: 03/22/25
2025-08-15 17:35:36,566 - ExcelTemplateManager - WARNING - Could not parse date: 03/22/25
2025-08-15 17:35:36,566 - ExcelTemplateManager - WARNING - Could not parse date: 03/22/25
2025-08-15 17:35:36,566 - ExcelTemplateManager - WARNING - Could not parse date: 03/22/25
2025-08-15 17:35:36,566 - ExcelTemplateManager - WARNING - Could not parse date: 03/22/25
2025-08-15 17:35:36,566 - ExcelTemplateManager - WARNING - Could not parse date: 03/22/25
2025-08-15 17:35:36,566 - ExcelTemplateManager - WARNING - Could not parse date: 03/22/25
2025-08-15 17:35:36,567 - ExcelTemplateManager - WARNING - Could not parse date: 03/22/25
2025-08-15 17:35:36,567 - ExcelTemplateManager - WARNING - Could not parse date: 03/22/25
2025-08-15 17:35:36,567 - ExcelTemplateManager - WARNING - Could not parse date: 03/22/25
2025-08-15 17:35:36,567 - ExcelTemplateManager - WARNING - Could not parse date: 03/22/25
2025-08-15 17:35:36,567 - ExcelTemplateManager - WARNING - Could not parse date: 03/22/25
2025-08-15 17:35:36,567 - ExcelTemplateManager - WARNING - Could not parse date: 03/22/25
2025-08-15 17:35:36,567 - ExcelTemplateManager - WARNING - Could not parse date: 03/22/25
2025-08-15 17:35:36,567 - ExcelTemplateManager - WARNING - Could not parse date: 03/22/25
2025-08-15 17:35:36,567 - ExcelTemplateManager - WARNING - Could not parse date: 03/22/25
2025-08-15 17:35:36,567 - ExcelTemplateManager - WARNING - Could not parse date: 03/22/25
2025-08-15 17:35:36,567 - ExcelTemplateManager - WARNING - Could not parse date: 03/22/25
2025-08-15 17:35:36,567 - ExcelTemplateManager - WARNING - Could not parse date: 03/22/25
2025-08-15 17:35:36,567 - ExcelTemplateManager - WARNING - Could not parse date: 03/22/25
2025-08-15 17:35:36,567 - ExcelTemplateManager - WARNING - Could not parse date: 03/22/25
2025-08-15 17:35:36,567 - ExcelTemplateManager - WARNING - Could not parse date: 03/22/25
2025-08-15 17:35:36,568 - ExcelTemplateManager - WARNING - Could not parse date: 03/22/25
2025-08-15 17:35:36,568 - ExcelTemplateManager - WARNING - Could not parse date: 03/23/25
2025-08-15 17:35:36,568 - ExcelTemplateManager - WARNING - Could not parse date: 03/23/25
2025-08-15 17:35:36,568 - ExcelTemplateManager - WARNING - Could not parse date: 03/23/25
2025-08-15 17:35:36,568 - ExcelTemplateManager - WARNING - Could not parse date: 03/23/25
2025-08-15 17:35:36,568 - ExcelTemplateManager - WARNING - Could not parse date: 03/23/25
2025-08-15 17:35:36,568 - ExcelTemplateManager - WARNING - Could not parse date: 03/23/25
2025-08-15 17:35:36,568 - ExcelTemplateManager - WARNING - Could not parse date: 03/23/25
2025-08-15 17:35:36,568 - ExcelTemplateManager - WARNING - Could not parse date: 03/23/25
2025-08-15 17:35:36,568 - ExcelTemplateManager - WARNING - Could not parse date: 03/23/25
2025-08-15 17:35:36,568 - ExcelTemplateManager - WARNING - Could not parse date: 03/23/25
2025-08-15 17:35:36,568 - ExcelTemplateManager - WARNING - Could not parse date: 03/23/25
2025-08-15 17:35:36,568 - ExcelTemplateManager - WARNING - Could not parse date: 03/23/25
2025-08-15 17:35:36,568 - ExcelTemplateManager - WARNING - Could not parse date: 03/23/25
2025-08-15 17:35:36,568 - ExcelTemplateManager - WARNING - Could not parse date: 03/23/25
2025-08-15 17:35:36,568 - ExcelTemplateManager - WARNING - Could not parse date: 03/23/25
2025-08-15 17:35:36,568 - ExcelTemplateManager - WARNING - Could not parse date: 03/23/25
2025-08-15 17:35:36,569 - ExcelTemplateManager - WARNING - Could not parse date: 03/23/25
2025-08-15 17:35:36,569 - ExcelTemplateManager - WARNING - Could not parse date: 03/23/25
2025-08-15 17:35:36,569 - ExcelTemplateManager - WARNING - Could not parse date: 03/24/25
2025-08-15 17:35:36,569 - ExcelTemplateManager - WARNING - Could not parse date: 03/24/25
2025-08-15 17:35:36,569 - ExcelTemplateManager - WARNING - Could not parse date: 03/24/25
2025-08-15 17:35:36,569 - ExcelTemplateManager - WARNING - Could not parse date: 03/24/25
2025-08-15 17:35:36,569 - ExcelTemplateManager - WARNING - Could not parse date: 03/24/25
2025-08-15 17:35:36,569 - ExcelTemplateManager - WARNING - Could not parse date: 03/24/25
2025-08-15 17:35:36,569 - ExcelTemplateManager - WARNING - Could not parse date: 03/24/25
2025-08-15 17:35:36,569 - ExcelTemplateManager - WARNING - Could not parse date: 03/24/25
2025-08-15 17:35:36,569 - ExcelTemplateManager - WARNING - Could not parse date: 03/25/25
2025-08-15 17:35:36,569 - ExcelTemplateManager - WARNING - Could not parse date: 03/25/25
2025-08-15 17:35:36,569 - ExcelTemplateManager - WARNING - Could not parse date: 03/25/25
2025-08-15 17:35:36,569 - ExcelTemplateManager - WARNING - Could not parse date: 03/25/25
2025-08-15 17:35:36,569 - ExcelTemplateManager - WARNING - Could not parse date: 03/25/25
2025-08-15 17:35:36,569 - ExcelTemplateManager - WARNING - Could not parse date: 03/25/25
2025-08-15 17:35:36,569 - ExcelTemplateManager - WARNING - Could not parse date: 03/25/25
2025-08-15 17:35:36,569 - ExcelTemplateManager - WARNING - Could not parse date: 03/25/25
2025-08-15 17:35:36,569 - ExcelTemplateManager - WARNING - Could not parse date: 03/25/25
2025-08-15 17:35:36,569 - ExcelTemplateManager - WARNING - Could not parse date: 03/25/25
2025-08-15 17:35:36,570 - ExcelTemplateManager - WARNING - Could not parse date: 03/25/25
2025-08-15 17:35:36,570 - ExcelTemplateManager - WARNING - Could not parse date: 03/25/25
2025-08-15 17:35:36,570 - ExcelTemplateManager - WARNING - Could not parse date: 03/26/25
2025-08-15 17:35:36,570 - ExcelTemplateManager - WARNING - Could not parse date: 03/26/25
2025-08-15 17:35:36,570 - ExcelTemplateManager - WARNING - Could not parse date: 03/26/25
2025-08-15 17:35:36,570 - ExcelTemplateManager - WARNING - Could not parse date: 03/26/25
2025-08-15 17:35:36,570 - ExcelTemplateManager - WARNING - Could not parse date: 03/26/25
2025-08-15 17:35:36,570 - ExcelTemplateManager - WARNING - Could not parse date: 03/26/25
2025-08-15 17:35:36,570 - ExcelTemplateManager - WARNING - Could not parse date: 03/26/25
2025-08-15 17:35:36,570 - ExcelTemplateManager - WARNING - Could not parse date: 03/26/25
2025-08-15 17:35:36,570 - ExcelTemplateManager - WARNING - Could not parse date: 03/26/25
2025-08-15 17:35:36,570 - ExcelTemplateManager - WARNING - Could not parse date: 03/26/25
2025-08-15 17:35:36,570 - ExcelTemplateManager - WARNING - Could not parse date: 03/26/25
2025-08-15 17:35:36,570 - ExcelTemplateManager - WARNING - Could not parse date: 03/26/25
2025-08-15 17:35:36,570 - ExcelTemplateManager - WARNING - Could not parse date: 03/27/25
2025-08-15 17:35:36,570 - ExcelTemplateManager - WARNING - Could not parse date: 03/27/25
2025-08-15 17:35:36,570 - ExcelTemplateManager - WARNING - Could not parse date: 03/27/25
2025-08-15 17:35:36,570 - ExcelTemplateManager - WARNING - Could not parse date: 03/27/25
2025-08-15 17:35:36,570 - ExcelTemplateManager - WARNING - Could not parse date: 03/27/25
2025-08-15 17:35:36,570 - ExcelTemplateManager - WARNING - Could not parse date: 03/27/25
2025-08-15 17:35:36,570 - ExcelTemplateManager - WARNING - Could not parse date: 03/27/25
2025-08-15 17:35:36,570 - ExcelTemplateManager - WARNING - Could not parse date: 03/27/25
2025-08-15 17:35:36,571 - ExcelTemplateManager - WARNING - Could not parse date: 03/27/25
2025-08-15 17:35:36,571 - ExcelTemplateManager - WARNING - Could not parse date: 03/27/25
2025-08-15 17:35:36,571 - ExcelTemplateManager - WARNING - Could not parse date: 03/27/25
2025-08-15 17:35:36,571 - ExcelTemplateManager - WARNING - Could not parse date: 03/27/25
2025-08-15 17:35:36,571 - ExcelTemplateManager - WARNING - Could not parse date: 03/27/25
2025-08-15 17:35:36,571 - ExcelTemplateManager - WARNING - Could not parse date: 03/27/25
2025-08-15 17:35:36,571 - ExcelTemplateManager - WARNING - Could not parse date: 03/27/25
2025-08-15 17:35:36,571 - ExcelTemplateManager - WARNING - Could not parse date: 03/27/25
2025-08-15 17:35:36,571 - ExcelTemplateManager - WARNING - Could not parse date: 03/27/25
2025-08-15 17:35:36,571 - ExcelTemplateManager - WARNING - Could not parse date: 03/27/25
2025-08-15 17:35:36,571 - ExcelTemplateManager - WARNING - Could not parse date: 03/27/25
2025-08-15 17:35:36,571 - ExcelTemplateManager - WARNING - Could not parse date: 03/27/25
2025-08-15 17:35:36,571 - ExcelTemplateManager - WARNING - Could not parse date: 03/28/25
2025-08-15 17:35:36,571 - ExcelTemplateManager - WARNING - Could not parse date: 03/28/25
2025-08-15 17:35:36,571 - ExcelTemplateManager - WARNING - Could not parse date: 03/28/25
2025-08-15 17:35:36,571 - ExcelTemplateManager - WARNING - Could not parse date: 03/28/25
2025-08-15 17:35:36,571 - ExcelTemplateManager - WARNING - Could not parse date: 03/28/25
2025-08-15 17:35:36,571 - ExcelTemplateManager - WARNING - Could not parse date: 03/28/25
2025-08-15 17:35:36,571 - ExcelTemplateManager - WARNING - Could not parse date: 03/28/25
2025-08-15 17:35:36,571 - ExcelTemplateManager - WARNING - Could not parse date: 03/28/25
2025-08-15 17:35:36,571 - ExcelTemplateManager - WARNING - Could not parse date: 03/28/25
2025-08-15 17:35:36,571 - ExcelTemplateManager - WARNING - Could not parse date: 03/28/25
2025-08-15 17:35:36,571 - ExcelTemplateManager - WARNING - Could not parse date: 03/28/25
2025-08-15 17:35:36,572 - ExcelTemplateManager - WARNING - Could not parse date: 03/28/25
2025-08-15 17:35:36,572 - ExcelTemplateManager - WARNING - Could not parse date: 03/28/25
2025-08-15 17:35:36,572 - ExcelTemplateManager - WARNING - Could not parse date: 03/28/25
2025-08-15 17:35:36,572 - ExcelTemplateManager - WARNING - Could not parse date: 03/28/25
2025-08-15 17:35:36,572 - ExcelTemplateManager - WARNING - Could not parse date: 03/28/25
2025-08-15 17:35:36,572 - ExcelTemplateManager - WARNING - Could not parse date: 03/28/25
2025-08-15 17:35:36,572 - ExcelTemplateManager - WARNING - Could not parse date: 03/28/25
2025-08-15 17:35:36,572 - ExcelTemplateManager - WARNING - Could not parse date: 03/28/25
2025-08-15 17:35:36,572 - ExcelTemplateManager - WARNING - Could not parse date: 03/28/25
2025-08-15 17:35:36,572 - ExcelTemplateManager - WARNING - Could not parse date: 03/28/25
2025-08-15 17:35:36,572 - ExcelTemplateManager - WARNING - Could not parse date: 03/28/25
2025-08-15 17:35:36,572 - ExcelTemplateManager - WARNING - Could not parse date: 03/29/25
2025-08-15 17:35:36,572 - ExcelTemplateManager - WARNING - Could not parse date: 03/28/25
2025-08-15 17:35:36,572 - ExcelTemplateManager - WARNING - Could not parse date: 03/29/25
2025-08-15 17:35:36,572 - ExcelTemplateManager - WARNING - Could not parse date: 03/29/25
2025-08-15 17:35:36,572 - ExcelTemplateManager - WARNING - Could not parse date: 03/29/25
2025-08-15 17:35:36,572 - ExcelTemplateManager - WARNING - Could not parse date: 03/29/25
2025-08-15 17:35:36,572 - ExcelTemplateManager - WARNING - Could not parse date: 03/29/25
2025-08-15 17:35:36,572 - ExcelTemplateManager - WARNING - Could not parse date: 03/29/25
2025-08-15 17:35:36,572 - ExcelTemplateManager - WARNING - Could not parse date: 03/29/25
2025-08-15 17:35:36,572 - ExcelTemplateManager - WARNING - Could not parse date: 03/29/25
2025-08-15 17:35:36,573 - ExcelTemplateManager - WARNING - Could not parse date: 03/29/25
2025-08-15 17:35:36,573 - ExcelTemplateManager - WARNING - Could not parse date: 03/29/25
2025-08-15 17:35:36,573 - ExcelTemplateManager - WARNING - Could not parse date: 03/30/25
2025-08-15 17:35:36,573 - ExcelTemplateManager - WARNING - Could not parse date: 03/30/25
2025-08-15 17:35:36,573 - ExcelTemplateManager - WARNING - Could not parse date: 03/30/25
2025-08-15 17:35:36,573 - ExcelTemplateManager - WARNING - Could not parse date: 03/30/25
2025-08-15 17:35:36,573 - ExcelTemplateManager - WARNING - Could not parse date: 03/30/25
2025-08-15 17:35:36,573 - ExcelTemplateManager - WARNING - Could not parse date: 03/30/25
2025-08-15 17:35:36,573 - ExcelTemplateManager - WARNING - Could not parse date: 03/30/25
2025-08-15 17:35:36,573 - ExcelTemplateManager - WARNING - Could not parse date: 03/30/25
2025-08-15 17:35:36,573 - ExcelTemplateManager - WARNING - Could not parse date: 03/31/25
2025-08-15 17:35:36,573 - ExcelTemplateManager - WARNING - Could not parse date: 03/31/25
2025-08-15 17:35:36,573 - ExcelTemplateManager - WARNING - Could not parse date: 03/31/25
2025-08-15 17:35:36,573 - ExcelTemplateManager - WARNING - Could not parse date: 03/31/25
2025-08-15 17:35:36,573 - ExcelTemplateManager - WARNING - Could not parse date: 03/31/25
2025-08-15 17:35:36,573 - ExcelTemplateManager - WARNING - Could not parse date: 03/31/25
2025-08-15 17:35:36,573 - ExcelTemplateManager - WARNING - Could not parse date: 03/31/25
2025-08-15 17:35:36,573 - ExcelTemplateManager - WARNING - Could not parse date: 03/31/25
2025-08-15 17:35:36,576 - ExcelTemplateManager - WARNING - Could not parse date: 04/14/25
2025-08-15 17:35:36,576 - ExcelTemplateManager - WARNING - Could not parse date: 04/14/25
2025-08-15 17:35:36,576 - ExcelTemplateManager - WARNING - Could not parse date: 04/14/25
2025-08-15 17:35:36,577 - ExcelTemplateManager - WARNING - Could not parse date: 04/14/25
2025-08-15 17:35:36,577 - ExcelTemplateManager - WARNING - Could not parse date: 04/14/25
2025-08-15 17:35:36,577 - ExcelTemplateManager - WARNING - Could not parse date: 04/14/25
2025-08-15 17:35:36,577 - ExcelTemplateManager - WARNING - Could not parse date: 04/15/25
2025-08-15 17:35:36,577 - ExcelTemplateManager - WARNING - Could not parse date: 04/15/25
2025-08-15 17:35:36,577 - ExcelTemplateManager - WARNING - Could not parse date: 04/15/25
2025-08-15 17:35:36,577 - ExcelTemplateManager - WARNING - Could not parse date: 04/15/25
2025-08-15 17:35:36,577 - ExcelTemplateManager - WARNING - Could not parse date: 04/15/25
2025-08-15 17:35:36,577 - ExcelTemplateManager - WARNING - Could not parse date: 04/15/25
2025-08-15 17:35:36,577 - ExcelTemplateManager - WARNING - Could not parse date: 04/16/25
2025-08-15 17:35:36,577 - ExcelTemplateManager - WARNING - Could not parse date: 04/16/25
2025-08-15 17:35:36,577 - ExcelTemplateManager - WARNING - Could not parse date: 04/16/25
2025-08-15 17:35:36,577 - ExcelTemplateManager - WARNING - Could not parse date: 04/16/25
2025-08-15 17:35:36,577 - ExcelTemplateManager - WARNING - Could not parse date: 04/16/25
2025-08-15 17:35:36,577 - ExcelTemplateManager - WARNING - Could not parse date: 04/16/25
2025-08-15 17:35:36,577 - ExcelTemplateManager - WARNING - Could not parse date: 04/16/25
2025-08-15 17:35:36,577 - ExcelTemplateManager - WARNING - Could not parse date: 04/16/25
2025-08-15 17:35:36,578 - ExcelTemplateManager - WARNING - Could not parse date: 04/16/25
2025-08-15 17:35:36,578 - ExcelTemplateManager - WARNING - Could not parse date: 04/16/25
2025-08-15 17:35:36,578 - ExcelTemplateManager - WARNING - Could not parse date: 04/16/25
2025-08-15 17:35:36,578 - ExcelTemplateManager - WARNING - Could not parse date: 04/16/25
2025-08-15 17:35:36,578 - ExcelTemplateManager - WARNING - Could not parse date: 04/17/25
2025-08-15 17:35:36,578 - ExcelTemplateManager - WARNING - Could not parse date: 04/17/25
2025-08-15 17:35:36,578 - ExcelTemplateManager - WARNING - Could not parse date: 04/18/25
2025-08-15 17:35:36,578 - ExcelTemplateManager - WARNING - Could not parse date: 04/18/25
2025-08-15 17:35:36,578 - ExcelTemplateManager - WARNING - Could not parse date: 04/18/25
2025-08-15 17:35:36,578 - ExcelTemplateManager - WARNING - Could not parse date: 04/18/25
2025-08-15 17:35:36,578 - ExcelTemplateManager - WARNING - Could not parse date: 04/18/25
2025-08-15 17:35:36,578 - ExcelTemplateManager - WARNING - Could not parse date: 04/18/25
2025-08-15 17:35:36,578 - ExcelTemplateManager - WARNING - Could not parse date: 04/18/25
2025-08-15 17:35:36,578 - ExcelTemplateManager - WARNING - Could not parse date: 04/18/25
2025-08-15 17:35:36,578 - ExcelTemplateManager - WARNING - Could not parse date: 04/18/25
2025-08-15 17:35:36,578 - ExcelTemplateManager - WARNING - Could not parse date: 04/18/25
2025-08-15 17:35:36,578 - ExcelTemplateManager - WARNING - Could not parse date: 04/19/25
2025-08-15 17:35:36,578 - ExcelTemplateManager - WARNING - Could not parse date: 04/19/25
2025-08-15 17:35:36,578 - ExcelTemplateManager - WARNING - Could not parse date: 04/19/25
2025-08-15 17:35:36,578 - ExcelTemplateManager - WARNING - Could not parse date: 04/19/25
2025-08-15 17:35:36,578 - ExcelTemplateManager - WARNING - Could not parse date: 04/20/25
2025-08-15 17:35:36,578 - ExcelTemplateManager - WARNING - Could not parse date: 04/20/25
2025-08-15 17:35:36,579 - ExcelTemplateManager - WARNING - Could not parse date: 04/20/25
2025-08-15 17:35:36,579 - ExcelTemplateManager - WARNING - Could not parse date: 04/20/25
2025-08-15 17:35:36,579 - ExcelTemplateManager - WARNING - Could not parse date: 04/20/25
2025-08-15 17:35:36,579 - ExcelTemplateManager - WARNING - Could not parse date: 04/20/25
2025-08-15 17:35:36,579 - ExcelTemplateManager - WARNING - Could not parse date: 04/20/25
2025-08-15 17:35:36,579 - ExcelTemplateManager - WARNING - Could not parse date: 04/20/25
2025-08-15 17:35:36,579 - ExcelTemplateManager - WARNING - Could not parse date: 04/20/25
2025-08-15 17:35:36,579 - ExcelTemplateManager - WARNING - Could not parse date: 04/20/25
2025-08-15 17:35:36,579 - ExcelTemplateManager - WARNING - Could not parse date: 04/20/25
2025-08-15 17:35:36,579 - ExcelTemplateManager - WARNING - Could not parse date: 04/20/25
2025-08-15 17:35:36,579 - ExcelTemplateManager - WARNING - Could not parse date: 04/20/25
2025-08-15 17:35:36,579 - ExcelTemplateManager - WARNING - Could not parse date: 04/20/25
2025-08-15 17:35:36,579 - ExcelTemplateManager - WARNING - Could not parse date: 04/20/25
2025-08-15 17:35:36,579 - ExcelTemplateManager - WARNING - Could not parse date: 04/20/25
2025-08-15 17:35:36,579 - ExcelTemplateManager - WARNING - Could not parse date: 04/20/25
2025-08-15 17:35:36,579 - ExcelTemplateManager - WARNING - Could not parse date: 04/20/25
2025-08-15 17:35:36,579 - ExcelTemplateManager - WARNING - Could not parse date: 04/21/25
2025-08-15 17:35:36,579 - ExcelTemplateManager - WARNING - Could not parse date: 04/21/25
2025-08-15 17:35:36,579 - ExcelTemplateManager - WARNING - Could not parse date: 04/21/25
2025-08-15 17:35:36,579 - ExcelTemplateManager - WARNING - Could not parse date: 04/21/25
2025-08-15 17:35:36,579 - ExcelTemplateManager - WARNING - Could not parse date: 04/21/25
2025-08-15 17:35:36,579 - ExcelTemplateManager - WARNING - Could not parse date: 04/21/25
2025-08-15 17:35:36,580 - ExcelTemplateManager - WARNING - Could not parse date: 04/21/25
2025-08-15 17:35:36,580 - ExcelTemplateManager - WARNING - Could not parse date: 04/21/25
2025-08-15 17:35:36,580 - ExcelTemplateManager - WARNING - Could not parse date: 04/21/25
2025-08-15 17:35:36,580 - ExcelTemplateManager - WARNING - Could not parse date: 04/21/25
2025-08-15 17:35:36,580 - ExcelTemplateManager - WARNING - Could not parse date: 04/21/25
2025-08-15 17:35:36,580 - ExcelTemplateManager - WARNING - Could not parse date: 04/21/25
2025-08-15 17:35:36,580 - ExcelTemplateManager - WARNING - Could not parse date: 04/21/25
2025-08-15 17:35:36,580 - ExcelTemplateManager - WARNING - Could not parse date: 04/21/25
2025-08-15 17:35:36,580 - ExcelTemplateManager - WARNING - Could not parse date: 04/22/25
2025-08-15 17:35:36,580 - ExcelTemplateManager - WARNING - Could not parse date: 04/22/25
2025-08-15 17:35:36,580 - ExcelTemplateManager - WARNING - Could not parse date: 04/22/25
2025-08-15 17:35:36,580 - ExcelTemplateManager - WARNING - Could not parse date: 04/22/25
2025-08-15 17:35:36,580 - ExcelTemplateManager - WARNING - Could not parse date: 04/22/25
2025-08-15 17:35:36,580 - ExcelTemplateManager - WARNING - Could not parse date: 04/22/25
2025-08-15 17:35:36,580 - ExcelTemplateManager - WARNING - Could not parse date: 04/23/25
2025-08-15 17:35:36,580 - ExcelTemplateManager - WARNING - Could not parse date: 04/23/25
2025-08-15 17:35:36,580 - ExcelTemplateManager - WARNING - Could not parse date: 04/23/25
2025-08-15 17:35:36,580 - ExcelTemplateManager - WARNING - Could not parse date: 04/23/25
2025-08-15 17:35:36,580 - ExcelTemplateManager - WARNING - Could not parse date: 04/23/25
2025-08-15 17:35:36,580 - ExcelTemplateManager - WARNING - Could not parse date: 04/23/25
2025-08-15 17:35:36,580 - ExcelTemplateManager - WARNING - Could not parse date: 04/23/25
2025-08-15 17:35:36,580 - ExcelTemplateManager - WARNING - Could not parse date: 04/23/25
2025-08-15 17:35:36,581 - ExcelTemplateManager - WARNING - Could not parse date: 04/23/25
2025-08-15 17:35:36,581 - ExcelTemplateManager - WARNING - Could not parse date: 04/23/25
2025-08-15 17:35:36,581 - ExcelTemplateManager - WARNING - Could not parse date: 04/23/25
2025-08-15 17:35:36,581 - ExcelTemplateManager - WARNING - Could not parse date: 04/23/25
2025-08-15 17:35:36,581 - ExcelTemplateManager - WARNING - Could not parse date: 04/23/25
2025-08-15 17:35:36,581 - ExcelTemplateManager - WARNING - Could not parse date: 04/23/25
2025-08-15 17:35:36,581 - ExcelTemplateManager - WARNING - Could not parse date: 04/23/25
2025-08-15 17:35:36,581 - ExcelTemplateManager - WARNING - Could not parse date: 04/23/25
2025-08-15 17:35:36,581 - ExcelTemplateManager - WARNING - Could not parse date: 04/23/25
2025-08-15 17:35:36,581 - ExcelTemplateManager - WARNING - Could not parse date: 04/23/25
2025-08-15 17:35:36,581 - ExcelTemplateManager - WARNING - Could not parse date: 04/23/25
2025-08-15 17:35:36,581 - ExcelTemplateManager - WARNING - Could not parse date: 04/23/25
2025-08-15 17:35:36,581 - ExcelTemplateManager - WARNING - Could not parse date: 04/24/25
2025-08-15 17:35:36,581 - ExcelTemplateManager - WARNING - Could not parse date: 04/24/25
2025-08-15 17:35:36,581 - ExcelTemplateManager - WARNING - Could not parse date: 04/24/25
2025-08-15 17:35:36,581 - ExcelTemplateManager - WARNING - Could not parse date: 04/24/25
2025-08-15 17:35:36,581 - ExcelTemplateManager - WARNING - Could not parse date: 04/24/25
2025-08-15 17:35:36,581 - ExcelTemplateManager - WARNING - Could not parse date: 04/24/25
2025-08-15 17:35:36,581 - ExcelTemplateManager - WARNING - Could not parse date: 04/24/25
2025-08-15 17:35:36,581 - ExcelTemplateManager - WARNING - Could not parse date: 04/24/25
2025-08-15 17:35:36,581 - ExcelTemplateManager - WARNING - Could not parse date: 04/24/25
2025-08-15 17:35:36,581 - ExcelTemplateManager - WARNING - Could not parse date: 04/24/25
2025-08-15 17:35:36,582 - ExcelTemplateManager - WARNING - Could not parse date: 04/24/25
2025-08-15 17:35:36,582 - ExcelTemplateManager - WARNING - Could not parse date: 04/24/25
2025-08-15 17:35:36,582 - ExcelTemplateManager - WARNING - Could not parse date: 04/24/25
2025-08-15 17:35:36,582 - ExcelTemplateManager - WARNING - Could not parse date: 04/24/25
2025-08-15 17:35:36,582 - ExcelTemplateManager - WARNING - Could not parse date: 04/24/25
2025-08-15 17:35:36,582 - ExcelTemplateManager - WARNING - Could not parse date: 04/24/25
2025-08-15 17:35:36,582 - ExcelTemplateManager - WARNING - Could not parse date: 04/24/25
2025-08-15 17:35:36,582 - ExcelTemplateManager - WARNING - Could not parse date: 04/24/25
2025-08-15 17:35:36,582 - ExcelTemplateManager - WARNING - Could not parse date: 04/24/25
2025-08-15 17:35:36,582 - ExcelTemplateManager - WARNING - Could not parse date: 04/24/25
2025-08-15 17:35:36,582 - ExcelTemplateManager - WARNING - Could not parse date: 04/25/25
2025-08-15 17:35:36,582 - ExcelTemplateManager - WARNING - Could not parse date: 04/25/25
2025-08-15 17:35:36,582 - ExcelTemplateManager - WARNING - Could not parse date: 04/25/25
2025-08-15 17:35:36,582 - ExcelTemplateManager - WARNING - Could not parse date: 04/25/25
2025-08-15 17:35:36,582 - ExcelTemplateManager - WARNING - Could not parse date: 04/26/25
2025-08-15 17:35:36,582 - ExcelTemplateManager - WARNING - Could not parse date: 04/26/25
2025-08-15 17:35:36,582 - ExcelTemplateManager - WARNING - Could not parse date: 04/26/25
2025-08-15 17:35:36,582 - ExcelTemplateManager - WARNING - Could not parse date: 04/26/25
2025-08-15 17:35:36,582 - ExcelTemplateManager - WARNING - Could not parse date: 04/26/25
2025-08-15 17:35:36,582 - ExcelTemplateManager - WARNING - Could not parse date: 04/26/25
2025-08-15 17:35:36,582 - ExcelTemplateManager - WARNING - Could not parse date: 04/26/25
2025-08-15 17:35:36,582 - ExcelTemplateManager - WARNING - Could not parse date: 04/26/25
2025-08-15 17:35:36,583 - ExcelTemplateManager - WARNING - Could not parse date: 04/26/25
2025-08-15 17:35:36,583 - ExcelTemplateManager - WARNING - Could not parse date: 04/26/25
2025-08-15 17:35:36,583 - ExcelTemplateManager - WARNING - Could not parse date: 04/26/25
2025-08-15 17:35:36,583 - ExcelTemplateManager - WARNING - Could not parse date: 04/26/25
2025-08-15 17:35:36,583 - ExcelTemplateManager - WARNING - Could not parse date: 04/26/25
2025-08-15 17:35:36,583 - ExcelTemplateManager - WARNING - Could not parse date: 04/26/25
2025-08-15 17:35:36,583 - ExcelTemplateManager - WARNING - Could not parse date: 04/26/25
2025-08-15 17:35:36,583 - ExcelTemplateManager - WARNING - Could not parse date: 04/26/25
2025-08-15 17:35:36,583 - ExcelTemplateManager - WARNING - Could not parse date: 04/26/25
2025-08-15 17:35:36,583 - ExcelTemplateManager - WARNING - Could not parse date: 04/26/25
2025-08-15 17:35:36,583 - ExcelTemplateManager - WARNING - Could not parse date: 04/26/25
2025-08-15 17:35:36,583 - ExcelTemplateManager - WARNING - Could not parse date: 04/26/25
2025-08-15 17:35:36,583 - ExcelTemplateManager - WARNING - Could not parse date: 04/27/25
2025-08-15 17:35:36,583 - ExcelTemplateManager - WARNING - Could not parse date: 04/27/25
2025-08-15 17:35:36,583 - ExcelTemplateManager - WARNING - Could not parse date: 04/27/25
2025-08-15 17:35:36,583 - ExcelTemplateManager - WARNING - Could not parse date: 04/27/25
2025-08-15 17:35:36,583 - ExcelTemplateManager - WARNING - Could not parse date: 04/27/25
2025-08-15 17:35:36,583 - ExcelTemplateManager - WARNING - Could not parse date: 04/27/25
2025-08-15 17:35:36,583 - ExcelTemplateManager - WARNING - Could not parse date: 04/28/25
2025-08-15 17:35:36,583 - ExcelTemplateManager - WARNING - Could not parse date: 04/28/25
2025-08-15 17:35:36,583 - ExcelTemplateManager - WARNING - Could not parse date: 04/28/25
2025-08-15 17:35:36,583 - ExcelTemplateManager - WARNING - Could not parse date: 04/28/25
2025-08-15 17:35:36,583 - ExcelTemplateManager - WARNING - Could not parse date: 04/28/25
2025-08-15 17:35:36,583 - ExcelTemplateManager - WARNING - Could not parse date: 04/28/25
2025-08-15 17:35:36,584 - ExcelTemplateManager - WARNING - Could not parse date: 04/28/25
2025-08-15 17:35:36,584 - ExcelTemplateManager - WARNING - Could not parse date: 04/28/25
2025-08-15 17:35:36,584 - ExcelTemplateManager - WARNING - Could not parse date: 04/28/25
2025-08-15 17:35:36,584 - ExcelTemplateManager - WARNING - Could not parse date: 04/28/25
2025-08-15 17:35:36,584 - ExcelTemplateManager - WARNING - Could not parse date: 04/28/25
2025-08-15 17:35:36,584 - ExcelTemplateManager - WARNING - Could not parse date: 04/28/25
2025-08-15 17:35:36,584 - ExcelTemplateManager - WARNING - Could not parse date: 04/28/25
2025-08-15 17:35:36,584 - ExcelTemplateManager - WARNING - Could not parse date: 04/28/25
2025-08-15 17:35:36,584 - ExcelTemplateManager - WARNING - Could not parse date: 04/28/25
2025-08-15 17:35:36,584 - ExcelTemplateManager - WARNING - Could not parse date: 04/28/25
2025-08-15 17:35:36,584 - ExcelTemplateManager - WARNING - Could not parse date: 04/29/25
2025-08-15 17:35:36,584 - ExcelTemplateManager - WARNING - Could not parse date: 04/29/25
2025-08-15 17:35:36,584 - ExcelTemplateManager - WARNING - Could not parse date: 04/29/25
2025-08-15 17:35:36,584 - ExcelTemplateManager - WARNING - Could not parse date: 04/29/25
2025-08-15 17:35:36,584 - ExcelTemplateManager - WARNING - Could not parse date: 04/29/25
2025-08-15 17:35:36,584 - ExcelTemplateManager - WARNING - Could not parse date: 04/29/25
2025-08-15 17:35:36,584 - ExcelTemplateManager - WARNING - Could not parse date: 04/29/25
2025-08-15 17:35:36,584 - ExcelTemplateManager - WARNING - Could not parse date: 04/29/25
2025-08-15 17:35:36,584 - ExcelTemplateManager - WARNING - Could not parse date: 04/29/25
2025-08-15 17:35:36,584 - ExcelTemplateManager - WARNING - Could not parse date: 04/29/25
2025-08-15 17:35:36,584 - ExcelTemplateManager - WARNING - Could not parse date: 04/29/25
2025-08-15 17:35:36,584 - ExcelTemplateManager - WARNING - Could not parse date: 04/29/25
2025-08-15 17:35:36,584 - ExcelTemplateManager - WARNING - Could not parse date: 04/29/25
2025-08-15 17:35:36,584 - ExcelTemplateManager - WARNING - Could not parse date: 04/29/25
2025-08-15 17:35:36,585 - ExcelTemplateManager - WARNING - Could not parse date: 04/29/25
2025-08-15 17:35:36,585 - ExcelTemplateManager - WARNING - Could not parse date: 04/29/25
2025-08-15 17:35:36,585 - ExcelTemplateManager - WARNING - Could not parse date: 04/30/25
2025-08-15 17:35:36,585 - ExcelTemplateManager - WARNING - Could not parse date: 04/30/25
2025-08-15 17:35:36,585 - ExcelTemplateManager - WARNING - Could not parse date: 04/30/25
2025-08-15 17:35:36,585 - ExcelTemplateManager - WARNING - Could not parse date: 04/30/25
2025-08-15 17:35:36,585 - ExcelTemplateManager - WARNING - Could not parse date: 04/30/25
2025-08-15 17:35:36,585 - ExcelTemplateManager - WARNING - Could not parse date: 04/30/25
2025-08-15 17:35:36,585 - ExcelTemplateManager - WARNING - Could not parse date: 04/30/25
2025-08-15 17:35:36,585 - ExcelTemplateManager - WARNING - Could not parse date: 04/30/25
2025-08-15 17:35:36,585 - ExcelTemplateManager - WARNING - Could not parse date: 04/30/25
2025-08-15 17:35:36,585 - ExcelTemplateManager - WARNING - Could not parse date: 04/30/25
2025-08-15 17:35:36,585 - ExcelTemplateManager - WARNING - Could not parse date: 04/30/25
2025-08-15 17:35:36,585 - ExcelTemplateManager - WARNING - Could not parse date: 04/30/25
2025-08-15 17:35:36,585 - ExcelTemplateManager - WARNING - Could not parse date: 04/30/25
2025-08-15 17:35:36,585 - ExcelTemplateManager - WARNING - Could not parse date: 04/30/25
2025-08-15 17:35:36,585 - ExcelTemplateManager - WARNING - Could not parse date: 04/30/25
2025-08-15 17:35:36,585 - ExcelTemplateManager - WARNING - Could not parse date: 04/30/25
2025-08-15 17:35:36,585 - ExcelTemplateManager - WARNING - Could not parse date: 04/30/25
2025-08-15 17:35:36,585 - ExcelTemplateManager - WARNING - Could not parse date: 04/30/25
2025-08-15 17:35:36,588 - ExcelTemplateManager - WARNING - Could not parse date: 05/14/25
2025-08-15 17:35:36,588 - ExcelTemplateManager - WARNING - Could not parse date: 05/14/25
2025-08-15 17:35:36,588 - ExcelTemplateManager - WARNING - Could not parse date: 05/14/25
2025-08-15 17:35:36,588 - ExcelTemplateManager - WARNING - Could not parse date: 05/14/25
2025-08-15 17:35:36,588 - ExcelTemplateManager - WARNING - Could not parse date: 05/14/25
2025-08-15 17:35:36,589 - ExcelTemplateManager - WARNING - Could not parse date: 05/14/25
2025-08-15 17:35:36,589 - ExcelTemplateManager - WARNING - Could not parse date: 05/14/25
2025-08-15 17:35:36,589 - ExcelTemplateManager - WARNING - Could not parse date: 05/14/25
2025-08-15 17:35:36,589 - ExcelTemplateManager - WARNING - Could not parse date: 05/14/25
2025-08-15 17:35:36,589 - ExcelTemplateManager - WARNING - Could not parse date: 05/14/25
2025-08-15 17:35:36,589 - ExcelTemplateManager - WARNING - Could not parse date: 05/15/25
2025-08-15 17:35:36,589 - ExcelTemplateManager - WARNING - Could not parse date: 05/15/25
2025-08-15 17:35:36,589 - ExcelTemplateManager - WARNING - Could not parse date: 05/15/25
2025-08-15 17:35:36,589 - ExcelTemplateManager - WARNING - Could not parse date: 05/15/25
2025-08-15 17:35:36,589 - ExcelTemplateManager - WARNING - Could not parse date: 05/15/25
2025-08-15 17:35:36,589 - ExcelTemplateManager - WARNING - Could not parse date: 05/15/25
2025-08-15 17:35:36,589 - ExcelTemplateManager - WARNING - Could not parse date: 05/15/25
2025-08-15 17:35:36,589 - ExcelTemplateManager - WARNING - Could not parse date: 05/15/25
2025-08-15 17:35:36,589 - ExcelTemplateManager - WARNING - Could not parse date: 05/15/25
2025-08-15 17:35:36,589 - ExcelTemplateManager - WARNING - Could not parse date: 05/15/25
2025-08-15 17:35:36,589 - ExcelTemplateManager - WARNING - Could not parse date: 05/15/25
2025-08-15 17:35:36,589 - ExcelTemplateManager - WARNING - Could not parse date: 05/15/25
2025-08-15 17:35:36,589 - ExcelTemplateManager - WARNING - Could not parse date: 05/15/25
2025-08-15 17:35:36,589 - ExcelTemplateManager - WARNING - Could not parse date: 05/15/25
2025-08-15 17:35:36,589 - ExcelTemplateManager - WARNING - Could not parse date: 05/15/25
2025-08-15 17:35:36,589 - ExcelTemplateManager - WARNING - Could not parse date: 05/15/25
2025-08-15 17:35:36,589 - ExcelTemplateManager - WARNING - Could not parse date: 05/15/25
2025-08-15 17:35:36,589 - ExcelTemplateManager - WARNING - Could not parse date: 05/15/25
2025-08-15 17:35:36,589 - ExcelTemplateManager - WARNING - Could not parse date: 05/17/25
2025-08-15 17:35:36,590 - ExcelTemplateManager - WARNING - Could not parse date: 05/17/25
2025-08-15 17:35:36,590 - ExcelTemplateManager - WARNING - Could not parse date: 05/17/25
2025-08-15 17:35:36,590 - ExcelTemplateManager - WARNING - Could not parse date: 05/17/25
2025-08-15 17:35:36,590 - ExcelTemplateManager - WARNING - Could not parse date: 05/17/25
2025-08-15 17:35:36,590 - ExcelTemplateManager - WARNING - Could not parse date: 05/17/25
2025-08-15 17:35:36,590 - ExcelTemplateManager - WARNING - Could not parse date: 05/17/25
2025-08-15 17:35:36,590 - ExcelTemplateManager - WARNING - Could not parse date: 05/17/25
2025-08-15 17:35:36,590 - ExcelTemplateManager - WARNING - Could not parse date: 05/17/25
2025-08-15 17:35:36,590 - ExcelTemplateManager - WARNING - Could not parse date: 05/17/25
2025-08-15 17:35:36,590 - ExcelTemplateManager - WARNING - Could not parse date: 05/17/25
2025-08-15 17:35:36,590 - ExcelTemplateManager - WARNING - Could not parse date: 05/17/25
2025-08-15 17:35:36,590 - ExcelTemplateManager - WARNING - Could not parse date: 05/18/25
2025-08-15 17:35:36,590 - ExcelTemplateManager - WARNING - Could not parse date: 05/18/25
2025-08-15 17:35:36,590 - ExcelTemplateManager - WARNING - Could not parse date: 05/19/25
2025-08-15 17:35:36,590 - ExcelTemplateManager - WARNING - Could not parse date: 05/19/25
2025-08-15 17:35:36,590 - ExcelTemplateManager - WARNING - Could not parse date: 05/19/25
2025-08-15 17:35:36,590 - ExcelTemplateManager - WARNING - Could not parse date: 05/19/25
2025-08-15 17:35:36,590 - ExcelTemplateManager - WARNING - Could not parse date: 05/19/25
2025-08-15 17:35:36,590 - ExcelTemplateManager - WARNING - Could not parse date: 05/19/25
2025-08-15 17:35:36,590 - ExcelTemplateManager - WARNING - Could not parse date: 05/19/25
2025-08-15 17:35:36,590 - ExcelTemplateManager - WARNING - Could not parse date: 05/19/25
2025-08-15 17:35:36,590 - ExcelTemplateManager - WARNING - Could not parse date: 05/20/25
2025-08-15 17:35:36,590 - ExcelTemplateManager - WARNING - Could not parse date: 05/20/25
2025-08-15 17:35:36,591 - ExcelTemplateManager - WARNING - Could not parse date: 05/20/25
2025-08-15 17:35:36,591 - ExcelTemplateManager - WARNING - Could not parse date: 05/20/25
2025-08-15 17:35:36,591 - ExcelTemplateManager - WARNING - Could not parse date: 05/20/25
2025-08-15 17:35:36,591 - ExcelTemplateManager - WARNING - Could not parse date: 05/20/25
2025-08-15 17:35:36,591 - ExcelTemplateManager - WARNING - Could not parse date: 05/20/25
2025-08-15 17:35:36,591 - ExcelTemplateManager - WARNING - Could not parse date: 05/20/25
2025-08-15 17:35:36,591 - ExcelTemplateManager - WARNING - Could not parse date: 05/20/25
2025-08-15 17:35:36,591 - ExcelTemplateManager - WARNING - Could not parse date: 05/20/25
2025-08-15 17:35:36,591 - ExcelTemplateManager - WARNING - Could not parse date: 05/20/25
2025-08-15 17:35:36,591 - ExcelTemplateManager - WARNING - Could not parse date: 05/20/25
2025-08-15 17:35:36,591 - ExcelTemplateManager - WARNING - Could not parse date: 05/20/25
2025-08-15 17:35:36,591 - ExcelTemplateManager - WARNING - Could not parse date: 05/20/25
2025-08-15 17:35:36,591 - ExcelTemplateManager - WARNING - Could not parse date: 05/22/25
2025-08-15 17:35:36,591 - ExcelTemplateManager - WARNING - Could not parse date: 05/22/25
2025-08-15 17:35:36,591 - ExcelTemplateManager - WARNING - Could not parse date: 05/22/25
2025-08-15 17:35:36,591 - ExcelTemplateManager - WARNING - Could not parse date: 05/22/25
2025-08-15 17:35:36,591 - ExcelTemplateManager - WARNING - Could not parse date: 05/22/25
2025-08-15 17:35:36,591 - ExcelTemplateManager - WARNING - Could not parse date: 05/22/25
2025-08-15 17:35:36,591 - ExcelTemplateManager - WARNING - Could not parse date: 05/22/25
2025-08-15 17:35:36,591 - ExcelTemplateManager - WARNING - Could not parse date: 05/22/25
2025-08-15 17:35:36,591 - ExcelTemplateManager - WARNING - Could not parse date: 05/22/25
2025-08-15 17:35:36,591 - ExcelTemplateManager - WARNING - Could not parse date: 05/22/25
2025-08-15 17:35:36,592 - ExcelTemplateManager - WARNING - Could not parse date: 05/23/25
2025-08-15 17:35:36,592 - ExcelTemplateManager - WARNING - Could not parse date: 05/23/25
2025-08-15 17:35:36,592 - ExcelTemplateManager - WARNING - Could not parse date: 05/23/25
2025-08-15 17:35:36,592 - ExcelTemplateManager - WARNING - Could not parse date: 05/23/25
2025-08-15 17:35:36,592 - ExcelTemplateManager - WARNING - Could not parse date: 05/24/25
2025-08-15 17:35:36,592 - ExcelTemplateManager - WARNING - Could not parse date: 05/24/25
2025-08-15 17:35:36,592 - ExcelTemplateManager - WARNING - Could not parse date: 05/24/25
2025-08-15 17:35:36,592 - ExcelTemplateManager - WARNING - Could not parse date: 05/24/25
2025-08-15 17:35:36,592 - ExcelTemplateManager - WARNING - Could not parse date: 05/24/25
2025-08-15 17:35:36,592 - ExcelTemplateManager - WARNING - Could not parse date: 05/24/25
2025-08-15 17:35:36,592 - ExcelTemplateManager - WARNING - Could not parse date: 05/24/25
2025-08-15 17:35:36,592 - ExcelTemplateManager - WARNING - Could not parse date: 05/24/25
2025-08-15 17:35:36,592 - ExcelTemplateManager - WARNING - Could not parse date: 05/24/25
2025-08-15 17:35:36,592 - ExcelTemplateManager - WARNING - Could not parse date: 05/24/25
2025-08-15 17:35:36,593 - ExcelTemplateManager - WARNING - Could not parse date: 05/24/25
2025-08-15 17:35:36,593 - ExcelTemplateManager - WARNING - Could not parse date: 05/24/25
2025-08-15 17:35:36,593 - ExcelTemplateManager - WARNING - Could not parse date: 05/25/25
2025-08-15 17:35:36,593 - ExcelTemplateManager - WARNING - Could not parse date: 05/25/25
2025-08-15 17:35:36,593 - ExcelTemplateManager - WARNING - Could not parse date: 05/25/25
2025-08-15 17:35:36,593 - ExcelTemplateManager - WARNING - Could not parse date: 05/25/25
2025-08-15 17:35:36,593 - ExcelTemplateManager - WARNING - Could not parse date: 05/25/25
2025-08-15 17:35:36,593 - ExcelTemplateManager - WARNING - Could not parse date: 05/25/25
2025-08-15 17:35:36,593 - ExcelTemplateManager - WARNING - Could not parse date: 05/25/25
2025-08-15 17:35:36,593 - ExcelTemplateManager - WARNING - Could not parse date: 05/25/25
2025-08-15 17:35:36,593 - ExcelTemplateManager - WARNING - Could not parse date: 05/25/25
2025-08-15 17:35:36,593 - ExcelTemplateManager - WARNING - Could not parse date: 05/25/25
2025-08-15 17:35:36,593 - ExcelTemplateManager - WARNING - Could not parse date: 05/25/25
2025-08-15 17:35:36,593 - ExcelTemplateManager - WARNING - Could not parse date: 05/25/25
2025-08-15 17:35:36,593 - ExcelTemplateManager - WARNING - Could not parse date: 05/26/25
2025-08-15 17:35:36,593 - ExcelTemplateManager - WARNING - Could not parse date: 05/26/25
2025-08-15 17:35:36,593 - ExcelTemplateManager - WARNING - Could not parse date: 05/26/25
2025-08-15 17:35:36,593 - ExcelTemplateManager - WARNING - Could not parse date: 05/26/25
2025-08-15 17:35:36,593 - ExcelTemplateManager - WARNING - Could not parse date: 05/26/25
2025-08-15 17:35:36,593 - ExcelTemplateManager - WARNING - Could not parse date: 05/26/25
2025-08-15 17:35:36,594 - ExcelTemplateManager - WARNING - Could not parse date: 05/26/25
2025-08-15 17:35:36,594 - ExcelTemplateManager - WARNING - Could not parse date: 05/26/25
2025-08-15 17:35:36,594 - ExcelTemplateManager - WARNING - Could not parse date: 05/26/25
2025-08-15 17:35:36,594 - ExcelTemplateManager - WARNING - Could not parse date: 05/26/25
2025-08-15 17:35:36,594 - ExcelTemplateManager - WARNING - Could not parse date: 05/26/25
2025-08-15 17:35:36,594 - ExcelTemplateManager - WARNING - Could not parse date: 05/26/25
2025-08-15 17:35:36,594 - ExcelTemplateManager - WARNING - Could not parse date: 05/26/25
2025-08-15 17:35:36,594 - ExcelTemplateManager - WARNING - Could not parse date: 05/26/25
2025-08-15 17:35:36,594 - ExcelTemplateManager - WARNING - Could not parse date: 05/26/25
2025-08-15 17:35:36,594 - ExcelTemplateManager - WARNING - Could not parse date: 05/26/25
2025-08-15 17:35:36,594 - ExcelTemplateManager - WARNING - Could not parse date: 05/28/25
2025-08-15 17:35:36,594 - ExcelTemplateManager - WARNING - Could not parse date: 05/28/25
2025-08-15 17:35:36,594 - ExcelTemplateManager - WARNING - Could not parse date: 05/28/25
2025-08-15 17:35:36,594 - ExcelTemplateManager - WARNING - Could not parse date: 05/28/25
2025-08-15 17:35:36,594 - ExcelTemplateManager - WARNING - Could not parse date: 05/28/25
2025-08-15 17:35:36,594 - ExcelTemplateManager - WARNING - Could not parse date: 05/28/25
2025-08-15 17:35:36,594 - ExcelTemplateManager - WARNING - Could not parse date: 05/28/25
2025-08-15 17:35:36,594 - ExcelTemplateManager - WARNING - Could not parse date: 05/28/25
2025-08-15 17:35:36,594 - ExcelTemplateManager - WARNING - Could not parse date: 05/28/25
2025-08-15 17:35:36,594 - ExcelTemplateManager - WARNING - Could not parse date: 05/28/25
2025-08-15 17:35:36,594 - ExcelTemplateManager - WARNING - Could not parse date: 05/28/25
2025-08-15 17:35:36,594 - ExcelTemplateManager - WARNING - Could not parse date: 05/28/25
2025-08-15 17:35:36,595 - ExcelTemplateManager - WARNING - Could not parse date: 05/30/25
2025-08-15 17:35:36,595 - ExcelTemplateManager - WARNING - Could not parse date: 05/30/25
2025-08-15 17:35:36,596 - ExcelTemplateManager - WARNING - Could not parse date: 06/13/25
2025-08-15 17:35:36,596 - ExcelTemplateManager - WARNING - Could not parse date: 06/13/25
2025-08-15 17:35:36,596 - ExcelTemplateManager - WARNING - Could not parse date: 06/14/25
2025-08-15 17:35:36,596 - ExcelTemplateManager - WARNING - Could not parse date: 06/14/25
2025-08-15 17:35:36,596 - ExcelTemplateManager - WARNING - Could not parse date: 06/15/25
2025-08-15 17:35:36,596 - ExcelTemplateManager - WARNING - Could not parse date: 06/15/25
2025-08-15 17:35:36,596 - ExcelTemplateManager - WARNING - Could not parse date: 06/16/25
2025-08-15 17:35:36,596 - ExcelTemplateManager - WARNING - Could not parse date: 06/16/25
2025-08-15 17:35:36,596 - ExcelTemplateManager - WARNING - Could not parse date: 06/16/25
2025-08-15 17:35:36,596 - ExcelTemplateManager - WARNING - Could not parse date: 06/16/25
2025-08-15 17:35:36,596 - ExcelTemplateManager - WARNING - Could not parse date: 06/17/25
2025-08-15 17:35:36,596 - ExcelTemplateManager - WARNING - Could not parse date: 06/17/25
2025-08-15 17:35:36,596 - ExcelTemplateManager - WARNING - Could not parse date: 06/17/25
2025-08-15 17:35:36,596 - ExcelTemplateManager - WARNING - Could not parse date: 06/17/25
2025-08-15 17:35:36,596 - ExcelTemplateManager - WARNING - Could not parse date: 06/17/25
2025-08-15 17:35:36,596 - ExcelTemplateManager - WARNING - Could not parse date: 06/17/25
2025-08-15 17:35:36,596 - ExcelTemplateManager - WARNING - Could not parse date: 06/18/25
2025-08-15 17:35:36,596 - ExcelTemplateManager - WARNING - Could not parse date: 06/18/25
2025-08-15 17:35:36,597 - ExcelTemplateManager - WARNING - Could not parse date: 06/18/25
2025-08-15 17:35:36,597 - ExcelTemplateManager - WARNING - Could not parse date: 06/18/25
2025-08-15 17:35:36,597 - ExcelTemplateManager - WARNING - Could not parse date: 06/18/25
2025-08-15 17:35:36,597 - ExcelTemplateManager - WARNING - Could not parse date: 06/18/25
2025-08-15 17:35:36,597 - ExcelTemplateManager - WARNING - Could not parse date: 06/18/25
2025-08-15 17:35:36,597 - ExcelTemplateManager - WARNING - Could not parse date: 06/18/25
2025-08-15 17:35:36,597 - ExcelTemplateManager - WARNING - Could not parse date: 06/18/25
2025-08-15 17:35:36,597 - ExcelTemplateManager - WARNING - Could not parse date: 06/18/25
2025-08-15 17:35:36,597 - ExcelTemplateManager - WARNING - Could not parse date: 06/19/25
2025-08-15 17:35:36,597 - ExcelTemplateManager - WARNING - Could not parse date: 06/19/25
2025-08-15 17:35:36,597 - ExcelTemplateManager - WARNING - Could not parse date: 06/20/25
2025-08-15 17:35:36,597 - ExcelTemplateManager - WARNING - Could not parse date: 06/20/25
2025-08-15 17:35:36,597 - ExcelTemplateManager - WARNING - Could not parse date: 06/20/25
2025-08-15 17:35:36,597 - ExcelTemplateManager - WARNING - Could not parse date: 06/20/25
2025-08-15 17:35:36,597 - ExcelTemplateManager - WARNING - Could not parse date: 06/21/25
2025-08-15 17:35:36,597 - ExcelTemplateManager - WARNING - Could not parse date: 06/21/25
2025-08-15 17:35:36,597 - ExcelTemplateManager - WARNING - Could not parse date: 06/22/25
2025-08-15 17:35:36,597 - ExcelTemplateManager - WARNING - Could not parse date: 06/22/25
2025-08-15 17:35:36,597 - ExcelTemplateManager - WARNING - Could not parse date: 06/22/25
2025-08-15 17:35:36,597 - ExcelTemplateManager - WARNING - Could not parse date: 06/22/25
2025-08-15 17:35:36,597 - ExcelTemplateManager - WARNING - Could not parse date: 06/23/25
2025-08-15 17:35:36,597 - ExcelTemplateManager - WARNING - Could not parse date: 06/23/25
2025-08-15 17:35:36,598 - ExcelTemplateManager - WARNING - Could not parse date: 06/24/25
2025-08-15 17:35:36,598 - ExcelTemplateManager - WARNING - Could not parse date: 06/24/25
2025-08-15 17:35:36,598 - ExcelTemplateManager - WARNING - Could not parse date: 06/24/25
2025-08-15 17:35:36,598 - ExcelTemplateManager - WARNING - Could not parse date: 06/24/25
2025-08-15 17:35:36,598 - ExcelTemplateManager - WARNING - Could not parse date: 06/24/25
2025-08-15 17:35:36,598 - ExcelTemplateManager - WARNING - Could not parse date: 06/24/25
2025-08-15 17:35:36,598 - ExcelTemplateManager - WARNING - Could not parse date: 06/25/25
2025-08-15 17:35:36,598 - ExcelTemplateManager - WARNING - Could not parse date: 06/25/25
2025-08-15 17:35:36,598 - ExcelTemplateManager - WARNING - Could not parse date: 06/25/25
2025-08-15 17:35:36,598 - ExcelTemplateManager - WARNING - Could not parse date: 06/25/25
2025-08-15 17:35:36,598 - ExcelTemplateManager - WARNING - Could not parse date: 06/25/25
2025-08-15 17:35:36,598 - ExcelTemplateManager - WARNING - Could not parse date: 06/25/25
2025-08-15 17:35:36,598 - ExcelTemplateManager - WARNING - Could not parse date: 06/25/25
2025-08-15 17:35:36,598 - ExcelTemplateManager - WARNING - Could not parse date: 06/25/25
2025-08-15 17:35:36,598 - ExcelTemplateManager - WARNING - Could not parse date: 06/25/25
2025-08-15 17:35:36,598 - ExcelTemplateManager - WARNING - Could not parse date: 06/25/25
2025-08-15 17:35:36,598 - ExcelTemplateManager - WARNING - Could not parse date: 06/25/25
2025-08-15 17:35:36,598 - ExcelTemplateManager - WARNING - Could not parse date: 06/25/25
2025-08-15 17:35:36,598 - ExcelTemplateManager - WARNING - Could not parse date: 06/27/25
2025-08-15 17:35:36,598 - ExcelTemplateManager - WARNING - Could not parse date: 06/27/25
2025-08-15 17:35:36,598 - ExcelTemplateManager - WARNING - Could not parse date: 06/27/25
2025-08-15 17:35:36,598 - ExcelTemplateManager - WARNING - Could not parse date: 06/27/25
2025-08-15 17:35:36,599 - ExcelTemplateManager - WARNING - Could not parse date: 06/27/25
2025-08-15 17:35:36,599 - ExcelTemplateManager - WARNING - Could not parse date: 06/27/25
2025-08-15 17:35:36,599 - ExcelTemplateManager - WARNING - Could not parse date: 06/27/25
2025-08-15 17:35:36,599 - ExcelTemplateManager - WARNING - Could not parse date: 06/27/25
2025-08-15 17:35:36,599 - ExcelTemplateManager - WARNING - Could not parse date: 06/27/25
2025-08-15 17:35:36,599 - ExcelTemplateManager - WARNING - Could not parse date: 06/27/25
2025-08-15 17:35:36,599 - ExcelTemplateManager - WARNING - Could not parse date: 06/28/25
2025-08-15 17:35:36,599 - ExcelTemplateManager - WARNING - Could not parse date: 06/28/25
2025-08-15 17:35:36,599 - ExcelTemplateManager - WARNING - Could not parse date: 06/29/25
2025-08-15 17:35:36,599 - ExcelTemplateManager - WARNING - Could not parse date: 06/29/25
2025-08-15 17:35:36,599 - ExcelTemplateManager - WARNING - Could not parse date: 06/29/25
2025-08-15 17:35:36,599 - ExcelTemplateManager - WARNING - Could not parse date: 06/29/25
2025-08-15 17:35:36,599 - ExcelTemplateManager - WARNING - Could not parse date: 06/29/25
2025-08-15 17:35:36,599 - ExcelTemplateManager - WARNING - Could not parse date: 06/29/25
2025-08-15 17:35:36,599 - ExcelTemplateManager - WARNING - Could not parse date: 06/30/25
2025-08-15 17:35:36,599 - ExcelTemplateManager - WARNING - Could not parse date: 06/29/25
2025-08-15 17:35:36,601 - ExcelTemplateManager - WARNING - Could not parse date: 07/13/25
2025-08-15 17:35:36,602 - ExcelTemplateManager - WARNING - Could not parse date: 07/13/25
2025-08-15 17:35:36,602 - ExcelTemplateManager - WARNING - Could not parse date: 07/13/25
2025-08-15 17:35:36,602 - ExcelTemplateManager - WARNING - Could not parse date: 07/13/25
2025-08-15 17:35:36,602 - ExcelTemplateManager - WARNING - Could not parse date: 07/14/25
2025-08-15 17:35:36,602 - ExcelTemplateManager - WARNING - Could not parse date: 07/14/25
2025-08-15 17:35:36,602 - ExcelTemplateManager - WARNING - Could not parse date: 07/14/25
2025-08-15 17:35:36,602 - ExcelTemplateManager - WARNING - Could not parse date: 07/14/25
2025-08-15 17:35:36,602 - ExcelTemplateManager - WARNING - Could not parse date: 07/14/25
2025-08-15 17:35:36,602 - ExcelTemplateManager - WARNING - Could not parse date: 07/14/25
2025-08-15 17:35:36,602 - ExcelTemplateManager - WARNING - Could not parse date: 07/15/25
2025-08-15 17:35:36,602 - ExcelTemplateManager - WARNING - Could not parse date: 07/15/25
2025-08-15 17:35:36,602 - ExcelTemplateManager - WARNING - Could not parse date: 07/15/25
2025-08-15 17:35:36,602 - ExcelTemplateManager - WARNING - Could not parse date: 07/15/25
2025-08-15 17:35:36,602 - ExcelTemplateManager - WARNING - Could not parse date: 07/15/25
2025-08-15 17:35:36,602 - ExcelTemplateManager - WARNING - Could not parse date: 07/15/25
2025-08-15 17:35:36,602 - ExcelTemplateManager - WARNING - Could not parse date: 07/15/25
2025-08-15 17:35:36,602 - ExcelTemplateManager - WARNING - Could not parse date: 07/15/25
2025-08-15 17:35:36,602 - ExcelTemplateManager - WARNING - Could not parse date: 07/15/25
2025-08-15 17:35:36,602 - ExcelTemplateManager - WARNING - Could not parse date: 07/15/25
2025-08-15 17:35:36,602 - ExcelTemplateManager - WARNING - Could not parse date: 07/15/25
2025-08-15 17:35:36,602 - ExcelTemplateManager - WARNING - Could not parse date: 07/15/25
2025-08-15 17:35:36,602 - ExcelTemplateManager - WARNING - Could not parse date: 07/16/25
2025-08-15 17:35:36,603 - ExcelTemplateManager - WARNING - Could not parse date: 07/16/25
2025-08-15 17:35:36,603 - ExcelTemplateManager - WARNING - Could not parse date: 07/16/25
2025-08-15 17:35:36,603 - ExcelTemplateManager - WARNING - Could not parse date: 07/16/25
2025-08-15 17:35:36,603 - ExcelTemplateManager - WARNING - Could not parse date: 07/17/25
2025-08-15 17:35:36,603 - ExcelTemplateManager - WARNING - Could not parse date: 07/17/25
2025-08-15 17:35:36,603 - ExcelTemplateManager - WARNING - Could not parse date: 07/17/25
2025-08-15 17:35:36,603 - ExcelTemplateManager - WARNING - Could not parse date: 07/17/25
2025-08-15 17:35:36,603 - ExcelTemplateManager - WARNING - Could not parse date: 07/17/25
2025-08-15 17:35:36,603 - ExcelTemplateManager - WARNING - Could not parse date: 07/17/25
2025-08-15 17:35:36,603 - ExcelTemplateManager - WARNING - Could not parse date: 07/17/25
2025-08-15 17:35:36,603 - ExcelTemplateManager - WARNING - Could not parse date: 07/17/25
2025-08-15 17:35:36,603 - ExcelTemplateManager - WARNING - Could not parse date: 07/18/25
2025-08-15 17:35:36,603 - ExcelTemplateManager - WARNING - Could not parse date: 07/18/25
2025-08-15 17:35:36,603 - ExcelTemplateManager - WARNING - Could not parse date: 07/18/25
2025-08-15 17:35:36,603 - ExcelTemplateManager - WARNING - Could not parse date: 07/18/25
2025-08-15 17:35:36,603 - ExcelTemplateManager - WARNING - Could not parse date: 07/18/25
2025-08-15 17:35:36,603 - ExcelTemplateManager - WARNING - Could not parse date: 07/18/25
2025-08-15 17:35:36,603 - ExcelTemplateManager - WARNING - Could not parse date: 07/18/25
2025-08-15 17:35:36,603 - ExcelTemplateManager - WARNING - Could not parse date: 07/18/25
2025-08-15 17:35:36,603 - ExcelTemplateManager - WARNING - Could not parse date: 07/18/25
2025-08-15 17:35:36,603 - ExcelTemplateManager - WARNING - Could not parse date: 07/18/25
2025-08-15 17:35:36,603 - ExcelTemplateManager - WARNING - Could not parse date: 07/18/25
2025-08-15 17:35:36,604 - ExcelTemplateManager - WARNING - Could not parse date: 07/18/25
2025-08-15 17:35:36,604 - ExcelTemplateManager - WARNING - Could not parse date: 07/18/25
2025-08-15 17:35:36,604 - ExcelTemplateManager - WARNING - Could not parse date: 07/18/25
2025-08-15 17:35:36,604 - ExcelTemplateManager - WARNING - Could not parse date: 07/18/25
2025-08-15 17:35:36,604 - ExcelTemplateManager - WARNING - Could not parse date: 07/18/25
2025-08-15 17:35:36,604 - ExcelTemplateManager - WARNING - Could not parse date: 07/18/25
2025-08-15 17:35:36,604 - ExcelTemplateManager - WARNING - Could not parse date: 07/18/25
2025-08-15 17:35:36,604 - ExcelTemplateManager - WARNING - Could not parse date: 07/19/25
2025-08-15 17:35:36,604 - ExcelTemplateManager - WARNING - Could not parse date: 07/19/25
2025-08-15 17:35:36,604 - ExcelTemplateManager - WARNING - Could not parse date: 07/20/25
2025-08-15 17:35:36,604 - ExcelTemplateManager - WARNING - Could not parse date: 07/20/25
2025-08-15 17:35:36,604 - ExcelTemplateManager - WARNING - Could not parse date: 07/21/25
2025-08-15 17:35:36,604 - ExcelTemplateManager - WARNING - Could not parse date: 07/21/25
2025-08-15 17:35:36,604 - ExcelTemplateManager - WARNING - Could not parse date: 07/21/25
2025-08-15 17:35:36,604 - ExcelTemplateManager - WARNING - Could not parse date: 07/21/25
2025-08-15 17:35:36,604 - ExcelTemplateManager - WARNING - Could not parse date: 07/21/25
2025-08-15 17:35:36,604 - ExcelTemplateManager - WARNING - Could not parse date: 07/21/25
2025-08-15 17:35:36,604 - ExcelTemplateManager - WARNING - Could not parse date: 07/21/25
2025-08-15 17:35:36,604 - ExcelTemplateManager - WARNING - Could not parse date: 07/21/25
2025-08-15 17:35:36,604 - ExcelTemplateManager - WARNING - Could not parse date: 07/21/25
2025-08-15 17:35:36,604 - ExcelTemplateManager - WARNING - Could not parse date: 07/21/25
2025-08-15 17:35:36,604 - ExcelTemplateManager - WARNING - Could not parse date: 07/22/25
2025-08-15 17:35:36,604 - ExcelTemplateManager - WARNING - Could not parse date: 07/22/25
2025-08-15 17:35:36,605 - ExcelTemplateManager - WARNING - Could not parse date: 07/23/25
2025-08-15 17:35:36,605 - ExcelTemplateManager - WARNING - Could not parse date: 07/23/25
2025-08-15 17:35:36,605 - ExcelTemplateManager - WARNING - Could not parse date: 07/23/25
2025-08-15 17:35:36,605 - ExcelTemplateManager - WARNING - Could not parse date: 07/23/25
2025-08-15 17:35:36,605 - ExcelTemplateManager - WARNING - Could not parse date: 07/23/25
2025-08-15 17:35:36,605 - ExcelTemplateManager - WARNING - Could not parse date: 07/23/25
2025-08-15 17:35:36,605 - ExcelTemplateManager - WARNING - Could not parse date: 07/23/25
2025-08-15 17:35:36,605 - ExcelTemplateManager - WARNING - Could not parse date: 07/23/25
2025-08-15 17:35:36,605 - ExcelTemplateManager - WARNING - Could not parse date: 07/23/25
2025-08-15 17:35:36,605 - ExcelTemplateManager - WARNING - Could not parse date: 07/23/25
2025-08-15 17:35:36,605 - ExcelTemplateManager - WARNING - Could not parse date: 07/23/25
2025-08-15 17:35:36,605 - ExcelTemplateManager - WARNING - Could not parse date: 07/23/25
2025-08-15 17:35:36,605 - ExcelTemplateManager - WARNING - Could not parse date: 07/24/25
2025-08-15 17:35:36,605 - ExcelTemplateManager - WARNING - Could not parse date: 07/24/25
2025-08-15 17:35:36,605 - ExcelTemplateManager - WARNING - Could not parse date: 07/24/25
2025-08-15 17:35:36,605 - ExcelTemplateManager - WARNING - Could not parse date: 07/24/25
2025-08-15 17:35:36,605 - ExcelTemplateManager - WARNING - Could not parse date: 07/25/25
2025-08-15 17:35:36,605 - ExcelTemplateManager - WARNING - Could not parse date: 07/25/25
2025-08-15 17:35:36,605 - ExcelTemplateManager - WARNING - Could not parse date: 07/25/25
2025-08-15 17:35:36,605 - ExcelTemplateManager - WARNING - Could not parse date: 07/25/25
2025-08-15 17:35:36,605 - ExcelTemplateManager - WARNING - Could not parse date: 07/25/25
2025-08-15 17:35:36,606 - ExcelTemplateManager - WARNING - Could not parse date: 07/25/25
2025-08-15 17:35:36,606 - ExcelTemplateManager - WARNING - Could not parse date: 07/25/25
2025-08-15 17:35:36,606 - ExcelTemplateManager - WARNING - Could not parse date: 07/25/25
2025-08-15 17:35:36,606 - ExcelTemplateManager - WARNING - Could not parse date: 07/25/25
2025-08-15 17:35:36,606 - ExcelTemplateManager - WARNING - Could not parse date: 07/25/25
2025-08-15 17:35:36,606 - ExcelTemplateManager - WARNING - Could not parse date: 07/25/25
2025-08-15 17:35:36,606 - ExcelTemplateManager - WARNING - Could not parse date: 07/25/25
2025-08-15 17:35:36,606 - ExcelTemplateManager - WARNING - Could not parse date: 07/25/25
2025-08-15 17:35:36,606 - ExcelTemplateManager - WARNING - Could not parse date: 07/25/25
2025-08-15 17:35:36,606 - ExcelTemplateManager - WARNING - Could not parse date: 07/26/25
2025-08-15 17:35:36,606 - ExcelTemplateManager - WARNING - Could not parse date: 07/26/25
2025-08-15 17:35:36,606 - ExcelTemplateManager - WARNING - Could not parse date: 07/26/25
2025-08-15 17:35:36,606 - ExcelTemplateManager - WARNING - Could not parse date: 07/26/25
2025-08-15 17:35:36,606 - ExcelTemplateManager - WARNING - Could not parse date: 07/27/25
2025-08-15 17:35:36,606 - ExcelTemplateManager - WARNING - Could not parse date: 07/27/25
2025-08-15 17:35:36,606 - ExcelTemplateManager - WARNING - Could not parse date: 07/27/25
2025-08-15 17:35:36,606 - ExcelTemplateManager - WARNING - Could not parse date: 07/27/25
2025-08-15 17:35:36,606 - ExcelTemplateManager - WARNING - Could not parse date: 07/28/25
2025-08-15 17:35:36,606 - ExcelTemplateManager - WARNING - Could not parse date: 07/28/25
2025-08-15 17:35:36,606 - ExcelTemplateManager - WARNING - Could not parse date: 07/28/25
2025-08-15 17:35:36,606 - ExcelTemplateManager - WARNING - Could not parse date: 07/28/25
2025-08-15 17:35:36,606 - ExcelTemplateManager - WARNING - Could not parse date: 07/28/25
2025-08-15 17:35:36,606 - ExcelTemplateManager - WARNING - Could not parse date: 07/28/25
2025-08-15 17:35:36,607 - ExcelTemplateManager - WARNING - Could not parse date: 07/28/25
2025-08-15 17:35:36,607 - ExcelTemplateManager - WARNING - Could not parse date: 07/28/25
2025-08-15 17:35:36,607 - ExcelTemplateManager - WARNING - Could not parse date: 07/28/25
2025-08-15 17:35:36,607 - ExcelTemplateManager - WARNING - Could not parse date: 07/28/25
2025-08-15 17:35:36,607 - ExcelTemplateManager - WARNING - Could not parse date: 07/28/25
2025-08-15 17:35:36,607 - ExcelTemplateManager - WARNING - Could not parse date: 07/28/25
2025-08-15 17:35:36,607 - ExcelTemplateManager - WARNING - Could not parse date: 07/29/25
2025-08-15 17:35:36,607 - ExcelTemplateManager - WARNING - Could not parse date: 07/29/25
2025-08-15 17:35:36,607 - ExcelTemplateManager - WARNING - Could not parse date: 07/29/25
2025-08-15 17:35:36,607 - ExcelTemplateManager - WARNING - Could not parse date: 07/29/25
2025-08-15 17:35:36,607 - ExcelTemplateManager - WARNING - Could not parse date: 07/30/25
2025-08-15 17:35:36,607 - ExcelTemplateManager - WARNING - Could not parse date: 07/30/25
2025-08-15 17:35:36,607 - ExcelTemplateManager - WARNING - Could not parse date: 07/30/25
2025-08-15 17:35:36,607 - ExcelTemplateManager - WARNING - Could not parse date: 07/30/25
2025-08-15 17:35:36,607 - ExcelTemplateManager - WARNING - Could not parse date: 07/30/25
2025-08-15 17:35:36,607 - ExcelTemplateManager - WARNING - Could not parse date: 07/30/25
2025-08-15 17:35:36,607 - ExcelTemplateManager - WARNING - Could not parse date: 07/30/25
2025-08-15 17:35:36,607 - ExcelTemplateManager - WARNING - Could not parse date: 07/30/25
2025-08-15 17:35:36,607 - ExcelTemplateManager - WARNING - Could not parse date: 07/30/25
2025-08-15 17:35:36,607 - ExcelTemplateManager - WARNING - Could not parse date: 07/30/25
2025-08-15 17:35:36,607 - ExcelTemplateManager - WARNING - Could not parse date: 07/30/25
2025-08-15 17:35:36,607 - ExcelTemplateManager - WARNING - Could not parse date: 07/30/25
2025-08-15 17:35:36,608 - ExcelTemplateManager - WARNING - Could not parse date: 07/30/25
2025-08-15 17:35:36,608 - ExcelTemplateManager - WARNING - Could not parse date: 07/30/25
2025-08-15 17:35:36,608 - ExcelTemplateManager - WARNING - Could not parse date: 07/31/25
2025-08-15 17:35:36,608 - ExcelTemplateManager - WARNING - Could not parse date: 07/31/25
2025-08-15 17:35:36,608 - ExcelTemplateManager - WARNING - Could not parse date: 07/31/25
2025-08-15 17:35:36,608 - ExcelTemplateManager - WARNING - Could not parse date: 07/31/25
2025-08-15 17:35:36,608 - ExcelTemplateManager - WARNING - Could not parse date: 07/31/25
2025-08-15 17:35:36,608 - ExcelTemplateManager - WARNING - Could not parse date: 07/31/25
2025-08-15 17:35:36,608 - ExcelTemplateManager - WARNING - Could not parse date: 07/31/25
2025-08-15 17:35:36,608 - ExcelTemplateManager - WARNING - Could not parse date: 07/31/25
2025-08-15 17:35:36,610 - ExcelTemplateManager - WARNING - Could not parse date: 08/13/25
2025-08-15 17:35:36,610 - ExcelTemplateManager - WARNING - Could not parse date: 08/13/25
2025-08-15 17:35:36,610 - ExcelTemplateManager - WARNING - Could not parse date: 08/13/25
2025-08-15 17:35:36,610 - ExcelTemplateManager - WARNING - Could not parse date: 08/13/25
2025-08-15 17:35:36,611 - ExcelTemplateManager - WARNING - Could not parse date: 08/13/25
2025-08-15 17:35:36,611 - ExcelTemplateManager - WARNING - Could not parse date: 08/13/25
2025-08-15 17:35:36,611 - ExcelTemplateManager - WARNING - Could not parse date: 08/13/25
2025-08-15 17:35:36,611 - ExcelTemplateManager - WARNING - Could not parse date: 08/13/25
2025-08-15 17:35:36,611 - ExcelTemplateManager - WARNING - Could not parse date: 08/13/25
2025-08-15 17:35:36,611 - ExcelTemplateManager - WARNING - Could not parse date: 08/13/25
2025-08-15 17:35:36,611 - ExcelTemplateManager - WARNING - Could not parse date: 08/14/25
2025-08-15 17:35:36,611 - ExcelTemplateManager - WARNING - Could not parse date: 08/14/25
2025-08-15 17:35:36,611 - ExcelTemplateManager - WARNING - Could not parse date: 08/14/25
2025-08-15 17:35:36,611 - ExcelTemplateManager - WARNING - Could not parse date: 08/14/25
2025-08-15 17:35:36,611 - ExcelTemplateManager - WARNING - Could not parse date: 08/14/25
2025-08-15 17:35:36,611 - ExcelTemplateManager - WARNING - Could not parse date: 08/14/25
2025-08-15 17:35:36,611 - ExcelTemplateManager - WARNING - Could not parse date: 08/14/25
2025-08-15 17:35:36,611 - ExcelTemplateManager - WARNING - Could not parse date: 08/14/25
2025-08-15 17:35:36,611 - ExcelTemplateManager - WARNING - Could not parse date: 08/14/25
2025-08-15 17:35:36,611 - ExcelTemplateManager - WARNING - Could not parse date: 08/14/25
2025-08-15 17:35:36,613 - ExcelTemplateManager - INFO - Converted 419 rows to standard format
2025-08-15 17:35:36,613 - __main__ - INFO - Successfully parsed 419 transactions
2025-08-15 17:35:36,613 - __main__ - INFO - Classifying transactions...
2025-08-15 17:35:36,614 - TransactionClassifier - INFO - Classifying 419 transactions
2025-08-15 17:35:36,621 - TransactionClassifier - INFO - Classification Summary:
2025-08-15 17:35:36,621 - TransactionClassifier - INFO -   salary: 204 transactions (48.7%)
2025-08-15 17:35:36,621 - TransactionClassifier - INFO -   unknown: 169 transactions (40.3%)
2025-08-15 17:35:36,621 - TransactionClassifier - INFO -   fixed_deposit: 14 transactions (3.3%)
2025-08-15 17:35:36,621 - TransactionClassifier - INFO -   food: 11 transactions (2.6%)
2025-08-15 17:35:36,621 - TransactionClassifier - INFO -   phone: 4 transactions (1.0%)
2025-08-15 17:35:36,621 - TransactionClassifier - INFO -   shopping: 4 transactions (1.0%)
2025-08-15 17:35:36,621 - TransactionClassifier - INFO -   transport: 3 transactions (0.7%)
2025-08-15 17:35:36,621 - TransactionClassifier - INFO -   groceries: 3 transactions (0.7%)
2025-08-15 17:35:36,621 - TransactionClassifier - INFO -   rent: 2 transactions (0.5%)
2025-08-15 17:35:36,621 - TransactionClassifier - INFO -   refund: 2 transactions (0.5%)
2025-08-15 17:35:36,621 - TransactionClassifier - INFO -   mutual_fund: 1 transactions (0.2%)
2025-08-15 17:35:36,621 - TransactionClassifier - INFO -   atm: 1 transactions (0.2%)
2025-08-15 17:35:36,621 - TransactionClassifier - INFO -   medical: 1 transactions (0.2%)
2025-08-15 17:35:36,621 - __main__ - INFO - Saving classified transactions to: classified_transactions.csv
2025-08-15 17:35:36,622 - __main__ - INFO - Generating beancount file: transactions.beancount
2025-08-15 17:35:36,628 - TransactionClassifier - INFO - Saved 419 beancount entries to transactions.beancount
2025-08-15 17:35:36,628 - __main__ - INFO - Starting beancount-import post-processing...
2025-08-15 17:35:36,637 - __main__ - INFO - Beancount-import post-processing completed successfully!
2025-08-15 17:35:36,637 - __main__ - INFO - Enhanced transactions: beancount_import_output/enhanced_transactions.beancount
2025-08-15 17:35:36,637 - __main__ - INFO - Web interface files: beancount_import_output
2025-08-15 17:35:36,637 - __main__ - INFO - To start the web interface:
2025-08-15 17:35:36,637 - __main__ - INFO -   cd beancount_import_output
2025-08-15 17:35:36,637 - __main__ - INFO -   python web/start_web_interface.py
2025-08-15 17:35:36,637 - __main__ - INFO - 
==================================================
2025-08-15 17:35:36,637 - __main__ - INFO - TRANSACTION PROCESSING SUMMARY
2025-08-15 17:35:36,637 - __main__ - INFO - ==================================================
2025-08-15 17:35:36,638 - __main__ - INFO - Total Transactions: 419
2025-08-15 17:35:36,638 - __main__ - INFO - Credit Transactions: 419
2025-08-15 17:35:36,638 - __main__ - INFO - Debit Transactions: 419
2025-08-15 17:35:36,638 - __main__ - WARNING - Could not calculate amounts: could not convert string to float: ''
2025-08-15 17:35:36,638 - __main__ - INFO - 
Category Breakdown:
2025-08-15 17:35:36,638 - __main__ - INFO -   salary: 204 (48.7%)
2025-08-15 17:35:36,638 - __main__ - INFO -   unknown: 169 (40.3%)
2025-08-15 17:35:36,638 - __main__ - INFO -   fixed_deposit: 14 (3.3%)
2025-08-15 17:35:36,638 - __main__ - INFO -   food: 11 (2.6%)
2025-08-15 17:35:36,638 - __main__ - INFO -   phone: 4 (1.0%)
2025-08-15 17:35:36,638 - __main__ - INFO -   shopping: 4 (1.0%)
2025-08-15 17:35:36,638 - __main__ - INFO -   transport: 3 (0.7%)
2025-08-15 17:35:36,638 - __main__ - INFO -   groceries: 3 (0.7%)
2025-08-15 17:35:36,638 - __main__ - INFO -   rent: 2 (0.5%)
2025-08-15 17:35:36,638 - __main__ - INFO -   refund: 2 (0.5%)
2025-08-15 17:35:36,640 - __main__ - INFO - 
Date Range: 01-01-2025 to 08-12-2025
2025-08-15 17:35:36,640 - __main__ - INFO - ==================================================
2025-08-15 17:35:36,640 - __main__ - INFO - 
BEANCOUNT-IMPORT POST-PROCESSING:
2025-08-15 17:35:36,640 - __main__ - INFO - Enhanced transactions file: beancount_import_output/enhanced_transactions.beancount
2025-08-15 17:35:36,640 - __main__ - INFO - Output directory: beancount_import_output
2025-08-15 17:35:36,640 - __main__ - INFO - Web interface available: True
2025-08-15 17:35:36,640 - __main__ - INFO - 
To start the enhanced web interface:
2025-08-15 17:35:36,640 - __main__ - INFO -   cd beancount_import_output/web
2025-08-15 17:35:36,640 - __main__ - INFO -   python start_web_interface.py
2025-08-15 17:35:36,640 - __main__ - INFO -   Open http://localhost:8080 in your browser
2025-08-15 17:35:36,640 - __main__ - INFO - 
Enhanced features available:
2025-08-15 17:35:36,640 - __main__ - INFO -   ✓ Machine Learning-based account prediction
2025-08-15 17:35:36,640 - __main__ - INFO -   ✓ Web-based transaction review interface
2025-08-15 17:35:36,640 - __main__ - INFO -   ✓ Training system for improved classification
2025-08-15 17:35:36,640 - __main__ - INFO -   ✓ Duplicate transaction detection
2025-08-15 17:35:36,640 - __main__ - INFO -   ✓ Advanced reconciliation capabilities
2025-08-15 17:35:36,640 - __main__ - INFO - ==================================================
2025-08-15 17:35:36,640 - __main__ - INFO - Processing completed successfully!
2025-08-15 17:36:43,590 - __main__ - INFO - Parsing Excel file: OpTransactionHistory15-08-2025.xls
2025-08-15 17:36:43,591 - ExcelTemplateManager - INFO - Loaded template: ICICI Bank Statement Excel Template
2025-08-15 17:36:43,591 - ExcelTransactionParser - INFO - Parsing Excel file: OpTransactionHistory15-08-2025.xls
2025-08-15 17:36:43,600 - ExcelTransactionParser - INFO - Successfully read Excel file with xlrd engine
2025-08-15 17:36:43,600 - ExcelTransactionParser - INFO - Read 1021 rows and 9 columns
2025-08-15 17:36:43,600 - ExcelTransactionParser - INFO - Columns: ['Unnamed: 0', 'Unnamed: 1', 'Unnamed: 2', 'Unnamed: 3', 'Unnamed: 4', 'Unnamed: 5', 'Unnamed: 6', 'Unnamed: 7', 'Unnamed: 8']
2025-08-15 17:36:43,600 - ExcelTransactionParser - INFO - Using template-based parsing
2025-08-15 17:36:43,600 - ExcelTemplateManager - INFO - Parsing Excel file with template
2025-08-15 17:36:43,601 - ExcelTemplateManager - INFO - Detected header row at index 11 with 6 pattern matches
2025-08-15 17:36:43,601 - ExcelTemplateManager - INFO - Mapped date to column 3 (Unnamed: 3)
2025-08-15 17:36:43,601 - ExcelTemplateManager - INFO - Mapped value_date to column 2 (Unnamed: 2)
2025-08-15 17:36:43,601 - ExcelTemplateManager - INFO - Mapped description to column 5 (Unnamed: 5)
2025-08-15 17:36:43,601 - ExcelTemplateManager - INFO - Mapped reference to column 4 (Unnamed: 4)
2025-08-15 17:36:43,601 - ExcelTemplateManager - INFO - Mapped debit to column 6 (Unnamed: 6)
2025-08-15 17:36:43,601 - ExcelTemplateManager - INFO - Mapped credit to column 7 (Unnamed: 7)
2025-08-15 17:36:43,601 - ExcelTemplateManager - INFO - Mapped balance to column 8 (Unnamed: 8)
2025-08-15 17:36:43,601 - ExcelTemplateManager - INFO - Data starts at row 12
2025-08-15 17:36:43,602 - ExcelTemplateManager - WARNING - Could not parse date: 01/13/25
2025-08-15 17:36:43,602 - ExcelTemplateManager - WARNING - Could not parse date: 01/13/25
2025-08-15 17:36:43,602 - ExcelTemplateManager - WARNING - Could not parse date: 01/13/25
2025-08-15 17:36:43,602 - ExcelTemplateManager - WARNING - Could not parse date: 01/13/25
2025-08-15 17:36:43,603 - ExcelTemplateManager - WARNING - Could not parse date: 01/13/25
2025-08-15 17:36:43,603 - ExcelTemplateManager - WARNING - Could not parse date: 01/13/25
2025-08-15 17:36:43,603 - ExcelTemplateManager - WARNING - Could not parse date: 01/14/25
2025-08-15 17:36:43,603 - ExcelTemplateManager - WARNING - Could not parse date: 01/14/25
2025-08-15 17:36:43,603 - ExcelTemplateManager - WARNING - Could not parse date: 01/14/25
2025-08-15 17:36:43,603 - ExcelTemplateManager - WARNING - Could not parse date: 01/14/25
2025-08-15 17:36:43,603 - ExcelTemplateManager - WARNING - Could not parse date: 01/15/25
2025-08-15 17:36:43,603 - ExcelTemplateManager - WARNING - Could not parse date: 01/15/25
2025-08-15 17:36:43,603 - ExcelTemplateManager - WARNING - Could not parse date: 01/15/25
2025-08-15 17:36:43,603 - ExcelTemplateManager - WARNING - Could not parse date: 01/15/25
2025-08-15 17:36:43,603 - ExcelTemplateManager - WARNING - Could not parse date: 01/16/25
2025-08-15 17:36:43,603 - ExcelTemplateManager - WARNING - Could not parse date: 01/16/25
2025-08-15 17:36:43,603 - ExcelTemplateManager - WARNING - Could not parse date: 01/17/25
2025-08-15 17:36:43,603 - ExcelTemplateManager - WARNING - Could not parse date: 01/17/25
2025-08-15 17:36:43,603 - ExcelTemplateManager - WARNING - Could not parse date: 01/17/25
2025-08-15 17:36:43,603 - ExcelTemplateManager - WARNING - Could not parse date: 01/17/25
2025-08-15 17:36:43,603 - ExcelTemplateManager - WARNING - Could not parse date: 01/17/25
2025-08-15 17:36:43,603 - ExcelTemplateManager - WARNING - Could not parse date: 01/17/25
2025-08-15 17:36:43,603 - ExcelTemplateManager - WARNING - Could not parse date: 01/17/25
2025-08-15 17:36:43,603 - ExcelTemplateManager - WARNING - Could not parse date: 01/17/25
2025-08-15 17:36:43,604 - ExcelTemplateManager - WARNING - Could not parse date: 01/17/25
2025-08-15 17:36:43,604 - ExcelTemplateManager - WARNING - Could not parse date: 01/17/25
2025-08-15 17:36:43,604 - ExcelTemplateManager - WARNING - Could not parse date: 01/17/25
2025-08-15 17:36:43,604 - ExcelTemplateManager - WARNING - Could not parse date: 01/17/25
2025-08-15 17:36:43,604 - ExcelTemplateManager - WARNING - Could not parse date: 01/18/25
2025-08-15 17:36:43,604 - ExcelTemplateManager - WARNING - Could not parse date: 01/18/25
2025-08-15 17:36:43,604 - ExcelTemplateManager - WARNING - Could not parse date: 01/18/25
2025-08-15 17:36:43,604 - ExcelTemplateManager - WARNING - Could not parse date: 01/18/25
2025-08-15 17:36:43,604 - ExcelTemplateManager - WARNING - Could not parse date: 01/20/25
2025-08-15 17:36:43,604 - ExcelTemplateManager - WARNING - Could not parse date: 01/20/25
2025-08-15 17:36:43,604 - ExcelTemplateManager - WARNING - Could not parse date: 01/20/25
2025-08-15 17:36:43,604 - ExcelTemplateManager - WARNING - Could not parse date: 01/20/25
2025-08-15 17:36:43,604 - ExcelTemplateManager - WARNING - Could not parse date: 01/21/25
2025-08-15 17:36:43,604 - ExcelTemplateManager - WARNING - Could not parse date: 01/21/25
2025-08-15 17:36:43,604 - ExcelTemplateManager - WARNING - Could not parse date: 01/21/25
2025-08-15 17:36:43,604 - ExcelTemplateManager - WARNING - Could not parse date: 01/21/25
2025-08-15 17:36:43,604 - ExcelTemplateManager - WARNING - Could not parse date: 01/21/25
2025-08-15 17:36:43,604 - ExcelTemplateManager - WARNING - Could not parse date: 01/21/25
2025-08-15 17:36:43,604 - ExcelTemplateManager - WARNING - Could not parse date: 01/22/25
2025-08-15 17:36:43,604 - ExcelTemplateManager - WARNING - Could not parse date: 01/22/25
2025-08-15 17:36:43,605 - ExcelTemplateManager - WARNING - Could not parse date: 01/22/25
2025-08-15 17:36:43,605 - ExcelTemplateManager - WARNING - Could not parse date: 01/22/25
2025-08-15 17:36:43,605 - ExcelTemplateManager - WARNING - Could not parse date: 01/23/25
2025-08-15 17:36:43,605 - ExcelTemplateManager - WARNING - Could not parse date: 01/23/25
2025-08-15 17:36:43,605 - ExcelTemplateManager - WARNING - Could not parse date: 01/23/25
2025-08-15 17:36:43,605 - ExcelTemplateManager - WARNING - Could not parse date: 01/23/25
2025-08-15 17:36:43,605 - ExcelTemplateManager - WARNING - Could not parse date: 01/23/25
2025-08-15 17:36:43,605 - ExcelTemplateManager - WARNING - Could not parse date: 01/23/25
2025-08-15 17:36:43,605 - ExcelTemplateManager - WARNING - Could not parse date: 01/23/25
2025-08-15 17:36:43,605 - ExcelTemplateManager - WARNING - Could not parse date: 01/23/25
2025-08-15 17:36:43,605 - ExcelTemplateManager - WARNING - Could not parse date: 01/24/25
2025-08-15 17:36:43,605 - ExcelTemplateManager - WARNING - Could not parse date: 01/24/25
2025-08-15 17:36:43,605 - ExcelTemplateManager - WARNING - Could not parse date: 01/24/25
2025-08-15 17:36:43,605 - ExcelTemplateManager - WARNING - Could not parse date: 01/24/25
2025-08-15 17:36:43,605 - ExcelTemplateManager - WARNING - Could not parse date: 01/25/25
2025-08-15 17:36:43,605 - ExcelTemplateManager - WARNING - Could not parse date: 01/25/25
2025-08-15 17:36:43,605 - ExcelTemplateManager - WARNING - Could not parse date: 01/25/25
2025-08-15 17:36:43,605 - ExcelTemplateManager - WARNING - Could not parse date: 01/25/25
2025-08-15 17:36:43,605 - ExcelTemplateManager - WARNING - Could not parse date: 01/25/25
2025-08-15 17:36:43,605 - ExcelTemplateManager - WARNING - Could not parse date: 01/25/25
2025-08-15 17:36:43,605 - ExcelTemplateManager - WARNING - Could not parse date: 01/26/25
2025-08-15 17:36:43,606 - ExcelTemplateManager - WARNING - Could not parse date: 01/26/25
2025-08-15 17:36:43,606 - ExcelTemplateManager - WARNING - Could not parse date: 01/26/25
2025-08-15 17:36:43,606 - ExcelTemplateManager - WARNING - Could not parse date: 01/26/25
2025-08-15 17:36:43,606 - ExcelTemplateManager - WARNING - Could not parse date: 01/27/25
2025-08-15 17:36:43,606 - ExcelTemplateManager - WARNING - Could not parse date: 01/27/25
2025-08-15 17:36:43,606 - ExcelTemplateManager - WARNING - Could not parse date: 01/27/25
2025-08-15 17:36:43,606 - ExcelTemplateManager - WARNING - Could not parse date: 01/27/25
2025-08-15 17:36:43,606 - ExcelTemplateManager - WARNING - Could not parse date: 01/27/25
2025-08-15 17:36:43,606 - ExcelTemplateManager - WARNING - Could not parse date: 01/27/25
2025-08-15 17:36:43,606 - ExcelTemplateManager - WARNING - Could not parse date: 01/27/25
2025-08-15 17:36:43,606 - ExcelTemplateManager - WARNING - Could not parse date: 01/27/25
2025-08-15 17:36:43,606 - ExcelTemplateManager - WARNING - Could not parse date: 01/27/25
2025-08-15 17:36:43,606 - ExcelTemplateManager - WARNING - Could not parse date: 01/27/25
2025-08-15 17:36:43,606 - ExcelTemplateManager - WARNING - Could not parse date: 01/27/25
2025-08-15 17:36:43,606 - ExcelTemplateManager - WARNING - Could not parse date: 01/27/25
2025-08-15 17:36:43,606 - ExcelTemplateManager - WARNING - Could not parse date: 01/28/25
2025-08-15 17:36:43,606 - ExcelTemplateManager - WARNING - Could not parse date: 01/28/25
2025-08-15 17:36:43,606 - ExcelTemplateManager - WARNING - Could not parse date: 01/28/25
2025-08-15 17:36:43,606 - ExcelTemplateManager - WARNING - Could not parse date: 01/28/25
2025-08-15 17:36:43,606 - ExcelTemplateManager - WARNING - Could not parse date: 01/28/25
2025-08-15 17:36:43,606 - ExcelTemplateManager - WARNING - Could not parse date: 01/28/25
2025-08-15 17:36:43,607 - ExcelTemplateManager - WARNING - Could not parse date: 01/29/25
2025-08-15 17:36:43,607 - ExcelTemplateManager - WARNING - Could not parse date: 01/29/25
2025-08-15 17:36:43,607 - ExcelTemplateManager - WARNING - Could not parse date: 01/29/25
2025-08-15 17:36:43,607 - ExcelTemplateManager - WARNING - Could not parse date: 01/29/25
2025-08-15 17:36:43,607 - ExcelTemplateManager - WARNING - Could not parse date: 01/30/25
2025-08-15 17:36:43,607 - ExcelTemplateManager - WARNING - Could not parse date: 01/30/25
2025-08-15 17:36:43,607 - ExcelTemplateManager - WARNING - Could not parse date: 01/30/25
2025-08-15 17:36:43,607 - ExcelTemplateManager - WARNING - Could not parse date: 01/30/25
2025-08-15 17:36:43,607 - ExcelTemplateManager - WARNING - Could not parse date: 01/30/25
2025-08-15 17:36:43,607 - ExcelTemplateManager - WARNING - Could not parse date: 01/30/25
2025-08-15 17:36:43,607 - ExcelTemplateManager - WARNING - Could not parse date: 01/31/25
2025-08-15 17:36:43,607 - ExcelTemplateManager - WARNING - Could not parse date: 01/31/25
2025-08-15 17:36:43,607 - ExcelTemplateManager - WARNING - Could not parse date: 01/31/25
2025-08-15 17:36:43,607 - ExcelTemplateManager - WARNING - Could not parse date: 01/31/25
2025-08-15 17:36:43,607 - ExcelTemplateManager - WARNING - Could not parse date: 01/31/25
2025-08-15 17:36:43,607 - ExcelTemplateManager - WARNING - Could not parse date: 01/31/25
2025-08-15 17:36:43,607 - ExcelTemplateManager - WARNING - Could not parse date: 01/31/25
2025-08-15 17:36:43,607 - ExcelTemplateManager - WARNING - Could not parse date: 01/31/25
2025-08-15 17:36:43,609 - ExcelTemplateManager - WARNING - Could not parse date: 02/13/25
2025-08-15 17:36:43,609 - ExcelTemplateManager - WARNING - Could not parse date: 02/13/25
2025-08-15 17:36:43,609 - ExcelTemplateManager - WARNING - Could not parse date: 02/13/25
2025-08-15 17:36:43,609 - ExcelTemplateManager - WARNING - Could not parse date: 02/13/25
2025-08-15 17:36:43,609 - ExcelTemplateManager - WARNING - Could not parse date: 02/13/25
2025-08-15 17:36:43,609 - ExcelTemplateManager - WARNING - Could not parse date: 02/13/25
2025-08-15 17:36:43,610 - ExcelTemplateManager - WARNING - Could not parse date: 02/13/25
2025-08-15 17:36:43,610 - ExcelTemplateManager - WARNING - Could not parse date: 02/13/25
2025-08-15 17:36:43,610 - ExcelTemplateManager - WARNING - Could not parse date: 02/13/25
2025-08-15 17:36:43,610 - ExcelTemplateManager - WARNING - Could not parse date: 02/13/25
2025-08-15 17:36:43,610 - ExcelTemplateManager - WARNING - Could not parse date: 02/14/25
2025-08-15 17:36:43,610 - ExcelTemplateManager - WARNING - Could not parse date: 02/14/25
2025-08-15 17:36:43,610 - ExcelTemplateManager - WARNING - Could not parse date: 02/14/25
2025-08-15 17:36:43,610 - ExcelTemplateManager - WARNING - Could not parse date: 02/14/25
2025-08-15 17:36:43,610 - ExcelTemplateManager - WARNING - Could not parse date: 02/14/25
2025-08-15 17:36:43,610 - ExcelTemplateManager - WARNING - Could not parse date: 02/14/25
2025-08-15 17:36:43,610 - ExcelTemplateManager - WARNING - Could not parse date: 02/14/25
2025-08-15 17:36:43,610 - ExcelTemplateManager - WARNING - Could not parse date: 02/14/25
2025-08-15 17:36:43,610 - ExcelTemplateManager - WARNING - Could not parse date: 02/14/25
2025-08-15 17:36:43,610 - ExcelTemplateManager - WARNING - Could not parse date: 02/14/25
2025-08-15 17:36:43,610 - ExcelTemplateManager - WARNING - Could not parse date: 02/14/25
2025-08-15 17:36:43,610 - ExcelTemplateManager - WARNING - Could not parse date: 02/14/25
2025-08-15 17:36:43,610 - ExcelTemplateManager - WARNING - Could not parse date: 02/14/25
2025-08-15 17:36:43,610 - ExcelTemplateManager - WARNING - Could not parse date: 02/14/25
2025-08-15 17:36:43,610 - ExcelTemplateManager - WARNING - Could not parse date: 02/16/25
2025-08-15 17:36:43,610 - ExcelTemplateManager - WARNING - Could not parse date: 02/16/25
2025-08-15 17:36:43,611 - ExcelTemplateManager - WARNING - Could not parse date: 02/16/25
2025-08-15 17:36:43,611 - ExcelTemplateManager - WARNING - Could not parse date: 02/16/25
2025-08-15 17:36:43,611 - ExcelTemplateManager - WARNING - Could not parse date: 02/17/25
2025-08-15 17:36:43,611 - ExcelTemplateManager - WARNING - Could not parse date: 02/17/25
2025-08-15 17:36:43,611 - ExcelTemplateManager - WARNING - Could not parse date: 02/17/25
2025-08-15 17:36:43,611 - ExcelTemplateManager - WARNING - Could not parse date: 02/17/25
2025-08-15 17:36:43,611 - ExcelTemplateManager - WARNING - Could not parse date: 02/17/25
2025-08-15 17:36:43,611 - ExcelTemplateManager - WARNING - Could not parse date: 02/17/25
2025-08-15 17:36:43,611 - ExcelTemplateManager - WARNING - Could not parse date: 02/17/25
2025-08-15 17:36:43,611 - ExcelTemplateManager - WARNING - Could not parse date: 02/17/25
2025-08-15 17:36:43,611 - ExcelTemplateManager - WARNING - Could not parse date: 02/17/25
2025-08-15 17:36:43,611 - ExcelTemplateManager - WARNING - Could not parse date: 02/17/25
2025-08-15 17:36:43,611 - ExcelTemplateManager - WARNING - Could not parse date: 02/17/25
2025-08-15 17:36:43,611 - ExcelTemplateManager - WARNING - Could not parse date: 02/17/25
2025-08-15 17:36:43,611 - ExcelTemplateManager - WARNING - Could not parse date: 02/17/25
2025-08-15 17:36:43,611 - ExcelTemplateManager - WARNING - Could not parse date: 02/17/25
2025-08-15 17:36:43,611 - ExcelTemplateManager - WARNING - Could not parse date: 02/18/25
2025-08-15 17:36:43,611 - ExcelTemplateManager - WARNING - Could not parse date: 02/18/25
2025-08-15 17:36:43,611 - ExcelTemplateManager - WARNING - Could not parse date: 02/18/25
2025-08-15 17:36:43,611 - ExcelTemplateManager - WARNING - Could not parse date: 02/18/25
2025-08-15 17:36:43,611 - ExcelTemplateManager - WARNING - Could not parse date: 02/19/25
2025-08-15 17:36:43,611 - ExcelTemplateManager - WARNING - Could not parse date: 02/19/25
2025-08-15 17:36:43,612 - ExcelTemplateManager - WARNING - Could not parse date: 02/19/25
2025-08-15 17:36:43,612 - ExcelTemplateManager - WARNING - Could not parse date: 02/19/25
2025-08-15 17:36:43,612 - ExcelTemplateManager - WARNING - Could not parse date: 02/19/25
2025-08-15 17:36:43,612 - ExcelTemplateManager - WARNING - Could not parse date: 02/19/25
2025-08-15 17:36:43,612 - ExcelTemplateManager - WARNING - Could not parse date: 02/19/25
2025-08-15 17:36:43,612 - ExcelTemplateManager - WARNING - Could not parse date: 02/19/25
2025-08-15 17:36:43,612 - ExcelTemplateManager - WARNING - Could not parse date: 02/19/25
2025-08-15 17:36:43,612 - ExcelTemplateManager - WARNING - Could not parse date: 02/19/25
2025-08-15 17:36:43,612 - ExcelTemplateManager - WARNING - Could not parse date: 02/19/25
2025-08-15 17:36:43,612 - ExcelTemplateManager - WARNING - Could not parse date: 02/19/25
2025-08-15 17:36:43,612 - ExcelTemplateManager - WARNING - Could not parse date: 02/19/25
2025-08-15 17:36:43,612 - ExcelTemplateManager - WARNING - Could not parse date: 02/19/25
2025-08-15 17:36:43,612 - ExcelTemplateManager - WARNING - Could not parse date: 02/20/25
2025-08-15 17:36:43,612 - ExcelTemplateManager - WARNING - Could not parse date: 02/20/25
2025-08-15 17:36:43,612 - ExcelTemplateManager - WARNING - Could not parse date: 02/20/25
2025-08-15 17:36:43,612 - ExcelTemplateManager - WARNING - Could not parse date: 02/20/25
2025-08-15 17:36:43,612 - ExcelTemplateManager - WARNING - Could not parse date: 02/20/25
2025-08-15 17:36:43,612 - ExcelTemplateManager - WARNING - Could not parse date: 02/20/25
2025-08-15 17:36:43,612 - ExcelTemplateManager - WARNING - Could not parse date: 02/20/25
2025-08-15 17:36:43,612 - ExcelTemplateManager - WARNING - Could not parse date: 02/20/25
2025-08-15 17:36:43,612 - ExcelTemplateManager - WARNING - Could not parse date: 02/21/25
2025-08-15 17:36:43,612 - ExcelTemplateManager - WARNING - Could not parse date: 02/21/25
2025-08-15 17:36:43,612 - ExcelTemplateManager - WARNING - Could not parse date: 02/21/25
2025-08-15 17:36:43,612 - ExcelTemplateManager - WARNING - Could not parse date: 02/21/25
2025-08-15 17:36:43,612 - ExcelTemplateManager - WARNING - Could not parse date: 02/22/25
2025-08-15 17:36:43,613 - ExcelTemplateManager - WARNING - Could not parse date: 02/22/25
2025-08-15 17:36:43,613 - ExcelTemplateManager - WARNING - Could not parse date: 02/22/25
2025-08-15 17:36:43,613 - ExcelTemplateManager - WARNING - Could not parse date: 02/22/25
2025-08-15 17:36:43,613 - ExcelTemplateManager - WARNING - Could not parse date: 02/22/25
2025-08-15 17:36:43,613 - ExcelTemplateManager - WARNING - Could not parse date: 02/22/25
2025-08-15 17:36:43,613 - ExcelTemplateManager - WARNING - Could not parse date: 02/22/25
2025-08-15 17:36:43,613 - ExcelTemplateManager - WARNING - Could not parse date: 02/22/25
2025-08-15 17:36:43,613 - ExcelTemplateManager - WARNING - Could not parse date: 02/22/25
2025-08-15 17:36:43,613 - ExcelTemplateManager - WARNING - Could not parse date: 02/22/25
2025-08-15 17:36:43,613 - ExcelTemplateManager - WARNING - Could not parse date: 02/23/25
2025-08-15 17:36:43,613 - ExcelTemplateManager - WARNING - Could not parse date: 02/23/25
2025-08-15 17:36:43,613 - ExcelTemplateManager - WARNING - Could not parse date: 02/23/25
2025-08-15 17:36:43,613 - ExcelTemplateManager - WARNING - Could not parse date: 02/23/25
2025-08-15 17:36:43,613 - ExcelTemplateManager - WARNING - Could not parse date: 02/23/25
2025-08-15 17:36:43,613 - ExcelTemplateManager - WARNING - Could not parse date: 02/23/25
2025-08-15 17:36:43,613 - ExcelTemplateManager - WARNING - Could not parse date: 02/23/25
2025-08-15 17:36:43,613 - ExcelTemplateManager - WARNING - Could not parse date: 02/23/25
2025-08-15 17:36:43,613 - ExcelTemplateManager - WARNING - Could not parse date: 02/23/25
2025-08-15 17:36:43,613 - ExcelTemplateManager - WARNING - Could not parse date: 02/23/25
2025-08-15 17:36:43,613 - ExcelTemplateManager - WARNING - Could not parse date: 02/23/25
2025-08-15 17:36:43,613 - ExcelTemplateManager - WARNING - Could not parse date: 02/23/25
2025-08-15 17:36:43,613 - ExcelTemplateManager - WARNING - Could not parse date: 02/23/25
2025-08-15 17:36:43,613 - ExcelTemplateManager - WARNING - Could not parse date: 02/23/25
2025-08-15 17:36:43,613 - ExcelTemplateManager - WARNING - Could not parse date: 02/23/25
2025-08-15 17:36:43,613 - ExcelTemplateManager - WARNING - Could not parse date: 02/23/25
2025-08-15 17:36:43,614 - ExcelTemplateManager - WARNING - Could not parse date: 02/23/25
2025-08-15 17:36:43,614 - ExcelTemplateManager - WARNING - Could not parse date: 02/23/25
2025-08-15 17:36:43,614 - ExcelTemplateManager - WARNING - Could not parse date: 02/23/25
2025-08-15 17:36:43,614 - ExcelTemplateManager - WARNING - Could not parse date: 02/23/25
2025-08-15 17:36:43,614 - ExcelTemplateManager - WARNING - Could not parse date: 02/23/25
2025-08-15 17:36:43,614 - ExcelTemplateManager - WARNING - Could not parse date: 02/23/25
2025-08-15 17:36:43,614 - ExcelTemplateManager - WARNING - Could not parse date: 02/23/25
2025-08-15 17:36:43,614 - ExcelTemplateManager - WARNING - Could not parse date: 02/23/25
2025-08-15 17:36:43,614 - ExcelTemplateManager - WARNING - Could not parse date: 02/23/25
2025-08-15 17:36:43,614 - ExcelTemplateManager - WARNING - Could not parse date: 02/23/25
2025-08-15 17:36:43,614 - ExcelTemplateManager - WARNING - Could not parse date: 02/23/25
2025-08-15 17:36:43,614 - ExcelTemplateManager - WARNING - Could not parse date: 02/23/25
2025-08-15 17:36:43,614 - ExcelTemplateManager - WARNING - Could not parse date: 02/23/25
2025-08-15 17:36:43,614 - ExcelTemplateManager - WARNING - Could not parse date: 02/23/25
2025-08-15 17:36:43,614 - ExcelTemplateManager - WARNING - Could not parse date: 02/24/25
2025-08-15 17:36:43,614 - ExcelTemplateManager - WARNING - Could not parse date: 02/24/25
2025-08-15 17:36:43,614 - ExcelTemplateManager - WARNING - Could not parse date: 02/24/25
2025-08-15 17:36:43,614 - ExcelTemplateManager - WARNING - Could not parse date: 02/24/25
2025-08-15 17:36:43,614 - ExcelTemplateManager - WARNING - Could not parse date: 02/24/25
2025-08-15 17:36:43,614 - ExcelTemplateManager - WARNING - Could not parse date: 02/24/25
2025-08-15 17:36:43,614 - ExcelTemplateManager - WARNING - Could not parse date: 02/24/25
2025-08-15 17:36:43,614 - ExcelTemplateManager - WARNING - Could not parse date: 02/24/25
2025-08-15 17:36:43,614 - ExcelTemplateManager - WARNING - Could not parse date: 02/24/25
2025-08-15 17:36:43,614 - ExcelTemplateManager - WARNING - Could not parse date: 02/24/25
2025-08-15 17:36:43,615 - ExcelTemplateManager - WARNING - Could not parse date: 02/24/25
2025-08-15 17:36:43,615 - ExcelTemplateManager - WARNING - Could not parse date: 02/24/25
2025-08-15 17:36:43,615 - ExcelTemplateManager - WARNING - Could not parse date: 02/24/25
2025-08-15 17:36:43,615 - ExcelTemplateManager - WARNING - Could not parse date: 02/24/25
2025-08-15 17:36:43,615 - ExcelTemplateManager - WARNING - Could not parse date: 02/24/25
2025-08-15 17:36:43,615 - ExcelTemplateManager - WARNING - Could not parse date: 02/24/25
2025-08-15 17:36:43,615 - ExcelTemplateManager - WARNING - Could not parse date: 02/24/25
2025-08-15 17:36:43,615 - ExcelTemplateManager - WARNING - Could not parse date: 02/24/25
2025-08-15 17:36:43,615 - ExcelTemplateManager - WARNING - Could not parse date: 02/24/25
2025-08-15 17:36:43,615 - ExcelTemplateManager - WARNING - Could not parse date: 02/24/25
2025-08-15 17:36:43,615 - ExcelTemplateManager - WARNING - Could not parse date: 02/25/25
2025-08-15 17:36:43,615 - ExcelTemplateManager - WARNING - Could not parse date: 02/25/25
2025-08-15 17:36:43,615 - ExcelTemplateManager - WARNING - Could not parse date: 02/25/25
2025-08-15 17:36:43,615 - ExcelTemplateManager - WARNING - Could not parse date: 02/25/25
2025-08-15 17:36:43,615 - ExcelTemplateManager - WARNING - Could not parse date: 02/25/25
2025-08-15 17:36:43,615 - ExcelTemplateManager - WARNING - Could not parse date: 02/25/25
2025-08-15 17:36:43,615 - ExcelTemplateManager - WARNING - Could not parse date: 02/25/25
2025-08-15 17:36:43,615 - ExcelTemplateManager - WARNING - Could not parse date: 02/25/25
2025-08-15 17:36:43,615 - ExcelTemplateManager - WARNING - Could not parse date: 02/25/25
2025-08-15 17:36:43,615 - ExcelTemplateManager - WARNING - Could not parse date: 02/25/25
2025-08-15 17:36:43,615 - ExcelTemplateManager - WARNING - Could not parse date: 02/26/25
2025-08-15 17:36:43,615 - ExcelTemplateManager - WARNING - Could not parse date: 02/26/25
2025-08-15 17:36:43,615 - ExcelTemplateManager - WARNING - Could not parse date: 02/26/25
2025-08-15 17:36:43,616 - ExcelTemplateManager - WARNING - Could not parse date: 02/26/25
2025-08-15 17:36:43,616 - ExcelTemplateManager - WARNING - Could not parse date: 02/26/25
2025-08-15 17:36:43,616 - ExcelTemplateManager - WARNING - Could not parse date: 02/26/25
2025-08-15 17:36:43,616 - ExcelTemplateManager - WARNING - Could not parse date: 02/26/25
2025-08-15 17:36:43,616 - ExcelTemplateManager - WARNING - Could not parse date: 02/26/25
2025-08-15 17:36:43,616 - ExcelTemplateManager - WARNING - Could not parse date: 02/26/25
2025-08-15 17:36:43,616 - ExcelTemplateManager - WARNING - Could not parse date: 02/26/25
2025-08-15 17:36:43,616 - ExcelTemplateManager - WARNING - Could not parse date: 02/26/25
2025-08-15 17:36:43,616 - ExcelTemplateManager - WARNING - Could not parse date: 02/26/25
2025-08-15 17:36:43,616 - ExcelTemplateManager - WARNING - Could not parse date: 02/27/25
2025-08-15 17:36:43,616 - ExcelTemplateManager - WARNING - Could not parse date: 02/27/25
2025-08-15 17:36:43,616 - ExcelTemplateManager - WARNING - Could not parse date: 02/27/25
2025-08-15 17:36:43,616 - ExcelTemplateManager - WARNING - Could not parse date: 02/27/25
2025-08-15 17:36:43,616 - ExcelTemplateManager - WARNING - Could not parse date: 02/27/25
2025-08-15 17:36:43,616 - ExcelTemplateManager - WARNING - Could not parse date: 02/27/25
2025-08-15 17:36:43,616 - ExcelTemplateManager - WARNING - Could not parse date: 02/27/25
2025-08-15 17:36:43,616 - ExcelTemplateManager - WARNING - Could not parse date: 02/27/25
2025-08-15 17:36:43,616 - ExcelTemplateManager - WARNING - Could not parse date: 02/27/25
2025-08-15 17:36:43,616 - ExcelTemplateManager - WARNING - Could not parse date: 02/27/25
2025-08-15 17:36:43,616 - ExcelTemplateManager - WARNING - Could not parse date: 02/27/25
2025-08-15 17:36:43,616 - ExcelTemplateManager - WARNING - Could not parse date: 02/27/25
2025-08-15 17:36:43,616 - ExcelTemplateManager - WARNING - Could not parse date: 02/27/25
2025-08-15 17:36:43,616 - ExcelTemplateManager - WARNING - Could not parse date: 02/27/25
2025-08-15 17:36:43,616 - ExcelTemplateManager - WARNING - Could not parse date: 02/27/25
2025-08-15 17:36:43,616 - ExcelTemplateManager - WARNING - Could not parse date: 02/27/25
2025-08-15 17:36:43,617 - ExcelTemplateManager - WARNING - Could not parse date: 02/28/25
2025-08-15 17:36:43,617 - ExcelTemplateManager - WARNING - Could not parse date: 02/28/25
2025-08-15 17:36:43,617 - ExcelTemplateManager - WARNING - Could not parse date: 02/28/25
2025-08-15 17:36:43,617 - ExcelTemplateManager - WARNING - Could not parse date: 02/28/25
2025-08-15 17:36:43,617 - ExcelTemplateManager - WARNING - Could not parse date: 02/28/25
2025-08-15 17:36:43,617 - ExcelTemplateManager - WARNING - Could not parse date: 02/28/25
2025-08-15 17:36:43,617 - ExcelTemplateManager - WARNING - Could not parse date: 02/28/25
2025-08-15 17:36:43,617 - ExcelTemplateManager - WARNING - Could not parse date: 02/28/25
2025-08-15 17:36:43,617 - ExcelTemplateManager - WARNING - Could not parse date: 02/28/25
2025-08-15 17:36:43,617 - ExcelTemplateManager - WARNING - Could not parse date: 02/28/25
2025-08-15 17:36:43,617 - ExcelTemplateManager - WARNING - Could not parse date: 02/28/25
2025-08-15 17:36:43,617 - ExcelTemplateManager - WARNING - Could not parse date: 02/28/25
2025-08-15 17:36:43,621 - ExcelTemplateManager - WARNING - Could not parse date: 03/13/25
2025-08-15 17:36:43,621 - ExcelTemplateManager - WARNING - Could not parse date: 03/13/25
2025-08-15 17:36:43,621 - ExcelTemplateManager - WARNING - Could not parse date: 03/13/25
2025-08-15 17:36:43,621 - ExcelTemplateManager - WARNING - Could not parse date: 03/13/25
2025-08-15 17:36:43,621 - ExcelTemplateManager - WARNING - Could not parse date: 03/13/25
2025-08-15 17:36:43,621 - ExcelTemplateManager - WARNING - Could not parse date: 03/13/25
2025-08-15 17:36:43,621 - ExcelTemplateManager - WARNING - Could not parse date: 03/14/25
2025-08-15 17:36:43,621 - ExcelTemplateManager - WARNING - Could not parse date: 03/14/25
2025-08-15 17:36:43,621 - ExcelTemplateManager - WARNING - Could not parse date: 03/15/25
2025-08-15 17:36:43,621 - ExcelTemplateManager - WARNING - Could not parse date: 03/15/25
2025-08-15 17:36:43,621 - ExcelTemplateManager - WARNING - Could not parse date: 03/15/25
2025-08-15 17:36:43,622 - ExcelTemplateManager - WARNING - Could not parse date: 03/15/25
2025-08-15 17:36:43,622 - ExcelTemplateManager - WARNING - Could not parse date: 03/16/25
2025-08-15 17:36:43,622 - ExcelTemplateManager - WARNING - Could not parse date: 03/16/25
2025-08-15 17:36:43,622 - ExcelTemplateManager - WARNING - Could not parse date: 03/16/25
2025-08-15 17:36:43,622 - ExcelTemplateManager - WARNING - Could not parse date: 03/16/25
2025-08-15 17:36:43,622 - ExcelTemplateManager - WARNING - Could not parse date: 03/16/25
2025-08-15 17:36:43,622 - ExcelTemplateManager - WARNING - Could not parse date: 03/16/25
2025-08-15 17:36:43,622 - ExcelTemplateManager - WARNING - Could not parse date: 03/16/25
2025-08-15 17:36:43,622 - ExcelTemplateManager - WARNING - Could not parse date: 03/16/25
2025-08-15 17:36:43,622 - ExcelTemplateManager - WARNING - Could not parse date: 03/16/25
2025-08-15 17:36:43,622 - ExcelTemplateManager - WARNING - Could not parse date: 03/16/25
2025-08-15 17:36:43,622 - ExcelTemplateManager - WARNING - Could not parse date: 03/16/25
2025-08-15 17:36:43,622 - ExcelTemplateManager - WARNING - Could not parse date: 03/16/25
2025-08-15 17:36:43,622 - ExcelTemplateManager - WARNING - Could not parse date: 03/16/25
2025-08-15 17:36:43,622 - ExcelTemplateManager - WARNING - Could not parse date: 03/16/25
2025-08-15 17:36:43,622 - ExcelTemplateManager - WARNING - Could not parse date: 03/17/25
2025-08-15 17:36:43,622 - ExcelTemplateManager - WARNING - Could not parse date: 03/17/25
2025-08-15 17:36:43,622 - ExcelTemplateManager - WARNING - Could not parse date: 03/17/25
2025-08-15 17:36:43,622 - ExcelTemplateManager - WARNING - Could not parse date: 03/17/25
2025-08-15 17:36:43,623 - ExcelTemplateManager - WARNING - Could not parse date: 03/17/25
2025-08-15 17:36:43,623 - ExcelTemplateManager - WARNING - Could not parse date: 03/17/25
2025-08-15 17:36:43,623 - ExcelTemplateManager - WARNING - Could not parse date: 03/17/25
2025-08-15 17:36:43,623 - ExcelTemplateManager - WARNING - Could not parse date: 03/17/25
2025-08-15 17:36:43,623 - ExcelTemplateManager - WARNING - Could not parse date: 03/18/25
2025-08-15 17:36:43,623 - ExcelTemplateManager - WARNING - Could not parse date: 03/18/25
2025-08-15 17:36:43,623 - ExcelTemplateManager - WARNING - Could not parse date: 03/19/25
2025-08-15 17:36:43,623 - ExcelTemplateManager - WARNING - Could not parse date: 03/19/25
2025-08-15 17:36:43,623 - ExcelTemplateManager - WARNING - Could not parse date: 03/19/25
2025-08-15 17:36:43,623 - ExcelTemplateManager - WARNING - Could not parse date: 03/19/25
2025-08-15 17:36:43,623 - ExcelTemplateManager - WARNING - Could not parse date: 03/19/25
2025-08-15 17:36:43,623 - ExcelTemplateManager - WARNING - Could not parse date: 03/19/25
2025-08-15 17:36:43,623 - ExcelTemplateManager - WARNING - Could not parse date: 03/19/25
2025-08-15 17:36:43,623 - ExcelTemplateManager - WARNING - Could not parse date: 03/19/25
2025-08-15 17:36:43,623 - ExcelTemplateManager - WARNING - Could not parse date: 03/19/25
2025-08-15 17:36:43,623 - ExcelTemplateManager - WARNING - Could not parse date: 03/19/25
2025-08-15 17:36:43,623 - ExcelTemplateManager - WARNING - Could not parse date: 03/19/25
2025-08-15 17:36:43,623 - ExcelTemplateManager - WARNING - Could not parse date: 03/19/25
2025-08-15 17:36:43,623 - ExcelTemplateManager - WARNING - Could not parse date: 03/19/25
2025-08-15 17:36:43,624 - ExcelTemplateManager - WARNING - Could not parse date: 03/19/25
2025-08-15 17:36:43,624 - ExcelTemplateManager - WARNING - Could not parse date: 03/19/25
2025-08-15 17:36:43,624 - ExcelTemplateManager - WARNING - Could not parse date: 03/19/25
2025-08-15 17:36:43,624 - ExcelTemplateManager - WARNING - Could not parse date: 03/19/25
2025-08-15 17:36:43,624 - ExcelTemplateManager - WARNING - Could not parse date: 03/19/25
2025-08-15 17:36:43,624 - ExcelTemplateManager - WARNING - Could not parse date: 03/19/25
2025-08-15 17:36:43,624 - ExcelTemplateManager - WARNING - Could not parse date: 03/19/25
2025-08-15 17:36:43,624 - ExcelTemplateManager - WARNING - Could not parse date: 03/20/25
2025-08-15 17:36:43,624 - ExcelTemplateManager - WARNING - Could not parse date: 03/20/25
2025-08-15 17:36:43,624 - ExcelTemplateManager - WARNING - Could not parse date: 03/20/25
2025-08-15 17:36:43,624 - ExcelTemplateManager - WARNING - Could not parse date: 03/20/25
2025-08-15 17:36:43,624 - ExcelTemplateManager - WARNING - Could not parse date: 03/20/25
2025-08-15 17:36:43,624 - ExcelTemplateManager - WARNING - Could not parse date: 03/20/25
2025-08-15 17:36:43,624 - ExcelTemplateManager - WARNING - Could not parse date: 03/20/25
2025-08-15 17:36:43,624 - ExcelTemplateManager - WARNING - Could not parse date: 03/20/25
2025-08-15 17:36:43,624 - ExcelTemplateManager - WARNING - Could not parse date: 03/20/25
2025-08-15 17:36:43,624 - ExcelTemplateManager - WARNING - Could not parse date: 03/20/25
2025-08-15 17:36:43,624 - ExcelTemplateManager - WARNING - Could not parse date: 03/20/25
2025-08-15 17:36:43,624 - ExcelTemplateManager - WARNING - Could not parse date: 03/20/25
2025-08-15 17:36:43,625 - ExcelTemplateManager - WARNING - Could not parse date: 03/21/25
2025-08-15 17:36:43,625 - ExcelTemplateManager - WARNING - Could not parse date: 03/21/25
2025-08-15 17:36:43,625 - ExcelTemplateManager - WARNING - Could not parse date: 03/21/25
2025-08-15 17:36:43,625 - ExcelTemplateManager - WARNING - Could not parse date: 03/21/25
2025-08-15 17:36:43,625 - ExcelTemplateManager - WARNING - Could not parse date: 03/21/25
2025-08-15 17:36:43,625 - ExcelTemplateManager - WARNING - Could not parse date: 03/21/25
2025-08-15 17:36:43,625 - ExcelTemplateManager - WARNING - Could not parse date: 03/21/25
2025-08-15 17:36:43,625 - ExcelTemplateManager - WARNING - Could not parse date: 03/21/25
2025-08-15 17:36:43,625 - ExcelTemplateManager - WARNING - Could not parse date: 03/21/25
2025-08-15 17:36:43,625 - ExcelTemplateManager - WARNING - Could not parse date: 03/21/25
2025-08-15 17:36:43,625 - ExcelTemplateManager - WARNING - Could not parse date: 03/22/25
2025-08-15 17:36:43,625 - ExcelTemplateManager - WARNING - Could not parse date: 03/22/25
2025-08-15 17:36:43,625 - ExcelTemplateManager - WARNING - Could not parse date: 03/22/25
2025-08-15 17:36:43,625 - ExcelTemplateManager - WARNING - Could not parse date: 03/22/25
2025-08-15 17:36:43,625 - ExcelTemplateManager - WARNING - Could not parse date: 03/22/25
2025-08-15 17:36:43,625 - ExcelTemplateManager - WARNING - Could not parse date: 03/22/25
2025-08-15 17:36:43,625 - ExcelTemplateManager - WARNING - Could not parse date: 03/22/25
2025-08-15 17:36:43,625 - ExcelTemplateManager - WARNING - Could not parse date: 03/22/25
2025-08-15 17:36:43,626 - ExcelTemplateManager - WARNING - Could not parse date: 03/22/25
2025-08-15 17:36:43,626 - ExcelTemplateManager - WARNING - Could not parse date: 03/22/25
2025-08-15 17:36:43,626 - ExcelTemplateManager - WARNING - Could not parse date: 03/22/25
2025-08-15 17:36:43,626 - ExcelTemplateManager - WARNING - Could not parse date: 03/22/25
2025-08-15 17:36:43,626 - ExcelTemplateManager - WARNING - Could not parse date: 03/22/25
2025-08-15 17:36:43,626 - ExcelTemplateManager - WARNING - Could not parse date: 03/22/25
2025-08-15 17:36:43,626 - ExcelTemplateManager - WARNING - Could not parse date: 03/22/25
2025-08-15 17:36:43,626 - ExcelTemplateManager - WARNING - Could not parse date: 03/22/25
2025-08-15 17:36:43,626 - ExcelTemplateManager - WARNING - Could not parse date: 03/22/25
2025-08-15 17:36:43,626 - ExcelTemplateManager - WARNING - Could not parse date: 03/22/25
2025-08-15 17:36:43,626 - ExcelTemplateManager - WARNING - Could not parse date: 03/22/25
2025-08-15 17:36:43,626 - ExcelTemplateManager - WARNING - Could not parse date: 03/22/25
2025-08-15 17:36:43,626 - ExcelTemplateManager - WARNING - Could not parse date: 03/22/25
2025-08-15 17:36:43,626 - ExcelTemplateManager - WARNING - Could not parse date: 03/22/25
2025-08-15 17:36:43,627 - ExcelTemplateManager - WARNING - Could not parse date: 03/22/25
2025-08-15 17:36:43,627 - ExcelTemplateManager - WARNING - Could not parse date: 03/22/25
2025-08-15 17:36:43,627 - ExcelTemplateManager - WARNING - Could not parse date: 03/22/25
2025-08-15 17:36:43,627 - ExcelTemplateManager - WARNING - Could not parse date: 03/22/25
2025-08-15 17:36:43,627 - ExcelTemplateManager - WARNING - Could not parse date: 03/23/25
2025-08-15 17:36:43,627 - ExcelTemplateManager - WARNING - Could not parse date: 03/23/25
2025-08-15 17:36:43,627 - ExcelTemplateManager - WARNING - Could not parse date: 03/23/25
2025-08-15 17:36:43,627 - ExcelTemplateManager - WARNING - Could not parse date: 03/23/25
2025-08-15 17:36:43,627 - ExcelTemplateManager - WARNING - Could not parse date: 03/23/25
2025-08-15 17:36:43,627 - ExcelTemplateManager - WARNING - Could not parse date: 03/23/25
2025-08-15 17:36:43,627 - ExcelTemplateManager - WARNING - Could not parse date: 03/23/25
2025-08-15 17:36:43,627 - ExcelTemplateManager - WARNING - Could not parse date: 03/23/25
2025-08-15 17:36:43,627 - ExcelTemplateManager - WARNING - Could not parse date: 03/23/25
2025-08-15 17:36:43,627 - ExcelTemplateManager - WARNING - Could not parse date: 03/23/25
2025-08-15 17:36:43,627 - ExcelTemplateManager - WARNING - Could not parse date: 03/23/25
2025-08-15 17:36:43,627 - ExcelTemplateManager - WARNING - Could not parse date: 03/23/25
2025-08-15 17:36:43,627 - ExcelTemplateManager - WARNING - Could not parse date: 03/23/25
2025-08-15 17:36:43,627 - ExcelTemplateManager - WARNING - Could not parse date: 03/23/25
2025-08-15 17:36:43,628 - ExcelTemplateManager - WARNING - Could not parse date: 03/23/25
2025-08-15 17:36:43,628 - ExcelTemplateManager - WARNING - Could not parse date: 03/23/25
2025-08-15 17:36:43,628 - ExcelTemplateManager - WARNING - Could not parse date: 03/23/25
2025-08-15 17:36:43,628 - ExcelTemplateManager - WARNING - Could not parse date: 03/23/25
2025-08-15 17:36:43,628 - ExcelTemplateManager - WARNING - Could not parse date: 03/24/25
2025-08-15 17:36:43,628 - ExcelTemplateManager - WARNING - Could not parse date: 03/24/25
2025-08-15 17:36:43,628 - ExcelTemplateManager - WARNING - Could not parse date: 03/24/25
2025-08-15 17:36:43,628 - ExcelTemplateManager - WARNING - Could not parse date: 03/24/25
2025-08-15 17:36:43,628 - ExcelTemplateManager - WARNING - Could not parse date: 03/24/25
2025-08-15 17:36:43,628 - ExcelTemplateManager - WARNING - Could not parse date: 03/24/25
2025-08-15 17:36:43,628 - ExcelTemplateManager - WARNING - Could not parse date: 03/24/25
2025-08-15 17:36:43,628 - ExcelTemplateManager - WARNING - Could not parse date: 03/24/25
2025-08-15 17:36:43,628 - ExcelTemplateManager - WARNING - Could not parse date: 03/25/25
2025-08-15 17:36:43,628 - ExcelTemplateManager - WARNING - Could not parse date: 03/25/25
2025-08-15 17:36:43,628 - ExcelTemplateManager - WARNING - Could not parse date: 03/25/25
2025-08-15 17:36:43,628 - ExcelTemplateManager - WARNING - Could not parse date: 03/25/25
2025-08-15 17:36:43,628 - ExcelTemplateManager - WARNING - Could not parse date: 03/25/25
2025-08-15 17:36:43,628 - ExcelTemplateManager - WARNING - Could not parse date: 03/25/25
2025-08-15 17:36:43,628 - ExcelTemplateManager - WARNING - Could not parse date: 03/25/25
2025-08-15 17:36:43,629 - ExcelTemplateManager - WARNING - Could not parse date: 03/25/25
2025-08-15 17:36:43,629 - ExcelTemplateManager - WARNING - Could not parse date: 03/25/25
2025-08-15 17:36:43,629 - ExcelTemplateManager - WARNING - Could not parse date: 03/25/25
2025-08-15 17:36:43,629 - ExcelTemplateManager - WARNING - Could not parse date: 03/25/25
2025-08-15 17:36:43,629 - ExcelTemplateManager - WARNING - Could not parse date: 03/25/25
2025-08-15 17:36:43,629 - ExcelTemplateManager - WARNING - Could not parse date: 03/26/25
2025-08-15 17:36:43,629 - ExcelTemplateManager - WARNING - Could not parse date: 03/26/25
2025-08-15 17:36:43,629 - ExcelTemplateManager - WARNING - Could not parse date: 03/26/25
2025-08-15 17:36:43,629 - ExcelTemplateManager - WARNING - Could not parse date: 03/26/25
2025-08-15 17:36:43,629 - ExcelTemplateManager - WARNING - Could not parse date: 03/26/25
2025-08-15 17:36:43,629 - ExcelTemplateManager - WARNING - Could not parse date: 03/26/25
2025-08-15 17:36:43,629 - ExcelTemplateManager - WARNING - Could not parse date: 03/26/25
2025-08-15 17:36:43,629 - ExcelTemplateManager - WARNING - Could not parse date: 03/26/25
2025-08-15 17:36:43,629 - ExcelTemplateManager - WARNING - Could not parse date: 03/26/25
2025-08-15 17:36:43,629 - ExcelTemplateManager - WARNING - Could not parse date: 03/26/25
2025-08-15 17:36:43,629 - ExcelTemplateManager - WARNING - Could not parse date: 03/26/25
2025-08-15 17:36:43,629 - ExcelTemplateManager - WARNING - Could not parse date: 03/26/25
2025-08-15 17:36:43,629 - ExcelTemplateManager - WARNING - Could not parse date: 03/27/25
2025-08-15 17:36:43,629 - ExcelTemplateManager - WARNING - Could not parse date: 03/27/25
2025-08-15 17:36:43,630 - ExcelTemplateManager - WARNING - Could not parse date: 03/27/25
2025-08-15 17:36:43,630 - ExcelTemplateManager - WARNING - Could not parse date: 03/27/25
2025-08-15 17:36:43,630 - ExcelTemplateManager - WARNING - Could not parse date: 03/27/25
2025-08-15 17:36:43,630 - ExcelTemplateManager - WARNING - Could not parse date: 03/27/25
2025-08-15 17:36:43,630 - ExcelTemplateManager - WARNING - Could not parse date: 03/27/25
2025-08-15 17:36:43,630 - ExcelTemplateManager - WARNING - Could not parse date: 03/27/25
2025-08-15 17:36:43,630 - ExcelTemplateManager - WARNING - Could not parse date: 03/27/25
2025-08-15 17:36:43,630 - ExcelTemplateManager - WARNING - Could not parse date: 03/27/25
2025-08-15 17:36:43,630 - ExcelTemplateManager - WARNING - Could not parse date: 03/27/25
2025-08-15 17:36:43,630 - ExcelTemplateManager - WARNING - Could not parse date: 03/27/25
2025-08-15 17:36:43,630 - ExcelTemplateManager - WARNING - Could not parse date: 03/27/25
2025-08-15 17:36:43,630 - ExcelTemplateManager - WARNING - Could not parse date: 03/27/25
2025-08-15 17:36:43,630 - ExcelTemplateManager - WARNING - Could not parse date: 03/27/25
2025-08-15 17:36:43,630 - ExcelTemplateManager - WARNING - Could not parse date: 03/27/25
2025-08-15 17:36:43,630 - ExcelTemplateManager - WARNING - Could not parse date: 03/27/25
2025-08-15 17:36:43,630 - ExcelTemplateManager - WARNING - Could not parse date: 03/27/25
2025-08-15 17:36:43,630 - ExcelTemplateManager - WARNING - Could not parse date: 03/27/25
2025-08-15 17:36:43,630 - ExcelTemplateManager - WARNING - Could not parse date: 03/27/25
2025-08-15 17:36:43,630 - ExcelTemplateManager - WARNING - Could not parse date: 03/28/25
2025-08-15 17:36:43,631 - ExcelTemplateManager - WARNING - Could not parse date: 03/28/25
2025-08-15 17:36:43,631 - ExcelTemplateManager - WARNING - Could not parse date: 03/28/25
2025-08-15 17:36:43,631 - ExcelTemplateManager - WARNING - Could not parse date: 03/28/25
2025-08-15 17:36:43,631 - ExcelTemplateManager - WARNING - Could not parse date: 03/28/25
2025-08-15 17:36:43,631 - ExcelTemplateManager - WARNING - Could not parse date: 03/28/25
2025-08-15 17:36:43,631 - ExcelTemplateManager - WARNING - Could not parse date: 03/28/25
2025-08-15 17:36:43,631 - ExcelTemplateManager - WARNING - Could not parse date: 03/28/25
2025-08-15 17:36:43,631 - ExcelTemplateManager - WARNING - Could not parse date: 03/28/25
2025-08-15 17:36:43,631 - ExcelTemplateManager - WARNING - Could not parse date: 03/28/25
2025-08-15 17:36:43,631 - ExcelTemplateManager - WARNING - Could not parse date: 03/28/25
2025-08-15 17:36:43,631 - ExcelTemplateManager - WARNING - Could not parse date: 03/28/25
2025-08-15 17:36:43,631 - ExcelTemplateManager - WARNING - Could not parse date: 03/28/25
2025-08-15 17:36:43,631 - ExcelTemplateManager - WARNING - Could not parse date: 03/28/25
2025-08-15 17:36:43,631 - ExcelTemplateManager - WARNING - Could not parse date: 03/28/25
2025-08-15 17:36:43,631 - ExcelTemplateManager - WARNING - Could not parse date: 03/28/25
2025-08-15 17:36:43,631 - ExcelTemplateManager - WARNING - Could not parse date: 03/28/25
2025-08-15 17:36:43,631 - ExcelTemplateManager - WARNING - Could not parse date: 03/28/25
2025-08-15 17:36:43,631 - ExcelTemplateManager - WARNING - Could not parse date: 03/28/25
2025-08-15 17:36:43,631 - ExcelTemplateManager - WARNING - Could not parse date: 03/28/25
2025-08-15 17:36:43,632 - ExcelTemplateManager - WARNING - Could not parse date: 03/28/25
2025-08-15 17:36:43,632 - ExcelTemplateManager - WARNING - Could not parse date: 03/28/25
2025-08-15 17:36:43,632 - ExcelTemplateManager - WARNING - Could not parse date: 03/29/25
2025-08-15 17:36:43,632 - ExcelTemplateManager - WARNING - Could not parse date: 03/28/25
2025-08-15 17:36:43,632 - ExcelTemplateManager - WARNING - Could not parse date: 03/29/25
2025-08-15 17:36:43,632 - ExcelTemplateManager - WARNING - Could not parse date: 03/29/25
2025-08-15 17:36:43,632 - ExcelTemplateManager - WARNING - Could not parse date: 03/29/25
2025-08-15 17:36:43,632 - ExcelTemplateManager - WARNING - Could not parse date: 03/29/25
2025-08-15 17:36:43,632 - ExcelTemplateManager - WARNING - Could not parse date: 03/29/25
2025-08-15 17:36:43,632 - ExcelTemplateManager - WARNING - Could not parse date: 03/29/25
2025-08-15 17:36:43,632 - ExcelTemplateManager - WARNING - Could not parse date: 03/29/25
2025-08-15 17:36:43,632 - ExcelTemplateManager - WARNING - Could not parse date: 03/29/25
2025-08-15 17:36:43,632 - ExcelTemplateManager - WARNING - Could not parse date: 03/29/25
2025-08-15 17:36:43,632 - ExcelTemplateManager - WARNING - Could not parse date: 03/29/25
2025-08-15 17:36:43,632 - ExcelTemplateManager - WARNING - Could not parse date: 03/30/25
2025-08-15 17:36:43,632 - ExcelTemplateManager - WARNING - Could not parse date: 03/30/25
2025-08-15 17:36:43,632 - ExcelTemplateManager - WARNING - Could not parse date: 03/30/25
2025-08-15 17:36:43,632 - ExcelTemplateManager - WARNING - Could not parse date: 03/30/25
2025-08-15 17:36:43,632 - ExcelTemplateManager - WARNING - Could not parse date: 03/30/25
2025-08-15 17:36:43,632 - ExcelTemplateManager - WARNING - Could not parse date: 03/30/25
2025-08-15 17:36:43,633 - ExcelTemplateManager - WARNING - Could not parse date: 03/30/25
2025-08-15 17:36:43,633 - ExcelTemplateManager - WARNING - Could not parse date: 03/30/25
2025-08-15 17:36:43,633 - ExcelTemplateManager - WARNING - Could not parse date: 03/31/25
2025-08-15 17:36:43,633 - ExcelTemplateManager - WARNING - Could not parse date: 03/31/25
2025-08-15 17:36:43,633 - ExcelTemplateManager - WARNING - Could not parse date: 03/31/25
2025-08-15 17:36:43,633 - ExcelTemplateManager - WARNING - Could not parse date: 03/31/25
2025-08-15 17:36:43,633 - ExcelTemplateManager - WARNING - Could not parse date: 03/31/25
2025-08-15 17:36:43,633 - ExcelTemplateManager - WARNING - Could not parse date: 03/31/25
2025-08-15 17:36:43,633 - ExcelTemplateManager - WARNING - Could not parse date: 03/31/25
2025-08-15 17:36:43,633 - ExcelTemplateManager - WARNING - Could not parse date: 03/31/25
2025-08-15 17:36:43,637 - ExcelTemplateManager - WARNING - Could not parse date: 04/14/25
2025-08-15 17:36:43,637 - ExcelTemplateManager - WARNING - Could not parse date: 04/14/25
2025-08-15 17:36:43,637 - ExcelTemplateManager - WARNING - Could not parse date: 04/14/25
2025-08-15 17:36:43,637 - ExcelTemplateManager - WARNING - Could not parse date: 04/14/25
2025-08-15 17:36:43,637 - ExcelTemplateManager - WARNING - Could not parse date: 04/14/25
2025-08-15 17:36:43,637 - ExcelTemplateManager - WARNING - Could not parse date: 04/14/25
2025-08-15 17:36:43,637 - ExcelTemplateManager - WARNING - Could not parse date: 04/15/25
2025-08-15 17:36:43,637 - ExcelTemplateManager - WARNING - Could not parse date: 04/15/25
2025-08-15 17:36:43,637 - ExcelTemplateManager - WARNING - Could not parse date: 04/15/25
2025-08-15 17:36:43,637 - ExcelTemplateManager - WARNING - Could not parse date: 04/15/25
2025-08-15 17:36:43,637 - ExcelTemplateManager - WARNING - Could not parse date: 04/15/25
2025-08-15 17:36:43,637 - ExcelTemplateManager - WARNING - Could not parse date: 04/15/25
2025-08-15 17:36:43,637 - ExcelTemplateManager - WARNING - Could not parse date: 04/16/25
2025-08-15 17:36:43,637 - ExcelTemplateManager - WARNING - Could not parse date: 04/16/25
2025-08-15 17:36:43,638 - ExcelTemplateManager - WARNING - Could not parse date: 04/16/25
2025-08-15 17:36:43,638 - ExcelTemplateManager - WARNING - Could not parse date: 04/16/25
2025-08-15 17:36:43,638 - ExcelTemplateManager - WARNING - Could not parse date: 04/16/25
2025-08-15 17:36:43,638 - ExcelTemplateManager - WARNING - Could not parse date: 04/16/25
2025-08-15 17:36:43,638 - ExcelTemplateManager - WARNING - Could not parse date: 04/16/25
2025-08-15 17:36:43,638 - ExcelTemplateManager - WARNING - Could not parse date: 04/16/25
2025-08-15 17:36:43,638 - ExcelTemplateManager - WARNING - Could not parse date: 04/16/25
2025-08-15 17:36:43,638 - ExcelTemplateManager - WARNING - Could not parse date: 04/16/25
2025-08-15 17:36:43,638 - ExcelTemplateManager - WARNING - Could not parse date: 04/16/25
2025-08-15 17:36:43,638 - ExcelTemplateManager - WARNING - Could not parse date: 04/16/25
2025-08-15 17:36:43,638 - ExcelTemplateManager - WARNING - Could not parse date: 04/17/25
2025-08-15 17:36:43,638 - ExcelTemplateManager - WARNING - Could not parse date: 04/17/25
2025-08-15 17:36:43,638 - ExcelTemplateManager - WARNING - Could not parse date: 04/18/25
2025-08-15 17:36:43,638 - ExcelTemplateManager - WARNING - Could not parse date: 04/18/25
2025-08-15 17:36:43,638 - ExcelTemplateManager - WARNING - Could not parse date: 04/18/25
2025-08-15 17:36:43,638 - ExcelTemplateManager - WARNING - Could not parse date: 04/18/25
2025-08-15 17:36:43,638 - ExcelTemplateManager - WARNING - Could not parse date: 04/18/25
2025-08-15 17:36:43,638 - ExcelTemplateManager - WARNING - Could not parse date: 04/18/25
2025-08-15 17:36:43,638 - ExcelTemplateManager - WARNING - Could not parse date: 04/18/25
2025-08-15 17:36:43,639 - ExcelTemplateManager - WARNING - Could not parse date: 04/18/25
2025-08-15 17:36:43,639 - ExcelTemplateManager - WARNING - Could not parse date: 04/18/25
2025-08-15 17:36:43,639 - ExcelTemplateManager - WARNING - Could not parse date: 04/18/25
2025-08-15 17:36:43,639 - ExcelTemplateManager - WARNING - Could not parse date: 04/19/25
2025-08-15 17:36:43,639 - ExcelTemplateManager - WARNING - Could not parse date: 04/19/25
2025-08-15 17:36:43,639 - ExcelTemplateManager - WARNING - Could not parse date: 04/19/25
2025-08-15 17:36:43,639 - ExcelTemplateManager - WARNING - Could not parse date: 04/19/25
2025-08-15 17:36:43,639 - ExcelTemplateManager - WARNING - Could not parse date: 04/20/25
2025-08-15 17:36:43,639 - ExcelTemplateManager - WARNING - Could not parse date: 04/20/25
2025-08-15 17:36:43,639 - ExcelTemplateManager - WARNING - Could not parse date: 04/20/25
2025-08-15 17:36:43,639 - ExcelTemplateManager - WARNING - Could not parse date: 04/20/25
2025-08-15 17:36:43,639 - ExcelTemplateManager - WARNING - Could not parse date: 04/20/25
2025-08-15 17:36:43,639 - ExcelTemplateManager - WARNING - Could not parse date: 04/20/25
2025-08-15 17:36:43,639 - ExcelTemplateManager - WARNING - Could not parse date: 04/20/25
2025-08-15 17:36:43,639 - ExcelTemplateManager - WARNING - Could not parse date: 04/20/25
2025-08-15 17:36:43,639 - ExcelTemplateManager - WARNING - Could not parse date: 04/20/25
2025-08-15 17:36:43,639 - ExcelTemplateManager - WARNING - Could not parse date: 04/20/25
2025-08-15 17:36:43,639 - ExcelTemplateManager - WARNING - Could not parse date: 04/20/25
2025-08-15 17:36:43,640 - ExcelTemplateManager - WARNING - Could not parse date: 04/20/25
2025-08-15 17:36:43,640 - ExcelTemplateManager - WARNING - Could not parse date: 04/20/25
2025-08-15 17:36:43,640 - ExcelTemplateManager - WARNING - Could not parse date: 04/20/25
2025-08-15 17:36:43,640 - ExcelTemplateManager - WARNING - Could not parse date: 04/20/25
2025-08-15 17:36:43,640 - ExcelTemplateManager - WARNING - Could not parse date: 04/20/25
2025-08-15 17:36:43,640 - ExcelTemplateManager - WARNING - Could not parse date: 04/20/25
2025-08-15 17:36:43,640 - ExcelTemplateManager - WARNING - Could not parse date: 04/20/25
2025-08-15 17:36:43,640 - ExcelTemplateManager - WARNING - Could not parse date: 04/21/25
2025-08-15 17:36:43,640 - ExcelTemplateManager - WARNING - Could not parse date: 04/21/25
2025-08-15 17:36:43,640 - ExcelTemplateManager - WARNING - Could not parse date: 04/21/25
2025-08-15 17:36:43,640 - ExcelTemplateManager - WARNING - Could not parse date: 04/21/25
2025-08-15 17:36:43,640 - ExcelTemplateManager - WARNING - Could not parse date: 04/21/25
2025-08-15 17:36:43,640 - ExcelTemplateManager - WARNING - Could not parse date: 04/21/25
2025-08-15 17:36:43,640 - ExcelTemplateManager - WARNING - Could not parse date: 04/21/25
2025-08-15 17:36:43,640 - ExcelTemplateManager - WARNING - Could not parse date: 04/21/25
2025-08-15 17:36:43,640 - ExcelTemplateManager - WARNING - Could not parse date: 04/21/25
2025-08-15 17:36:43,640 - ExcelTemplateManager - WARNING - Could not parse date: 04/21/25
2025-08-15 17:36:43,640 - ExcelTemplateManager - WARNING - Could not parse date: 04/21/25
2025-08-15 17:36:43,640 - ExcelTemplateManager - WARNING - Could not parse date: 04/21/25
2025-08-15 17:36:43,640 - ExcelTemplateManager - WARNING - Could not parse date: 04/21/25
2025-08-15 17:36:43,640 - ExcelTemplateManager - WARNING - Could not parse date: 04/21/25
2025-08-15 17:36:43,641 - ExcelTemplateManager - WARNING - Could not parse date: 04/22/25
2025-08-15 17:36:43,641 - ExcelTemplateManager - WARNING - Could not parse date: 04/22/25
2025-08-15 17:36:43,641 - ExcelTemplateManager - WARNING - Could not parse date: 04/22/25
2025-08-15 17:36:43,641 - ExcelTemplateManager - WARNING - Could not parse date: 04/22/25
2025-08-15 17:36:43,641 - ExcelTemplateManager - WARNING - Could not parse date: 04/22/25
2025-08-15 17:36:43,641 - ExcelTemplateManager - WARNING - Could not parse date: 04/22/25
2025-08-15 17:36:43,641 - ExcelTemplateManager - WARNING - Could not parse date: 04/23/25
2025-08-15 17:36:43,641 - ExcelTemplateManager - WARNING - Could not parse date: 04/23/25
2025-08-15 17:36:43,641 - ExcelTemplateManager - WARNING - Could not parse date: 04/23/25
2025-08-15 17:36:43,641 - ExcelTemplateManager - WARNING - Could not parse date: 04/23/25
2025-08-15 17:36:43,641 - ExcelTemplateManager - WARNING - Could not parse date: 04/23/25
2025-08-15 17:36:43,641 - ExcelTemplateManager - WARNING - Could not parse date: 04/23/25
2025-08-15 17:36:43,641 - ExcelTemplateManager - WARNING - Could not parse date: 04/23/25
2025-08-15 17:36:43,641 - ExcelTemplateManager - WARNING - Could not parse date: 04/23/25
2025-08-15 17:36:43,641 - ExcelTemplateManager - WARNING - Could not parse date: 04/23/25
2025-08-15 17:36:43,641 - ExcelTemplateManager - WARNING - Could not parse date: 04/23/25
2025-08-15 17:36:43,641 - ExcelTemplateManager - WARNING - Could not parse date: 04/23/25
2025-08-15 17:36:43,641 - ExcelTemplateManager - WARNING - Could not parse date: 04/23/25
2025-08-15 17:36:43,641 - ExcelTemplateManager - WARNING - Could not parse date: 04/23/25
2025-08-15 17:36:43,642 - ExcelTemplateManager - WARNING - Could not parse date: 04/23/25
2025-08-15 17:36:43,642 - ExcelTemplateManager - WARNING - Could not parse date: 04/23/25
2025-08-15 17:36:43,642 - ExcelTemplateManager - WARNING - Could not parse date: 04/23/25
2025-08-15 17:36:43,642 - ExcelTemplateManager - WARNING - Could not parse date: 04/23/25
2025-08-15 17:36:43,642 - ExcelTemplateManager - WARNING - Could not parse date: 04/23/25
2025-08-15 17:36:43,642 - ExcelTemplateManager - WARNING - Could not parse date: 04/23/25
2025-08-15 17:36:43,642 - ExcelTemplateManager - WARNING - Could not parse date: 04/23/25
2025-08-15 17:36:43,642 - ExcelTemplateManager - WARNING - Could not parse date: 04/24/25
2025-08-15 17:36:43,642 - ExcelTemplateManager - WARNING - Could not parse date: 04/24/25
2025-08-15 17:36:43,642 - ExcelTemplateManager - WARNING - Could not parse date: 04/24/25
2025-08-15 17:36:43,642 - ExcelTemplateManager - WARNING - Could not parse date: 04/24/25
2025-08-15 17:36:43,642 - ExcelTemplateManager - WARNING - Could not parse date: 04/24/25
2025-08-15 17:36:43,642 - ExcelTemplateManager - WARNING - Could not parse date: 04/24/25
2025-08-15 17:36:43,642 - ExcelTemplateManager - WARNING - Could not parse date: 04/24/25
2025-08-15 17:36:43,642 - ExcelTemplateManager - WARNING - Could not parse date: 04/24/25
2025-08-15 17:36:43,642 - ExcelTemplateManager - WARNING - Could not parse date: 04/24/25
2025-08-15 17:36:43,642 - ExcelTemplateManager - WARNING - Could not parse date: 04/24/25
2025-08-15 17:36:43,643 - ExcelTemplateManager - WARNING - Could not parse date: 04/24/25
2025-08-15 17:36:43,643 - ExcelTemplateManager - WARNING - Could not parse date: 04/24/25
2025-08-15 17:36:43,643 - ExcelTemplateManager - WARNING - Could not parse date: 04/24/25
2025-08-15 17:36:43,643 - ExcelTemplateManager - WARNING - Could not parse date: 04/24/25
2025-08-15 17:36:43,643 - ExcelTemplateManager - WARNING - Could not parse date: 04/24/25
2025-08-15 17:36:43,643 - ExcelTemplateManager - WARNING - Could not parse date: 04/24/25
2025-08-15 17:36:43,643 - ExcelTemplateManager - WARNING - Could not parse date: 04/24/25
2025-08-15 17:36:43,643 - ExcelTemplateManager - WARNING - Could not parse date: 04/24/25
2025-08-15 17:36:43,643 - ExcelTemplateManager - WARNING - Could not parse date: 04/24/25
2025-08-15 17:36:43,643 - ExcelTemplateManager - WARNING - Could not parse date: 04/24/25
2025-08-15 17:36:43,643 - ExcelTemplateManager - WARNING - Could not parse date: 04/25/25
2025-08-15 17:36:43,643 - ExcelTemplateManager - WARNING - Could not parse date: 04/25/25
2025-08-15 17:36:43,643 - ExcelTemplateManager - WARNING - Could not parse date: 04/25/25
2025-08-15 17:36:43,643 - ExcelTemplateManager - WARNING - Could not parse date: 04/25/25
2025-08-15 17:36:43,643 - ExcelTemplateManager - WARNING - Could not parse date: 04/26/25
2025-08-15 17:36:43,643 - ExcelTemplateManager - WARNING - Could not parse date: 04/26/25
2025-08-15 17:36:43,643 - ExcelTemplateManager - WARNING - Could not parse date: 04/26/25
2025-08-15 17:36:43,643 - ExcelTemplateManager - WARNING - Could not parse date: 04/26/25
2025-08-15 17:36:43,643 - ExcelTemplateManager - WARNING - Could not parse date: 04/26/25
2025-08-15 17:36:43,644 - ExcelTemplateManager - WARNING - Could not parse date: 04/26/25
2025-08-15 17:36:43,644 - ExcelTemplateManager - WARNING - Could not parse date: 04/26/25
2025-08-15 17:36:43,644 - ExcelTemplateManager - WARNING - Could not parse date: 04/26/25
2025-08-15 17:36:43,644 - ExcelTemplateManager - WARNING - Could not parse date: 04/26/25
2025-08-15 17:36:43,644 - ExcelTemplateManager - WARNING - Could not parse date: 04/26/25
2025-08-15 17:36:43,644 - ExcelTemplateManager - WARNING - Could not parse date: 04/26/25
2025-08-15 17:36:43,644 - ExcelTemplateManager - WARNING - Could not parse date: 04/26/25
2025-08-15 17:36:43,644 - ExcelTemplateManager - WARNING - Could not parse date: 04/26/25
2025-08-15 17:36:43,644 - ExcelTemplateManager - WARNING - Could not parse date: 04/26/25
2025-08-15 17:36:43,644 - ExcelTemplateManager - WARNING - Could not parse date: 04/26/25
2025-08-15 17:36:43,644 - ExcelTemplateManager - WARNING - Could not parse date: 04/26/25
2025-08-15 17:36:43,644 - ExcelTemplateManager - WARNING - Could not parse date: 04/26/25
2025-08-15 17:36:43,644 - ExcelTemplateManager - WARNING - Could not parse date: 04/26/25
2025-08-15 17:36:43,644 - ExcelTemplateManager - WARNING - Could not parse date: 04/26/25
2025-08-15 17:36:43,644 - ExcelTemplateManager - WARNING - Could not parse date: 04/26/25
2025-08-15 17:36:43,644 - ExcelTemplateManager - WARNING - Could not parse date: 04/27/25
2025-08-15 17:36:43,644 - ExcelTemplateManager - WARNING - Could not parse date: 04/27/25
2025-08-15 17:36:43,644 - ExcelTemplateManager - WARNING - Could not parse date: 04/27/25
2025-08-15 17:36:43,644 - ExcelTemplateManager - WARNING - Could not parse date: 04/27/25
2025-08-15 17:36:43,644 - ExcelTemplateManager - WARNING - Could not parse date: 04/27/25
2025-08-15 17:36:43,645 - ExcelTemplateManager - WARNING - Could not parse date: 04/27/25
2025-08-15 17:36:43,645 - ExcelTemplateManager - WARNING - Could not parse date: 04/28/25
2025-08-15 17:36:43,645 - ExcelTemplateManager - WARNING - Could not parse date: 04/28/25
2025-08-15 17:36:43,645 - ExcelTemplateManager - WARNING - Could not parse date: 04/28/25
2025-08-15 17:36:43,645 - ExcelTemplateManager - WARNING - Could not parse date: 04/28/25
2025-08-15 17:36:43,645 - ExcelTemplateManager - WARNING - Could not parse date: 04/28/25
2025-08-15 17:36:43,645 - ExcelTemplateManager - WARNING - Could not parse date: 04/28/25
2025-08-15 17:36:43,645 - ExcelTemplateManager - WARNING - Could not parse date: 04/28/25
2025-08-15 17:36:43,645 - ExcelTemplateManager - WARNING - Could not parse date: 04/28/25
2025-08-15 17:36:43,645 - ExcelTemplateManager - WARNING - Could not parse date: 04/28/25
2025-08-15 17:36:43,645 - ExcelTemplateManager - WARNING - Could not parse date: 04/28/25
2025-08-15 17:36:43,645 - ExcelTemplateManager - WARNING - Could not parse date: 04/28/25
2025-08-15 17:36:43,645 - ExcelTemplateManager - WARNING - Could not parse date: 04/28/25
2025-08-15 17:36:43,645 - ExcelTemplateManager - WARNING - Could not parse date: 04/28/25
2025-08-15 17:36:43,645 - ExcelTemplateManager - WARNING - Could not parse date: 04/28/25
2025-08-15 17:36:43,645 - ExcelTemplateManager - WARNING - Could not parse date: 04/28/25
2025-08-15 17:36:43,645 - ExcelTemplateManager - WARNING - Could not parse date: 04/28/25
2025-08-15 17:36:43,645 - ExcelTemplateManager - WARNING - Could not parse date: 04/29/25
2025-08-15 17:36:43,645 - ExcelTemplateManager - WARNING - Could not parse date: 04/29/25
2025-08-15 17:36:43,646 - ExcelTemplateManager - WARNING - Could not parse date: 04/29/25
2025-08-15 17:36:43,646 - ExcelTemplateManager - WARNING - Could not parse date: 04/29/25
2025-08-15 17:36:43,646 - ExcelTemplateManager - WARNING - Could not parse date: 04/29/25
2025-08-15 17:36:43,646 - ExcelTemplateManager - WARNING - Could not parse date: 04/29/25
2025-08-15 17:36:43,646 - ExcelTemplateManager - WARNING - Could not parse date: 04/29/25
2025-08-15 17:36:43,646 - ExcelTemplateManager - WARNING - Could not parse date: 04/29/25
2025-08-15 17:36:43,646 - ExcelTemplateManager - WARNING - Could not parse date: 04/29/25
2025-08-15 17:36:43,646 - ExcelTemplateManager - WARNING - Could not parse date: 04/29/25
2025-08-15 17:36:43,646 - ExcelTemplateManager - WARNING - Could not parse date: 04/29/25
2025-08-15 17:36:43,646 - ExcelTemplateManager - WARNING - Could not parse date: 04/29/25
2025-08-15 17:36:43,646 - ExcelTemplateManager - WARNING - Could not parse date: 04/29/25
2025-08-15 17:36:43,646 - ExcelTemplateManager - WARNING - Could not parse date: 04/29/25
2025-08-15 17:36:43,646 - ExcelTemplateManager - WARNING - Could not parse date: 04/29/25
2025-08-15 17:36:43,646 - ExcelTemplateManager - WARNING - Could not parse date: 04/29/25
2025-08-15 17:36:43,646 - ExcelTemplateManager - WARNING - Could not parse date: 04/30/25
2025-08-15 17:36:43,646 - ExcelTemplateManager - WARNING - Could not parse date: 04/30/25
2025-08-15 17:36:43,646 - ExcelTemplateManager - WARNING - Could not parse date: 04/30/25
2025-08-15 17:36:43,646 - ExcelTemplateManager - WARNING - Could not parse date: 04/30/25
2025-08-15 17:36:43,646 - ExcelTemplateManager - WARNING - Could not parse date: 04/30/25
2025-08-15 17:36:43,646 - ExcelTemplateManager - WARNING - Could not parse date: 04/30/25
2025-08-15 17:36:43,646 - ExcelTemplateManager - WARNING - Could not parse date: 04/30/25
2025-08-15 17:36:43,646 - ExcelTemplateManager - WARNING - Could not parse date: 04/30/25
2025-08-15 17:36:43,647 - ExcelTemplateManager - WARNING - Could not parse date: 04/30/25
2025-08-15 17:36:43,647 - ExcelTemplateManager - WARNING - Could not parse date: 04/30/25
2025-08-15 17:36:43,647 - ExcelTemplateManager - WARNING - Could not parse date: 04/30/25
2025-08-15 17:36:43,647 - ExcelTemplateManager - WARNING - Could not parse date: 04/30/25
2025-08-15 17:36:43,647 - ExcelTemplateManager - WARNING - Could not parse date: 04/30/25
2025-08-15 17:36:43,647 - ExcelTemplateManager - WARNING - Could not parse date: 04/30/25
2025-08-15 17:36:43,647 - ExcelTemplateManager - WARNING - Could not parse date: 04/30/25
2025-08-15 17:36:43,647 - ExcelTemplateManager - WARNING - Could not parse date: 04/30/25
2025-08-15 17:36:43,647 - ExcelTemplateManager - WARNING - Could not parse date: 04/30/25
2025-08-15 17:36:43,647 - ExcelTemplateManager - WARNING - Could not parse date: 04/30/25
2025-08-15 17:36:43,650 - ExcelTemplateManager - WARNING - Could not parse date: 05/14/25
2025-08-15 17:36:43,651 - ExcelTemplateManager - WARNING - Could not parse date: 05/14/25
2025-08-15 17:36:43,651 - ExcelTemplateManager - WARNING - Could not parse date: 05/14/25
2025-08-15 17:36:43,651 - ExcelTemplateManager - WARNING - Could not parse date: 05/14/25
2025-08-15 17:36:43,651 - ExcelTemplateManager - WARNING - Could not parse date: 05/14/25
2025-08-15 17:36:43,651 - ExcelTemplateManager - WARNING - Could not parse date: 05/14/25
2025-08-15 17:36:43,651 - ExcelTemplateManager - WARNING - Could not parse date: 05/14/25
2025-08-15 17:36:43,651 - ExcelTemplateManager - WARNING - Could not parse date: 05/14/25
2025-08-15 17:36:43,651 - ExcelTemplateManager - WARNING - Could not parse date: 05/14/25
2025-08-15 17:36:43,651 - ExcelTemplateManager - WARNING - Could not parse date: 05/14/25
2025-08-15 17:36:43,651 - ExcelTemplateManager - WARNING - Could not parse date: 05/15/25
2025-08-15 17:36:43,651 - ExcelTemplateManager - WARNING - Could not parse date: 05/15/25
2025-08-15 17:36:43,651 - ExcelTemplateManager - WARNING - Could not parse date: 05/15/25
2025-08-15 17:36:43,651 - ExcelTemplateManager - WARNING - Could not parse date: 05/15/25
2025-08-15 17:36:43,651 - ExcelTemplateManager - WARNING - Could not parse date: 05/15/25
2025-08-15 17:36:43,651 - ExcelTemplateManager - WARNING - Could not parse date: 05/15/25
2025-08-15 17:36:43,651 - ExcelTemplateManager - WARNING - Could not parse date: 05/15/25
2025-08-15 17:36:43,651 - ExcelTemplateManager - WARNING - Could not parse date: 05/15/25
2025-08-15 17:36:43,651 - ExcelTemplateManager - WARNING - Could not parse date: 05/15/25
2025-08-15 17:36:43,651 - ExcelTemplateManager - WARNING - Could not parse date: 05/15/25
2025-08-15 17:36:43,651 - ExcelTemplateManager - WARNING - Could not parse date: 05/15/25
2025-08-15 17:36:43,651 - ExcelTemplateManager - WARNING - Could not parse date: 05/15/25
2025-08-15 17:36:43,651 - ExcelTemplateManager - WARNING - Could not parse date: 05/15/25
2025-08-15 17:36:43,651 - ExcelTemplateManager - WARNING - Could not parse date: 05/15/25
2025-08-15 17:36:43,652 - ExcelTemplateManager - WARNING - Could not parse date: 05/15/25
2025-08-15 17:36:43,652 - ExcelTemplateManager - WARNING - Could not parse date: 05/15/25
2025-08-15 17:36:43,652 - ExcelTemplateManager - WARNING - Could not parse date: 05/15/25
2025-08-15 17:36:43,652 - ExcelTemplateManager - WARNING - Could not parse date: 05/15/25
2025-08-15 17:36:43,652 - ExcelTemplateManager - WARNING - Could not parse date: 05/17/25
2025-08-15 17:36:43,652 - ExcelTemplateManager - WARNING - Could not parse date: 05/17/25
2025-08-15 17:36:43,652 - ExcelTemplateManager - WARNING - Could not parse date: 05/17/25
2025-08-15 17:36:43,652 - ExcelTemplateManager - WARNING - Could not parse date: 05/17/25
2025-08-15 17:36:43,652 - ExcelTemplateManager - WARNING - Could not parse date: 05/17/25
2025-08-15 17:36:43,652 - ExcelTemplateManager - WARNING - Could not parse date: 05/17/25
2025-08-15 17:36:43,652 - ExcelTemplateManager - WARNING - Could not parse date: 05/17/25
2025-08-15 17:36:43,652 - ExcelTemplateManager - WARNING - Could not parse date: 05/17/25
2025-08-15 17:36:43,652 - ExcelTemplateManager - WARNING - Could not parse date: 05/17/25
2025-08-15 17:36:43,652 - ExcelTemplateManager - WARNING - Could not parse date: 05/17/25
2025-08-15 17:36:43,652 - ExcelTemplateManager - WARNING - Could not parse date: 05/17/25
2025-08-15 17:36:43,652 - ExcelTemplateManager - WARNING - Could not parse date: 05/17/25
2025-08-15 17:36:43,652 - ExcelTemplateManager - WARNING - Could not parse date: 05/18/25
2025-08-15 17:36:43,652 - ExcelTemplateManager - WARNING - Could not parse date: 05/18/25
2025-08-15 17:36:43,652 - ExcelTemplateManager - WARNING - Could not parse date: 05/19/25
2025-08-15 17:36:43,653 - ExcelTemplateManager - WARNING - Could not parse date: 05/19/25
2025-08-15 17:36:43,653 - ExcelTemplateManager - WARNING - Could not parse date: 05/19/25
2025-08-15 17:36:43,653 - ExcelTemplateManager - WARNING - Could not parse date: 05/19/25
2025-08-15 17:36:43,653 - ExcelTemplateManager - WARNING - Could not parse date: 05/19/25
2025-08-15 17:36:43,653 - ExcelTemplateManager - WARNING - Could not parse date: 05/19/25
2025-08-15 17:36:43,653 - ExcelTemplateManager - WARNING - Could not parse date: 05/19/25
2025-08-15 17:36:43,653 - ExcelTemplateManager - WARNING - Could not parse date: 05/19/25
2025-08-15 17:36:43,653 - ExcelTemplateManager - WARNING - Could not parse date: 05/20/25
2025-08-15 17:36:43,653 - ExcelTemplateManager - WARNING - Could not parse date: 05/20/25
2025-08-15 17:36:43,653 - ExcelTemplateManager - WARNING - Could not parse date: 05/20/25
2025-08-15 17:36:43,653 - ExcelTemplateManager - WARNING - Could not parse date: 05/20/25
2025-08-15 17:36:43,653 - ExcelTemplateManager - WARNING - Could not parse date: 05/20/25
2025-08-15 17:36:43,653 - ExcelTemplateManager - WARNING - Could not parse date: 05/20/25
2025-08-15 17:36:43,653 - ExcelTemplateManager - WARNING - Could not parse date: 05/20/25
2025-08-15 17:36:43,653 - ExcelTemplateManager - WARNING - Could not parse date: 05/20/25
2025-08-15 17:36:43,653 - ExcelTemplateManager - WARNING - Could not parse date: 05/20/25
2025-08-15 17:36:43,653 - ExcelTemplateManager - WARNING - Could not parse date: 05/20/25
2025-08-15 17:36:43,653 - ExcelTemplateManager - WARNING - Could not parse date: 05/20/25
2025-08-15 17:36:43,653 - ExcelTemplateManager - WARNING - Could not parse date: 05/20/25
2025-08-15 17:36:43,653 - ExcelTemplateManager - WARNING - Could not parse date: 05/20/25
2025-08-15 17:36:43,653 - ExcelTemplateManager - WARNING - Could not parse date: 05/20/25
2025-08-15 17:36:43,654 - ExcelTemplateManager - WARNING - Could not parse date: 05/22/25
2025-08-15 17:36:43,654 - ExcelTemplateManager - WARNING - Could not parse date: 05/22/25
2025-08-15 17:36:43,654 - ExcelTemplateManager - WARNING - Could not parse date: 05/22/25
2025-08-15 17:36:43,654 - ExcelTemplateManager - WARNING - Could not parse date: 05/22/25
2025-08-15 17:36:43,654 - ExcelTemplateManager - WARNING - Could not parse date: 05/22/25
2025-08-15 17:36:43,654 - ExcelTemplateManager - WARNING - Could not parse date: 05/22/25
2025-08-15 17:36:43,654 - ExcelTemplateManager - WARNING - Could not parse date: 05/22/25
2025-08-15 17:36:43,654 - ExcelTemplateManager - WARNING - Could not parse date: 05/22/25
2025-08-15 17:36:43,654 - ExcelTemplateManager - WARNING - Could not parse date: 05/22/25
2025-08-15 17:36:43,654 - ExcelTemplateManager - WARNING - Could not parse date: 05/22/25
2025-08-15 17:36:43,654 - ExcelTemplateManager - WARNING - Could not parse date: 05/23/25
2025-08-15 17:36:43,654 - ExcelTemplateManager - WARNING - Could not parse date: 05/23/25
2025-08-15 17:36:43,654 - ExcelTemplateManager - WARNING - Could not parse date: 05/23/25
2025-08-15 17:36:43,654 - ExcelTemplateManager - WARNING - Could not parse date: 05/23/25
2025-08-15 17:36:43,654 - ExcelTemplateManager - WARNING - Could not parse date: 05/24/25
2025-08-15 17:36:43,654 - ExcelTemplateManager - WARNING - Could not parse date: 05/24/25
2025-08-15 17:36:43,654 - ExcelTemplateManager - WARNING - Could not parse date: 05/24/25
2025-08-15 17:36:43,654 - ExcelTemplateManager - WARNING - Could not parse date: 05/24/25
2025-08-15 17:36:43,654 - ExcelTemplateManager - WARNING - Could not parse date: 05/24/25
2025-08-15 17:36:43,655 - ExcelTemplateManager - WARNING - Could not parse date: 05/24/25
2025-08-15 17:36:43,655 - ExcelTemplateManager - WARNING - Could not parse date: 05/24/25
2025-08-15 17:36:43,655 - ExcelTemplateManager - WARNING - Could not parse date: 05/24/25
2025-08-15 17:36:43,655 - ExcelTemplateManager - WARNING - Could not parse date: 05/24/25
2025-08-15 17:36:43,655 - ExcelTemplateManager - WARNING - Could not parse date: 05/24/25
2025-08-15 17:36:43,655 - ExcelTemplateManager - WARNING - Could not parse date: 05/24/25
2025-08-15 17:36:43,655 - ExcelTemplateManager - WARNING - Could not parse date: 05/24/25
2025-08-15 17:36:43,655 - ExcelTemplateManager - WARNING - Could not parse date: 05/25/25
2025-08-15 17:36:43,655 - ExcelTemplateManager - WARNING - Could not parse date: 05/25/25
2025-08-15 17:36:43,655 - ExcelTemplateManager - WARNING - Could not parse date: 05/25/25
2025-08-15 17:36:43,655 - ExcelTemplateManager - WARNING - Could not parse date: 05/25/25
2025-08-15 17:36:43,655 - ExcelTemplateManager - WARNING - Could not parse date: 05/25/25
2025-08-15 17:36:43,655 - ExcelTemplateManager - WARNING - Could not parse date: 05/25/25
2025-08-15 17:36:43,655 - ExcelTemplateManager - WARNING - Could not parse date: 05/25/25
2025-08-15 17:36:43,655 - ExcelTemplateManager - WARNING - Could not parse date: 05/25/25
2025-08-15 17:36:43,655 - ExcelTemplateManager - WARNING - Could not parse date: 05/25/25
2025-08-15 17:36:43,655 - ExcelTemplateManager - WARNING - Could not parse date: 05/25/25
2025-08-15 17:36:43,655 - ExcelTemplateManager - WARNING - Could not parse date: 05/25/25
2025-08-15 17:36:43,655 - ExcelTemplateManager - WARNING - Could not parse date: 05/25/25
2025-08-15 17:36:43,655 - ExcelTemplateManager - WARNING - Could not parse date: 05/26/25
2025-08-15 17:36:43,656 - ExcelTemplateManager - WARNING - Could not parse date: 05/26/25
2025-08-15 17:36:43,656 - ExcelTemplateManager - WARNING - Could not parse date: 05/26/25
2025-08-15 17:36:43,656 - ExcelTemplateManager - WARNING - Could not parse date: 05/26/25
2025-08-15 17:36:43,656 - ExcelTemplateManager - WARNING - Could not parse date: 05/26/25
2025-08-15 17:36:43,656 - ExcelTemplateManager - WARNING - Could not parse date: 05/26/25
2025-08-15 17:36:43,656 - ExcelTemplateManager - WARNING - Could not parse date: 05/26/25
2025-08-15 17:36:43,656 - ExcelTemplateManager - WARNING - Could not parse date: 05/26/25
2025-08-15 17:36:43,656 - ExcelTemplateManager - WARNING - Could not parse date: 05/26/25
2025-08-15 17:36:43,656 - ExcelTemplateManager - WARNING - Could not parse date: 05/26/25
2025-08-15 17:36:43,656 - ExcelTemplateManager - WARNING - Could not parse date: 05/26/25
2025-08-15 17:36:43,656 - ExcelTemplateManager - WARNING - Could not parse date: 05/26/25
2025-08-15 17:36:43,656 - ExcelTemplateManager - WARNING - Could not parse date: 05/26/25
2025-08-15 17:36:43,656 - ExcelTemplateManager - WARNING - Could not parse date: 05/26/25
2025-08-15 17:36:43,656 - ExcelTemplateManager - WARNING - Could not parse date: 05/26/25
2025-08-15 17:36:43,656 - ExcelTemplateManager - WARNING - Could not parse date: 05/26/25
2025-08-15 17:36:43,656 - ExcelTemplateManager - WARNING - Could not parse date: 05/28/25
2025-08-15 17:36:43,656 - ExcelTemplateManager - WARNING - Could not parse date: 05/28/25
2025-08-15 17:36:43,656 - ExcelTemplateManager - WARNING - Could not parse date: 05/28/25
2025-08-15 17:36:43,656 - ExcelTemplateManager - WARNING - Could not parse date: 05/28/25
2025-08-15 17:36:43,656 - ExcelTemplateManager - WARNING - Could not parse date: 05/28/25
2025-08-15 17:36:43,656 - ExcelTemplateManager - WARNING - Could not parse date: 05/28/25
2025-08-15 17:36:43,656 - ExcelTemplateManager - WARNING - Could not parse date: 05/28/25
2025-08-15 17:36:43,656 - ExcelTemplateManager - WARNING - Could not parse date: 05/28/25
2025-08-15 17:36:43,657 - ExcelTemplateManager - WARNING - Could not parse date: 05/28/25
2025-08-15 17:36:43,657 - ExcelTemplateManager - WARNING - Could not parse date: 05/28/25
2025-08-15 17:36:43,657 - ExcelTemplateManager - WARNING - Could not parse date: 05/28/25
2025-08-15 17:36:43,657 - ExcelTemplateManager - WARNING - Could not parse date: 05/28/25
2025-08-15 17:36:43,657 - ExcelTemplateManager - WARNING - Could not parse date: 05/30/25
2025-08-15 17:36:43,657 - ExcelTemplateManager - WARNING - Could not parse date: 05/30/25
2025-08-15 17:36:43,658 - ExcelTemplateManager - WARNING - Could not parse date: 06/13/25
2025-08-15 17:36:43,658 - ExcelTemplateManager - WARNING - Could not parse date: 06/13/25
2025-08-15 17:36:43,658 - ExcelTemplateManager - WARNING - Could not parse date: 06/14/25
2025-08-15 17:36:43,658 - ExcelTemplateManager - WARNING - Could not parse date: 06/14/25
2025-08-15 17:36:43,658 - ExcelTemplateManager - WARNING - Could not parse date: 06/15/25
2025-08-15 17:36:43,658 - ExcelTemplateManager - WARNING - Could not parse date: 06/15/25
2025-08-15 17:36:43,659 - ExcelTemplateManager - WARNING - Could not parse date: 06/16/25
2025-08-15 17:36:43,659 - ExcelTemplateManager - WARNING - Could not parse date: 06/16/25
2025-08-15 17:36:43,659 - ExcelTemplateManager - WARNING - Could not parse date: 06/16/25
2025-08-15 17:36:43,659 - ExcelTemplateManager - WARNING - Could not parse date: 06/16/25
2025-08-15 17:36:43,659 - ExcelTemplateManager - WARNING - Could not parse date: 06/17/25
2025-08-15 17:36:43,659 - ExcelTemplateManager - WARNING - Could not parse date: 06/17/25
2025-08-15 17:36:43,659 - ExcelTemplateManager - WARNING - Could not parse date: 06/17/25
2025-08-15 17:36:43,659 - ExcelTemplateManager - WARNING - Could not parse date: 06/17/25
2025-08-15 17:36:43,659 - ExcelTemplateManager - WARNING - Could not parse date: 06/17/25
2025-08-15 17:36:43,659 - ExcelTemplateManager - WARNING - Could not parse date: 06/17/25
2025-08-15 17:36:43,659 - ExcelTemplateManager - WARNING - Could not parse date: 06/18/25
2025-08-15 17:36:43,659 - ExcelTemplateManager - WARNING - Could not parse date: 06/18/25
2025-08-15 17:36:43,659 - ExcelTemplateManager - WARNING - Could not parse date: 06/18/25
2025-08-15 17:36:43,659 - ExcelTemplateManager - WARNING - Could not parse date: 06/18/25
2025-08-15 17:36:43,659 - ExcelTemplateManager - WARNING - Could not parse date: 06/18/25
2025-08-15 17:36:43,659 - ExcelTemplateManager - WARNING - Could not parse date: 06/18/25
2025-08-15 17:36:43,659 - ExcelTemplateManager - WARNING - Could not parse date: 06/18/25
2025-08-15 17:36:43,660 - ExcelTemplateManager - WARNING - Could not parse date: 06/18/25
2025-08-15 17:36:43,660 - ExcelTemplateManager - WARNING - Could not parse date: 06/18/25
2025-08-15 17:36:43,660 - ExcelTemplateManager - WARNING - Could not parse date: 06/18/25
2025-08-15 17:36:43,660 - ExcelTemplateManager - WARNING - Could not parse date: 06/19/25
2025-08-15 17:36:43,660 - ExcelTemplateManager - WARNING - Could not parse date: 06/19/25
2025-08-15 17:36:43,660 - ExcelTemplateManager - WARNING - Could not parse date: 06/20/25
2025-08-15 17:36:43,660 - ExcelTemplateManager - WARNING - Could not parse date: 06/20/25
2025-08-15 17:36:43,660 - ExcelTemplateManager - WARNING - Could not parse date: 06/20/25
2025-08-15 17:36:43,660 - ExcelTemplateManager - WARNING - Could not parse date: 06/20/25
2025-08-15 17:36:43,660 - ExcelTemplateManager - WARNING - Could not parse date: 06/21/25
2025-08-15 17:36:43,660 - ExcelTemplateManager - WARNING - Could not parse date: 06/21/25
2025-08-15 17:36:43,660 - ExcelTemplateManager - WARNING - Could not parse date: 06/22/25
2025-08-15 17:36:43,660 - ExcelTemplateManager - WARNING - Could not parse date: 06/22/25
2025-08-15 17:36:43,660 - ExcelTemplateManager - WARNING - Could not parse date: 06/22/25
2025-08-15 17:36:43,660 - ExcelTemplateManager - WARNING - Could not parse date: 06/22/25
2025-08-15 17:36:43,660 - ExcelTemplateManager - WARNING - Could not parse date: 06/23/25
2025-08-15 17:36:43,660 - ExcelTemplateManager - WARNING - Could not parse date: 06/23/25
2025-08-15 17:36:43,660 - ExcelTemplateManager - WARNING - Could not parse date: 06/24/25
2025-08-15 17:36:43,660 - ExcelTemplateManager - WARNING - Could not parse date: 06/24/25
2025-08-15 17:36:43,660 - ExcelTemplateManager - WARNING - Could not parse date: 06/24/25
2025-08-15 17:36:43,661 - ExcelTemplateManager - WARNING - Could not parse date: 06/24/25
2025-08-15 17:36:43,661 - ExcelTemplateManager - WARNING - Could not parse date: 06/24/25
2025-08-15 17:36:43,661 - ExcelTemplateManager - WARNING - Could not parse date: 06/24/25
2025-08-15 17:36:43,661 - ExcelTemplateManager - WARNING - Could not parse date: 06/25/25
2025-08-15 17:36:43,661 - ExcelTemplateManager - WARNING - Could not parse date: 06/25/25
2025-08-15 17:36:43,661 - ExcelTemplateManager - WARNING - Could not parse date: 06/25/25
2025-08-15 17:36:43,661 - ExcelTemplateManager - WARNING - Could not parse date: 06/25/25
2025-08-15 17:36:43,661 - ExcelTemplateManager - WARNING - Could not parse date: 06/25/25
2025-08-15 17:36:43,661 - ExcelTemplateManager - WARNING - Could not parse date: 06/25/25
2025-08-15 17:36:43,661 - ExcelTemplateManager - WARNING - Could not parse date: 06/25/25
2025-08-15 17:36:43,661 - ExcelTemplateManager - WARNING - Could not parse date: 06/25/25
2025-08-15 17:36:43,661 - ExcelTemplateManager - WARNING - Could not parse date: 06/25/25
2025-08-15 17:36:43,661 - ExcelTemplateManager - WARNING - Could not parse date: 06/25/25
2025-08-15 17:36:43,661 - ExcelTemplateManager - WARNING - Could not parse date: 06/25/25
2025-08-15 17:36:43,661 - ExcelTemplateManager - WARNING - Could not parse date: 06/25/25
2025-08-15 17:36:43,661 - ExcelTemplateManager - WARNING - Could not parse date: 06/27/25
2025-08-15 17:36:43,661 - ExcelTemplateManager - WARNING - Could not parse date: 06/27/25
2025-08-15 17:36:43,661 - ExcelTemplateManager - WARNING - Could not parse date: 06/27/25
2025-08-15 17:36:43,661 - ExcelTemplateManager - WARNING - Could not parse date: 06/27/25
2025-08-15 17:36:43,661 - ExcelTemplateManager - WARNING - Could not parse date: 06/27/25
2025-08-15 17:36:43,661 - ExcelTemplateManager - WARNING - Could not parse date: 06/27/25
2025-08-15 17:36:43,662 - ExcelTemplateManager - WARNING - Could not parse date: 06/27/25
2025-08-15 17:36:43,662 - ExcelTemplateManager - WARNING - Could not parse date: 06/27/25
2025-08-15 17:36:43,662 - ExcelTemplateManager - WARNING - Could not parse date: 06/27/25
2025-08-15 17:36:43,662 - ExcelTemplateManager - WARNING - Could not parse date: 06/27/25
2025-08-15 17:36:43,662 - ExcelTemplateManager - WARNING - Could not parse date: 06/28/25
2025-08-15 17:36:43,662 - ExcelTemplateManager - WARNING - Could not parse date: 06/28/25
2025-08-15 17:36:43,662 - ExcelTemplateManager - WARNING - Could not parse date: 06/29/25
2025-08-15 17:36:43,662 - ExcelTemplateManager - WARNING - Could not parse date: 06/29/25
2025-08-15 17:36:43,662 - ExcelTemplateManager - WARNING - Could not parse date: 06/29/25
2025-08-15 17:36:43,662 - ExcelTemplateManager - WARNING - Could not parse date: 06/29/25
2025-08-15 17:36:43,662 - ExcelTemplateManager - WARNING - Could not parse date: 06/29/25
2025-08-15 17:36:43,662 - ExcelTemplateManager - WARNING - Could not parse date: 06/29/25
2025-08-15 17:36:43,662 - ExcelTemplateManager - WARNING - Could not parse date: 06/30/25
2025-08-15 17:36:43,662 - ExcelTemplateManager - WARNING - Could not parse date: 06/29/25
2025-08-15 17:36:43,665 - ExcelTemplateManager - WARNING - Could not parse date: 07/13/25
2025-08-15 17:36:43,665 - ExcelTemplateManager - WARNING - Could not parse date: 07/13/25
2025-08-15 17:36:43,665 - ExcelTemplateManager - WARNING - Could not parse date: 07/13/25
2025-08-15 17:36:43,665 - ExcelTemplateManager - WARNING - Could not parse date: 07/13/25
2025-08-15 17:36:43,665 - ExcelTemplateManager - WARNING - Could not parse date: 07/14/25
2025-08-15 17:36:43,665 - ExcelTemplateManager - WARNING - Could not parse date: 07/14/25
2025-08-15 17:36:43,665 - ExcelTemplateManager - WARNING - Could not parse date: 07/14/25
2025-08-15 17:36:43,665 - ExcelTemplateManager - WARNING - Could not parse date: 07/14/25
2025-08-15 17:36:43,665 - ExcelTemplateManager - WARNING - Could not parse date: 07/14/25
2025-08-15 17:36:43,665 - ExcelTemplateManager - WARNING - Could not parse date: 07/14/25
2025-08-15 17:36:43,665 - ExcelTemplateManager - WARNING - Could not parse date: 07/15/25
2025-08-15 17:36:43,665 - ExcelTemplateManager - WARNING - Could not parse date: 07/15/25
2025-08-15 17:36:43,665 - ExcelTemplateManager - WARNING - Could not parse date: 07/15/25
2025-08-15 17:36:43,666 - ExcelTemplateManager - WARNING - Could not parse date: 07/15/25
2025-08-15 17:36:43,666 - ExcelTemplateManager - WARNING - Could not parse date: 07/15/25
2025-08-15 17:36:43,666 - ExcelTemplateManager - WARNING - Could not parse date: 07/15/25
2025-08-15 17:36:43,666 - ExcelTemplateManager - WARNING - Could not parse date: 07/15/25
2025-08-15 17:36:43,666 - ExcelTemplateManager - WARNING - Could not parse date: 07/15/25
2025-08-15 17:36:43,666 - ExcelTemplateManager - WARNING - Could not parse date: 07/15/25
2025-08-15 17:36:43,666 - ExcelTemplateManager - WARNING - Could not parse date: 07/15/25
2025-08-15 17:36:43,666 - ExcelTemplateManager - WARNING - Could not parse date: 07/15/25
2025-08-15 17:36:43,666 - ExcelTemplateManager - WARNING - Could not parse date: 07/15/25
2025-08-15 17:36:43,666 - ExcelTemplateManager - WARNING - Could not parse date: 07/16/25
2025-08-15 17:36:43,666 - ExcelTemplateManager - WARNING - Could not parse date: 07/16/25
2025-08-15 17:36:43,666 - ExcelTemplateManager - WARNING - Could not parse date: 07/16/25
2025-08-15 17:36:43,666 - ExcelTemplateManager - WARNING - Could not parse date: 07/16/25
2025-08-15 17:36:43,666 - ExcelTemplateManager - WARNING - Could not parse date: 07/17/25
2025-08-15 17:36:43,666 - ExcelTemplateManager - WARNING - Could not parse date: 07/17/25
2025-08-15 17:36:43,666 - ExcelTemplateManager - WARNING - Could not parse date: 07/17/25
2025-08-15 17:36:43,666 - ExcelTemplateManager - WARNING - Could not parse date: 07/17/25
2025-08-15 17:36:43,666 - ExcelTemplateManager - WARNING - Could not parse date: 07/17/25
2025-08-15 17:36:43,666 - ExcelTemplateManager - WARNING - Could not parse date: 07/17/25
2025-08-15 17:36:43,666 - ExcelTemplateManager - WARNING - Could not parse date: 07/17/25
2025-08-15 17:36:43,666 - ExcelTemplateManager - WARNING - Could not parse date: 07/17/25
2025-08-15 17:36:43,667 - ExcelTemplateManager - WARNING - Could not parse date: 07/18/25
2025-08-15 17:36:43,667 - ExcelTemplateManager - WARNING - Could not parse date: 07/18/25
2025-08-15 17:36:43,667 - ExcelTemplateManager - WARNING - Could not parse date: 07/18/25
2025-08-15 17:36:43,667 - ExcelTemplateManager - WARNING - Could not parse date: 07/18/25
2025-08-15 17:36:43,667 - ExcelTemplateManager - WARNING - Could not parse date: 07/18/25
2025-08-15 17:36:43,667 - ExcelTemplateManager - WARNING - Could not parse date: 07/18/25
2025-08-15 17:36:43,667 - ExcelTemplateManager - WARNING - Could not parse date: 07/18/25
2025-08-15 17:36:43,667 - ExcelTemplateManager - WARNING - Could not parse date: 07/18/25
2025-08-15 17:36:43,667 - ExcelTemplateManager - WARNING - Could not parse date: 07/18/25
2025-08-15 17:36:43,667 - ExcelTemplateManager - WARNING - Could not parse date: 07/18/25
2025-08-15 17:36:43,667 - ExcelTemplateManager - WARNING - Could not parse date: 07/18/25
2025-08-15 17:36:43,667 - ExcelTemplateManager - WARNING - Could not parse date: 07/18/25
2025-08-15 17:36:43,667 - ExcelTemplateManager - WARNING - Could not parse date: 07/18/25
2025-08-15 17:36:43,667 - ExcelTemplateManager - WARNING - Could not parse date: 07/18/25
2025-08-15 17:36:43,667 - ExcelTemplateManager - WARNING - Could not parse date: 07/18/25
2025-08-15 17:36:43,667 - ExcelTemplateManager - WARNING - Could not parse date: 07/18/25
2025-08-15 17:36:43,667 - ExcelTemplateManager - WARNING - Could not parse date: 07/18/25
2025-08-15 17:36:43,667 - ExcelTemplateManager - WARNING - Could not parse date: 07/18/25
2025-08-15 17:36:43,667 - ExcelTemplateManager - WARNING - Could not parse date: 07/19/25
2025-08-15 17:36:43,667 - ExcelTemplateManager - WARNING - Could not parse date: 07/19/25
2025-08-15 17:36:43,667 - ExcelTemplateManager - WARNING - Could not parse date: 07/20/25
2025-08-15 17:36:43,667 - ExcelTemplateManager - WARNING - Could not parse date: 07/20/25
2025-08-15 17:36:43,667 - ExcelTemplateManager - WARNING - Could not parse date: 07/21/25
2025-08-15 17:36:43,668 - ExcelTemplateManager - WARNING - Could not parse date: 07/21/25
2025-08-15 17:36:43,668 - ExcelTemplateManager - WARNING - Could not parse date: 07/21/25
2025-08-15 17:36:43,668 - ExcelTemplateManager - WARNING - Could not parse date: 07/21/25
2025-08-15 17:36:43,668 - ExcelTemplateManager - WARNING - Could not parse date: 07/21/25
2025-08-15 17:36:43,668 - ExcelTemplateManager - WARNING - Could not parse date: 07/21/25
2025-08-15 17:36:43,668 - ExcelTemplateManager - WARNING - Could not parse date: 07/21/25
2025-08-15 17:36:43,668 - ExcelTemplateManager - WARNING - Could not parse date: 07/21/25
2025-08-15 17:36:43,668 - ExcelTemplateManager - WARNING - Could not parse date: 07/21/25
2025-08-15 17:36:43,668 - ExcelTemplateManager - WARNING - Could not parse date: 07/21/25
2025-08-15 17:36:43,668 - ExcelTemplateManager - WARNING - Could not parse date: 07/22/25
2025-08-15 17:36:43,668 - ExcelTemplateManager - WARNING - Could not parse date: 07/22/25
2025-08-15 17:36:43,668 - ExcelTemplateManager - WARNING - Could not parse date: 07/23/25
2025-08-15 17:36:43,668 - ExcelTemplateManager - WARNING - Could not parse date: 07/23/25
2025-08-15 17:36:43,668 - ExcelTemplateManager - WARNING - Could not parse date: 07/23/25
2025-08-15 17:36:43,668 - ExcelTemplateManager - WARNING - Could not parse date: 07/23/25
2025-08-15 17:36:43,668 - ExcelTemplateManager - WARNING - Could not parse date: 07/23/25
2025-08-15 17:36:43,668 - ExcelTemplateManager - WARNING - Could not parse date: 07/23/25
2025-08-15 17:36:43,668 - ExcelTemplateManager - WARNING - Could not parse date: 07/23/25
2025-08-15 17:36:43,668 - ExcelTemplateManager - WARNING - Could not parse date: 07/23/25
2025-08-15 17:36:43,668 - ExcelTemplateManager - WARNING - Could not parse date: 07/23/25
2025-08-15 17:36:43,668 - ExcelTemplateManager - WARNING - Could not parse date: 07/23/25
2025-08-15 17:36:43,669 - ExcelTemplateManager - WARNING - Could not parse date: 07/23/25
2025-08-15 17:36:43,669 - ExcelTemplateManager - WARNING - Could not parse date: 07/23/25
2025-08-15 17:36:43,669 - ExcelTemplateManager - WARNING - Could not parse date: 07/24/25
2025-08-15 17:36:43,669 - ExcelTemplateManager - WARNING - Could not parse date: 07/24/25
2025-08-15 17:36:43,669 - ExcelTemplateManager - WARNING - Could not parse date: 07/24/25
2025-08-15 17:36:43,669 - ExcelTemplateManager - WARNING - Could not parse date: 07/24/25
2025-08-15 17:36:43,669 - ExcelTemplateManager - WARNING - Could not parse date: 07/25/25
2025-08-15 17:36:43,669 - ExcelTemplateManager - WARNING - Could not parse date: 07/25/25
2025-08-15 17:36:43,669 - ExcelTemplateManager - WARNING - Could not parse date: 07/25/25
2025-08-15 17:36:43,669 - ExcelTemplateManager - WARNING - Could not parse date: 07/25/25
2025-08-15 17:36:43,669 - ExcelTemplateManager - WARNING - Could not parse date: 07/25/25
2025-08-15 17:36:43,669 - ExcelTemplateManager - WARNING - Could not parse date: 07/25/25
2025-08-15 17:36:43,669 - ExcelTemplateManager - WARNING - Could not parse date: 07/25/25
2025-08-15 17:36:43,669 - ExcelTemplateManager - WARNING - Could not parse date: 07/25/25
2025-08-15 17:36:43,669 - ExcelTemplateManager - WARNING - Could not parse date: 07/25/25
2025-08-15 17:36:43,669 - ExcelTemplateManager - WARNING - Could not parse date: 07/25/25
2025-08-15 17:36:43,669 - ExcelTemplateManager - WARNING - Could not parse date: 07/25/25
2025-08-15 17:36:43,669 - ExcelTemplateManager - WARNING - Could not parse date: 07/25/25
2025-08-15 17:36:43,669 - ExcelTemplateManager - WARNING - Could not parse date: 07/25/25
2025-08-15 17:36:43,669 - ExcelTemplateManager - WARNING - Could not parse date: 07/25/25
2025-08-15 17:36:43,670 - ExcelTemplateManager - WARNING - Could not parse date: 07/26/25
2025-08-15 17:36:43,670 - ExcelTemplateManager - WARNING - Could not parse date: 07/26/25
2025-08-15 17:36:43,670 - ExcelTemplateManager - WARNING - Could not parse date: 07/26/25
2025-08-15 17:36:43,670 - ExcelTemplateManager - WARNING - Could not parse date: 07/26/25
2025-08-15 17:36:43,670 - ExcelTemplateManager - WARNING - Could not parse date: 07/27/25
2025-08-15 17:36:43,670 - ExcelTemplateManager - WARNING - Could not parse date: 07/27/25
2025-08-15 17:36:43,670 - ExcelTemplateManager - WARNING - Could not parse date: 07/27/25
2025-08-15 17:36:43,670 - ExcelTemplateManager - WARNING - Could not parse date: 07/27/25
2025-08-15 17:36:43,670 - ExcelTemplateManager - WARNING - Could not parse date: 07/28/25
2025-08-15 17:36:43,670 - ExcelTemplateManager - WARNING - Could not parse date: 07/28/25
2025-08-15 17:36:43,670 - ExcelTemplateManager - WARNING - Could not parse date: 07/28/25
2025-08-15 17:36:43,670 - ExcelTemplateManager - WARNING - Could not parse date: 07/28/25
2025-08-15 17:36:43,670 - ExcelTemplateManager - WARNING - Could not parse date: 07/28/25
2025-08-15 17:36:43,670 - ExcelTemplateManager - WARNING - Could not parse date: 07/28/25
2025-08-15 17:36:43,670 - ExcelTemplateManager - WARNING - Could not parse date: 07/28/25
2025-08-15 17:36:43,670 - ExcelTemplateManager - WARNING - Could not parse date: 07/28/25
2025-08-15 17:36:43,670 - ExcelTemplateManager - WARNING - Could not parse date: 07/28/25
2025-08-15 17:36:43,670 - ExcelTemplateManager - WARNING - Could not parse date: 07/28/25
2025-08-15 17:36:43,670 - ExcelTemplateManager - WARNING - Could not parse date: 07/28/25
2025-08-15 17:36:43,670 - ExcelTemplateManager - WARNING - Could not parse date: 07/28/25
2025-08-15 17:36:43,670 - ExcelTemplateManager - WARNING - Could not parse date: 07/29/25
2025-08-15 17:36:43,670 - ExcelTemplateManager - WARNING - Could not parse date: 07/29/25
2025-08-15 17:36:43,671 - ExcelTemplateManager - WARNING - Could not parse date: 07/29/25
2025-08-15 17:36:43,671 - ExcelTemplateManager - WARNING - Could not parse date: 07/29/25
2025-08-15 17:36:43,671 - ExcelTemplateManager - WARNING - Could not parse date: 07/30/25
2025-08-15 17:36:43,671 - ExcelTemplateManager - WARNING - Could not parse date: 07/30/25
2025-08-15 17:36:43,671 - ExcelTemplateManager - WARNING - Could not parse date: 07/30/25
2025-08-15 17:36:43,671 - ExcelTemplateManager - WARNING - Could not parse date: 07/30/25
2025-08-15 17:36:43,671 - ExcelTemplateManager - WARNING - Could not parse date: 07/30/25
2025-08-15 17:36:43,671 - ExcelTemplateManager - WARNING - Could not parse date: 07/30/25
2025-08-15 17:36:43,671 - ExcelTemplateManager - WARNING - Could not parse date: 07/30/25
2025-08-15 17:36:43,671 - ExcelTemplateManager - WARNING - Could not parse date: 07/30/25
2025-08-15 17:36:43,671 - ExcelTemplateManager - WARNING - Could not parse date: 07/30/25
2025-08-15 17:36:43,671 - ExcelTemplateManager - WARNING - Could not parse date: 07/30/25
2025-08-15 17:36:43,671 - ExcelTemplateManager - WARNING - Could not parse date: 07/30/25
2025-08-15 17:36:43,671 - ExcelTemplateManager - WARNING - Could not parse date: 07/30/25
2025-08-15 17:36:43,671 - ExcelTemplateManager - WARNING - Could not parse date: 07/30/25
2025-08-15 17:36:43,671 - ExcelTemplateManager - WARNING - Could not parse date: 07/30/25
2025-08-15 17:36:43,671 - ExcelTemplateManager - WARNING - Could not parse date: 07/31/25
2025-08-15 17:36:43,671 - ExcelTemplateManager - WARNING - Could not parse date: 07/31/25
2025-08-15 17:36:43,671 - ExcelTemplateManager - WARNING - Could not parse date: 07/31/25
2025-08-15 17:36:43,671 - ExcelTemplateManager - WARNING - Could not parse date: 07/31/25
2025-08-15 17:36:43,672 - ExcelTemplateManager - WARNING - Could not parse date: 07/31/25
2025-08-15 17:36:43,672 - ExcelTemplateManager - WARNING - Could not parse date: 07/31/25
2025-08-15 17:36:43,672 - ExcelTemplateManager - WARNING - Could not parse date: 07/31/25
2025-08-15 17:36:43,672 - ExcelTemplateManager - WARNING - Could not parse date: 07/31/25
2025-08-15 17:36:43,674 - ExcelTemplateManager - WARNING - Could not parse date: 08/13/25
2025-08-15 17:36:43,674 - ExcelTemplateManager - WARNING - Could not parse date: 08/13/25
2025-08-15 17:36:43,674 - ExcelTemplateManager - WARNING - Could not parse date: 08/13/25
2025-08-15 17:36:43,674 - ExcelTemplateManager - WARNING - Could not parse date: 08/13/25
2025-08-15 17:36:43,674 - ExcelTemplateManager - WARNING - Could not parse date: 08/13/25
2025-08-15 17:36:43,674 - ExcelTemplateManager - WARNING - Could not parse date: 08/13/25
2025-08-15 17:36:43,674 - ExcelTemplateManager - WARNING - Could not parse date: 08/13/25
2025-08-15 17:36:43,674 - ExcelTemplateManager - WARNING - Could not parse date: 08/13/25
2025-08-15 17:36:43,674 - ExcelTemplateManager - WARNING - Could not parse date: 08/13/25
2025-08-15 17:36:43,674 - ExcelTemplateManager - WARNING - Could not parse date: 08/13/25
2025-08-15 17:36:43,674 - ExcelTemplateManager - WARNING - Could not parse date: 08/14/25
2025-08-15 17:36:43,674 - ExcelTemplateManager - WARNING - Could not parse date: 08/14/25
2025-08-15 17:36:43,675 - ExcelTemplateManager - WARNING - Could not parse date: 08/14/25
2025-08-15 17:36:43,675 - ExcelTemplateManager - WARNING - Could not parse date: 08/14/25
2025-08-15 17:36:43,675 - ExcelTemplateManager - WARNING - Could not parse date: 08/14/25
2025-08-15 17:36:43,675 - ExcelTemplateManager - WARNING - Could not parse date: 08/14/25
2025-08-15 17:36:43,675 - ExcelTemplateManager - WARNING - Could not parse date: 08/14/25
2025-08-15 17:36:43,675 - ExcelTemplateManager - WARNING - Could not parse date: 08/14/25
2025-08-15 17:36:43,675 - ExcelTemplateManager - WARNING - Could not parse date: 08/14/25
2025-08-15 17:36:43,675 - ExcelTemplateManager - WARNING - Could not parse date: 08/14/25
2025-08-15 17:36:43,677 - ExcelTemplateManager - INFO - Converted 419 rows to standard format
2025-08-15 17:36:43,677 - __main__ - INFO - Successfully parsed 419 transactions
2025-08-15 17:36:43,677 - __main__ - INFO - Classifying transactions...
2025-08-15 17:36:43,677 - TransactionClassifier - INFO - Classifying 419 transactions
2025-08-15 17:36:43,682 - TransactionClassifier - INFO - Classification Summary:
2025-08-15 17:36:43,682 - TransactionClassifier - INFO -   salary: 204 transactions (48.7%)
2025-08-15 17:36:43,682 - TransactionClassifier - INFO -   unknown: 169 transactions (40.3%)
2025-08-15 17:36:43,682 - TransactionClassifier - INFO -   fixed_deposit: 14 transactions (3.3%)
2025-08-15 17:36:43,682 - TransactionClassifier - INFO -   food: 11 transactions (2.6%)
2025-08-15 17:36:43,682 - TransactionClassifier - INFO -   phone: 4 transactions (1.0%)
2025-08-15 17:36:43,682 - TransactionClassifier - INFO -   shopping: 4 transactions (1.0%)
2025-08-15 17:36:43,682 - TransactionClassifier - INFO -   transport: 3 transactions (0.7%)
2025-08-15 17:36:43,682 - TransactionClassifier - INFO -   groceries: 3 transactions (0.7%)
2025-08-15 17:36:43,682 - TransactionClassifier - INFO -   rent: 2 transactions (0.5%)
2025-08-15 17:36:43,682 - TransactionClassifier - INFO -   refund: 2 transactions (0.5%)
2025-08-15 17:36:43,682 - TransactionClassifier - INFO -   mutual_fund: 1 transactions (0.2%)
2025-08-15 17:36:43,682 - TransactionClassifier - INFO -   atm: 1 transactions (0.2%)
2025-08-15 17:36:43,682 - TransactionClassifier - INFO -   medical: 1 transactions (0.2%)
2025-08-15 17:36:43,682 - __main__ - INFO - Saving classified transactions to: classified_transactions.csv
2025-08-15 17:36:43,683 - __main__ - INFO - Generating beancount file: transactions.beancount
2025-08-15 17:36:43,689 - TransactionClassifier - INFO - Saved 419 beancount entries to transactions.beancount
2025-08-15 17:36:43,689 - __main__ - INFO - Starting beancount-import post-processing...
2025-08-15 17:36:43,698 - __main__ - INFO - Beancount-import post-processing completed successfully!
2025-08-15 17:36:43,698 - __main__ - INFO - Enhanced transactions: beancount_import_output/enhanced_transactions.beancount
2025-08-15 17:36:43,698 - __main__ - INFO - Web interface files: beancount_import_output
2025-08-15 17:36:43,698 - __main__ - INFO - To start the web interface:
2025-08-15 17:36:43,698 - __main__ - INFO -   cd beancount_import_output
2025-08-15 17:36:43,698 - __main__ - INFO -   python web/start_web_interface.py
2025-08-15 17:36:43,698 - __main__ - INFO - 
==================================================
2025-08-15 17:36:43,698 - __main__ - INFO - TRANSACTION PROCESSING SUMMARY
2025-08-15 17:36:43,698 - __main__ - INFO - ==================================================
2025-08-15 17:36:43,698 - __main__ - INFO - Total Transactions: 419
2025-08-15 17:36:43,698 - __main__ - INFO - Credit Transactions: 419
2025-08-15 17:36:43,698 - __main__ - INFO - Debit Transactions: 419
2025-08-15 17:36:43,698 - __main__ - WARNING - Could not calculate amounts: could not convert string to float: ''
2025-08-15 17:36:43,699 - __main__ - INFO - 
Category Breakdown:
2025-08-15 17:36:43,699 - __main__ - INFO -   salary: 204 (48.7%)
2025-08-15 17:36:43,699 - __main__ - INFO -   unknown: 169 (40.3%)
2025-08-15 17:36:43,699 - __main__ - INFO -   fixed_deposit: 14 (3.3%)
2025-08-15 17:36:43,699 - __main__ - INFO -   food: 11 (2.6%)
2025-08-15 17:36:43,699 - __main__ - INFO -   phone: 4 (1.0%)
2025-08-15 17:36:43,699 - __main__ - INFO -   shopping: 4 (1.0%)
2025-08-15 17:36:43,699 - __main__ - INFO -   transport: 3 (0.7%)
2025-08-15 17:36:43,699 - __main__ - INFO -   groceries: 3 (0.7%)
2025-08-15 17:36:43,699 - __main__ - INFO -   rent: 2 (0.5%)
2025-08-15 17:36:43,699 - __main__ - INFO -   refund: 2 (0.5%)
2025-08-15 17:36:43,700 - __main__ - INFO - 
Date Range: 01-01-2025 to 08-12-2025
2025-08-15 17:36:43,700 - __main__ - INFO - ==================================================
2025-08-15 17:36:43,700 - __main__ - INFO - 
BEANCOUNT-IMPORT POST-PROCESSING:
2025-08-15 17:36:43,700 - __main__ - INFO - Enhanced transactions file: beancount_import_output/enhanced_transactions.beancount
2025-08-15 17:36:43,700 - __main__ - INFO - Output directory: beancount_import_output
2025-08-15 17:36:43,700 - __main__ - INFO - Web interface available: True
2025-08-15 17:36:43,700 - __main__ - INFO - 
To start the enhanced web interface:
2025-08-15 17:36:43,700 - __main__ - INFO -   cd beancount_import_output/web
2025-08-15 17:36:43,700 - __main__ - INFO -   python start_web_interface.py
2025-08-15 17:36:43,700 - __main__ - INFO -   Open http://localhost:8080 in your browser
2025-08-15 17:36:43,700 - __main__ - INFO - 
Enhanced features available:
2025-08-15 17:36:43,700 - __main__ - INFO -   ✓ Machine Learning-based account prediction
2025-08-15 17:36:43,700 - __main__ - INFO -   ✓ Web-based transaction review interface
2025-08-15 17:36:43,700 - __main__ - INFO -   ✓ Training system for improved classification
2025-08-15 17:36:43,700 - __main__ - INFO -   ✓ Duplicate transaction detection
2025-08-15 17:36:43,700 - __main__ - INFO -   ✓ Advanced reconciliation capabilities
2025-08-15 17:36:43,700 - __main__ - INFO - ==================================================
2025-08-15 17:36:43,700 - __main__ - INFO - Processing completed successfully!
2025-08-15 17:54:33,470 - __main__ - INFO - Parsing Excel file: OpTransactionHistory15-08-2025.xls
2025-08-15 17:54:33,470 - ExcelTemplateManager - INFO - Loaded template: ICICI Bank Statement Excel Template
2025-08-15 17:54:33,471 - ExcelTransactionParser - INFO - Parsing Excel file: OpTransactionHistory15-08-2025.xls
2025-08-15 17:54:33,479 - ExcelTransactionParser - INFO - Successfully read Excel file with xlrd engine
2025-08-15 17:54:33,479 - ExcelTransactionParser - INFO - Read 1021 rows and 9 columns
2025-08-15 17:54:33,479 - ExcelTransactionParser - INFO - Columns: ['Unnamed: 0', 'Unnamed: 1', 'Unnamed: 2', 'Unnamed: 3', 'Unnamed: 4', 'Unnamed: 5', 'Unnamed: 6', 'Unnamed: 7', 'Unnamed: 8']
2025-08-15 17:54:33,479 - ExcelTransactionParser - INFO - Using template-based parsing
2025-08-15 17:54:33,479 - ExcelTemplateManager - INFO - Parsing Excel file with template
2025-08-15 17:54:33,479 - ExcelTemplateManager - INFO - Detected header row at index 11 with 6 pattern matches
2025-08-15 17:54:33,479 - ExcelTemplateManager - INFO - Mapped date to column 3 (Unnamed: 3)
2025-08-15 17:54:33,479 - ExcelTemplateManager - INFO - Mapped value_date to column 2 (Unnamed: 2)
2025-08-15 17:54:33,479 - ExcelTemplateManager - INFO - Mapped description to column 5 (Unnamed: 5)
2025-08-15 17:54:33,479 - ExcelTemplateManager - INFO - Mapped reference to column 4 (Unnamed: 4)
2025-08-15 17:54:33,479 - ExcelTemplateManager - INFO - Mapped debit to column 6 (Unnamed: 6)
2025-08-15 17:54:33,479 - ExcelTemplateManager - INFO - Mapped credit to column 7 (Unnamed: 7)
2025-08-15 17:54:33,479 - ExcelTemplateManager - INFO - Mapped balance to column 8 (Unnamed: 8)
2025-08-15 17:54:33,479 - ExcelTemplateManager - INFO - Data starts at row 12
2025-08-15 17:54:33,521 - ExcelTemplateManager - INFO - Converted 960 rows to standard format
2025-08-15 17:54:33,521 - __main__ - INFO - Successfully parsed 960 transactions
2025-08-15 17:54:33,521 - __main__ - INFO - Classifying transactions...
2025-08-15 17:54:33,521 - TransactionClassifier - INFO - Classifying 960 transactions
2025-08-15 17:54:33,534 - TransactionClassifier - INFO - Classification Summary:
2025-08-15 17:54:33,534 - TransactionClassifier - INFO -   salary: 496 transactions (51.7%)
2025-08-15 17:54:33,534 - TransactionClassifier - INFO -   unknown: 356 transactions (37.1%)
2025-08-15 17:54:33,534 - TransactionClassifier - INFO -   fixed_deposit: 34 transactions (3.5%)
2025-08-15 17:54:33,534 - TransactionClassifier - INFO -   food: 31 transactions (3.2%)
2025-08-15 17:54:33,534 - TransactionClassifier - INFO -   phone: 14 transactions (1.5%)
2025-08-15 17:54:33,534 - TransactionClassifier - INFO -   shopping: 9 transactions (0.9%)
2025-08-15 17:54:33,534 - TransactionClassifier - INFO -   transport: 5 transactions (0.5%)
2025-08-15 17:54:33,534 - TransactionClassifier - INFO -   refund: 4 transactions (0.4%)
2025-08-15 17:54:33,534 - TransactionClassifier - INFO -   groceries: 4 transactions (0.4%)
2025-08-15 17:54:33,534 - TransactionClassifier - INFO -   atm: 3 transactions (0.3%)
2025-08-15 17:54:33,534 - TransactionClassifier - INFO -   rent: 2 transactions (0.2%)
2025-08-15 17:54:33,534 - TransactionClassifier - INFO -   mutual_fund: 1 transactions (0.1%)
2025-08-15 17:54:33,534 - TransactionClassifier - INFO -   medical: 1 transactions (0.1%)
2025-08-15 17:54:33,534 - __main__ - INFO - Saving classified transactions to: classified_transactions.csv
2025-08-15 17:54:33,536 - __main__ - INFO - Generating beancount file: transactions.beancount
2025-08-15 17:54:33,549 - TransactionClassifier - INFO - Saved 960 beancount entries to transactions.beancount
2025-08-15 17:54:33,549 - __main__ - INFO - Starting beancount-import post-processing...
2025-08-15 17:54:33,569 - __main__ - INFO - Beancount-import post-processing completed successfully!
2025-08-15 17:54:33,569 - __main__ - INFO - Enhanced transactions: beancount_import_output/enhanced_transactions.beancount
2025-08-15 17:54:33,569 - __main__ - INFO - Web interface files: beancount_import_output
2025-08-15 17:54:33,569 - __main__ - INFO - To start the web interface:
2025-08-15 17:54:33,569 - __main__ - INFO -   cd beancount_import_output
2025-08-15 17:54:33,569 - __main__ - INFO -   python web/start_web_interface.py
2025-08-15 17:54:33,569 - __main__ - INFO - 
==================================================
2025-08-15 17:54:33,569 - __main__ - INFO - TRANSACTION PROCESSING SUMMARY
2025-08-15 17:54:33,569 - __main__ - INFO - ==================================================
2025-08-15 17:54:33,569 - __main__ - INFO - Total Transactions: 960
2025-08-15 17:54:33,569 - __main__ - INFO - Credit Transactions: 960
2025-08-15 17:54:33,569 - __main__ - INFO - Debit Transactions: 960
2025-08-15 17:54:33,570 - __main__ - WARNING - Could not calculate amounts: could not convert string to float: ''
2025-08-15 17:54:33,570 - __main__ - INFO - 
Category Breakdown:
2025-08-15 17:54:33,570 - __main__ - INFO -   salary: 496 (51.7%)
2025-08-15 17:54:33,570 - __main__ - INFO -   unknown: 356 (37.1%)
2025-08-15 17:54:33,570 - __main__ - INFO -   fixed_deposit: 34 (3.5%)
2025-08-15 17:54:33,570 - __main__ - INFO -   food: 31 (3.2%)
2025-08-15 17:54:33,570 - __main__ - INFO -   phone: 14 (1.5%)
2025-08-15 17:54:33,570 - __main__ - INFO -   shopping: 9 (0.9%)
2025-08-15 17:54:33,570 - __main__ - INFO -   transport: 5 (0.5%)
2025-08-15 17:54:33,570 - __main__ - INFO -   refund: 4 (0.4%)
2025-08-15 17:54:33,570 - __main__ - INFO -   groceries: 4 (0.4%)
2025-08-15 17:54:33,570 - __main__ - INFO -   atm: 3 (0.3%)
2025-08-15 17:54:33,573 - __main__ - INFO - 
Date Range: 01-01-2025 to 14-08-2025
2025-08-15 17:54:33,573 - __main__ - INFO - ==================================================
2025-08-15 17:54:33,573 - __main__ - INFO - 
BEANCOUNT-IMPORT POST-PROCESSING:
2025-08-15 17:54:33,573 - __main__ - INFO - Enhanced transactions file: beancount_import_output/enhanced_transactions.beancount
2025-08-15 17:54:33,573 - __main__ - INFO - Output directory: beancount_import_output
2025-08-15 17:54:33,573 - __main__ - INFO - Web interface available: True
2025-08-15 17:54:33,573 - __main__ - INFO - 
To start the enhanced web interface:
2025-08-15 17:54:33,573 - __main__ - INFO -   cd beancount_import_output/web
2025-08-15 17:54:33,573 - __main__ - INFO -   python start_web_interface.py
2025-08-15 17:54:33,573 - __main__ - INFO -   Open http://localhost:8080 in your browser
2025-08-15 17:54:33,573 - __main__ - INFO - 
Enhanced features available:
2025-08-15 17:54:33,573 - __main__ - INFO -   ✓ Machine Learning-based account prediction
2025-08-15 17:54:33,573 - __main__ - INFO -   ✓ Web-based transaction review interface
2025-08-15 17:54:33,573 - __main__ - INFO -   ✓ Training system for improved classification
2025-08-15 17:54:33,573 - __main__ - INFO -   ✓ Duplicate transaction detection
2025-08-15 17:54:33,573 - __main__ - INFO -   ✓ Advanced reconciliation capabilities
2025-08-15 17:54:33,573 - __main__ - INFO - ==================================================
2025-08-15 17:54:33,573 - __main__ - INFO - Processing completed successfully!
2025-08-20 18:05:49,620 - __main__ - INFO - Parsing Excel file: OpTransactionHistory15-08-2025.xls
2025-08-20 18:05:49,621 - ExcelTemplateManager - INFO - Loaded template: ICICI Bank Statement Excel Template
2025-08-20 18:05:49,621 - ExcelTransactionParser - INFO - Parsing Excel file: OpTransactionHistory15-08-2025.xls
2025-08-20 18:05:49,644 - ExcelTransactionParser - INFO - Successfully read Excel file with xlrd engine
2025-08-20 18:05:49,644 - ExcelTransactionParser - INFO - Read 1021 rows and 9 columns
2025-08-20 18:05:49,644 - ExcelTransactionParser - INFO - Columns: ['Unnamed: 0', 'Unnamed: 1', 'Unnamed: 2', 'Unnamed: 3', 'Unnamed: 4', 'Unnamed: 5', 'Unnamed: 6', 'Unnamed: 7', 'Unnamed: 8']
2025-08-20 18:05:49,644 - ExcelTransactionParser - INFO - Using template-based parsing
2025-08-20 18:05:49,644 - ExcelTemplateManager - INFO - Parsing Excel file with template
2025-08-20 18:05:49,644 - ExcelTemplateManager - INFO - Detected header row at index 11 with 6 pattern matches
2025-08-20 18:05:49,645 - ExcelTemplateManager - INFO - Mapped date to column 3 (Unnamed: 3)
2025-08-20 18:05:49,645 - ExcelTemplateManager - INFO - Mapped value_date to column 2 (Unnamed: 2)
2025-08-20 18:05:49,645 - ExcelTemplateManager - INFO - Mapped description to column 5 (Unnamed: 5)
2025-08-20 18:05:49,645 - ExcelTemplateManager - INFO - Mapped reference to column 4 (Unnamed: 4)
2025-08-20 18:05:49,645 - ExcelTemplateManager - INFO - Mapped debit to column 6 (Unnamed: 6)
2025-08-20 18:05:49,645 - ExcelTemplateManager - INFO - Mapped credit to column 7 (Unnamed: 7)
2025-08-20 18:05:49,645 - ExcelTemplateManager - INFO - Mapped balance to column 8 (Unnamed: 8)
2025-08-20 18:05:49,645 - ExcelTemplateManager - INFO - Data starts at row 12
2025-08-20 18:05:49,728 - ExcelTemplateManager - INFO - Converted 960 rows to standard format
2025-08-20 18:05:49,728 - __main__ - INFO - Successfully parsed 960 transactions
2025-08-20 18:05:49,728 - __main__ - INFO - Classifying transactions...
2025-08-20 18:05:49,728 - TransactionClassifier - INFO - Classifying 960 transactions
2025-08-20 18:05:49,748 - TransactionClassifier - INFO - Classification Summary:
2025-08-20 18:05:49,748 - TransactionClassifier - INFO -   salary: 496 transactions (51.7%)
2025-08-20 18:05:49,749 - TransactionClassifier - INFO -   unknown: 356 transactions (37.1%)
2025-08-20 18:05:49,749 - TransactionClassifier - INFO -   fixed_deposit: 34 transactions (3.5%)
2025-08-20 18:05:49,749 - TransactionClassifier - INFO -   food: 31 transactions (3.2%)
2025-08-20 18:05:49,749 - TransactionClassifier - INFO -   phone: 14 transactions (1.5%)
2025-08-20 18:05:49,749 - TransactionClassifier - INFO -   shopping: 9 transactions (0.9%)
2025-08-20 18:05:49,749 - TransactionClassifier - INFO -   transport: 5 transactions (0.5%)
2025-08-20 18:05:49,749 - TransactionClassifier - INFO -   refund: 4 transactions (0.4%)
2025-08-20 18:05:49,749 - TransactionClassifier - INFO -   groceries: 4 transactions (0.4%)
2025-08-20 18:05:49,749 - TransactionClassifier - INFO -   atm: 3 transactions (0.3%)
2025-08-20 18:05:49,749 - TransactionClassifier - INFO -   rent: 2 transactions (0.2%)
2025-08-20 18:05:49,749 - TransactionClassifier - INFO -   mutual_fund: 1 transactions (0.1%)
2025-08-20 18:05:49,749 - TransactionClassifier - INFO -   medical: 1 transactions (0.1%)
2025-08-20 18:05:49,749 - __main__ - INFO - Saving classified transactions to: classified_transactions.csv
2025-08-20 18:05:49,754 - __main__ - INFO - Generating beancount file: transactions.beancount
2025-08-20 18:05:49,782 - TransactionClassifier - INFO - Saved 960 beancount entries to transactions.beancount
2025-08-20 18:05:49,782 - __main__ - INFO - Starting beancount-import post-processing...
2025-08-20 18:05:49,822 - __main__ - INFO - Beancount-import post-processing completed successfully!
2025-08-20 18:05:49,822 - __main__ - INFO - Enhanced transactions: beancount_import_output/enhanced_transactions.beancount
2025-08-20 18:05:49,822 - __main__ - INFO - Web interface files: beancount_import_output
2025-08-20 18:05:49,822 - __main__ - INFO - To start the web interface:
2025-08-20 18:05:49,822 - __main__ - INFO -   cd beancount_import_output
2025-08-20 18:05:49,822 - __main__ - INFO -   python web/start_web_interface.py
2025-08-20 18:05:49,822 - __main__ - INFO - 
==================================================
2025-08-20 18:05:49,822 - __main__ - INFO - TRANSACTION PROCESSING SUMMARY
2025-08-20 18:05:49,822 - __main__ - INFO - ==================================================
2025-08-20 18:05:49,823 - __main__ - INFO - Total Transactions: 960
2025-08-20 18:05:49,823 - __main__ - INFO - Credit Transactions: 960
2025-08-20 18:05:49,823 - __main__ - INFO - Debit Transactions: 960
2025-08-20 18:05:49,824 - __main__ - WARNING - Could not calculate amounts: could not convert string to float: ''
2025-08-20 18:05:49,824 - __main__ - INFO - 
Category Breakdown:
2025-08-20 18:05:49,824 - __main__ - INFO -   salary: 496 (51.7%)
2025-08-20 18:05:49,824 - __main__ - INFO -   unknown: 356 (37.1%)
2025-08-20 18:05:49,824 - __main__ - INFO -   fixed_deposit: 34 (3.5%)
2025-08-20 18:05:49,824 - __main__ - INFO -   food: 31 (3.2%)
2025-08-20 18:05:49,824 - __main__ - INFO -   phone: 14 (1.5%)
2025-08-20 18:05:49,824 - __main__ - INFO -   shopping: 9 (0.9%)
2025-08-20 18:05:49,824 - __main__ - INFO -   transport: 5 (0.5%)
2025-08-20 18:05:49,824 - __main__ - INFO -   refund: 4 (0.4%)
2025-08-20 18:05:49,824 - __main__ - INFO -   groceries: 4 (0.4%)
2025-08-20 18:05:49,824 - __main__ - INFO -   atm: 3 (0.3%)
2025-08-20 18:05:49,826 - __main__ - INFO - 
Date Range: 01-01-2025 to 14-08-2025
2025-08-20 18:05:49,826 - __main__ - INFO - ==================================================
2025-08-20 18:05:49,826 - __main__ - INFO - 
BEANCOUNT-IMPORT POST-PROCESSING:
2025-08-20 18:05:49,826 - __main__ - INFO - Enhanced transactions file: beancount_import_output/enhanced_transactions.beancount
2025-08-20 18:05:49,826 - __main__ - INFO - Output directory: beancount_import_output
2025-08-20 18:05:49,826 - __main__ - INFO - Web interface available: True
2025-08-20 18:05:49,826 - __main__ - INFO - 
To start the enhanced web interface:
2025-08-20 18:05:49,826 - __main__ - INFO -   cd beancount_import_output/web
2025-08-20 18:05:49,826 - __main__ - INFO -   python start_web_interface.py
2025-08-20 18:05:49,827 - __main__ - INFO -   Open http://localhost:8080 in your browser
2025-08-20 18:05:49,827 - __main__ - INFO - 
Enhanced features available:
2025-08-20 18:05:49,827 - __main__ - INFO -   ✓ Machine Learning-based account prediction
2025-08-20 18:05:49,827 - __main__ - INFO -   ✓ Web-based transaction review interface
2025-08-20 18:05:49,827 - __main__ - INFO -   ✓ Training system for improved classification
2025-08-20 18:05:49,827 - __main__ - INFO -   ✓ Duplicate transaction detection
2025-08-20 18:05:49,827 - __main__ - INFO -   ✓ Advanced reconciliation capabilities
2025-08-20 18:05:49,827 - __main__ - INFO - ==================================================
2025-08-20 18:05:49,827 - __main__ - INFO - Processing completed successfully!
2025-08-20 18:12:21,293 - __main__ - INFO - Parsing Excel file: OpTransactionHistory15-08-2025.xls
2025-08-20 18:12:21,294 - ExcelTemplateManager - INFO - Loaded template: ICICI Bank Statement Excel Template
2025-08-20 18:12:21,294 - ExcelTransactionParser - INFO - Parsing Excel file: OpTransactionHistory15-08-2025.xls
2025-08-20 18:12:21,312 - ExcelTransactionParser - INFO - Successfully read Excel file with xlrd engine
2025-08-20 18:12:21,312 - ExcelTransactionParser - INFO - Read 1021 rows and 9 columns
2025-08-20 18:12:21,312 - ExcelTransactionParser - INFO - Columns: ['Unnamed: 0', 'Unnamed: 1', 'Unnamed: 2', 'Unnamed: 3', 'Unnamed: 4', 'Unnamed: 5', 'Unnamed: 6', 'Unnamed: 7', 'Unnamed: 8']
2025-08-20 18:12:21,312 - ExcelTransactionParser - INFO - Using template-based parsing
2025-08-20 18:12:21,312 - ExcelTemplateManager - INFO - Parsing Excel file with template
2025-08-20 18:12:21,312 - ExcelTemplateManager - INFO - Detected header row at index 11 with 6 pattern matches
2025-08-20 18:12:21,312 - ExcelTemplateManager - INFO - Mapped date to column 3 (Unnamed: 3)
2025-08-20 18:12:21,312 - ExcelTemplateManager - INFO - Mapped value_date to column 2 (Unnamed: 2)
2025-08-20 18:12:21,312 - ExcelTemplateManager - INFO - Mapped description to column 5 (Unnamed: 5)
2025-08-20 18:12:21,312 - ExcelTemplateManager - INFO - Mapped reference to column 4 (Unnamed: 4)
2025-08-20 18:12:21,312 - ExcelTemplateManager - INFO - Mapped debit to column 6 (Unnamed: 6)
2025-08-20 18:12:21,312 - ExcelTemplateManager - INFO - Mapped credit to column 7 (Unnamed: 7)
2025-08-20 18:12:21,312 - ExcelTemplateManager - INFO - Mapped balance to column 8 (Unnamed: 8)
2025-08-20 18:12:21,312 - ExcelTemplateManager - INFO - Data starts at row 12
2025-08-20 18:12:21,396 - ExcelTemplateManager - INFO - Converted 960 rows to standard format
2025-08-20 18:12:21,396 - __main__ - INFO - Successfully parsed 960 transactions
2025-08-20 18:12:21,396 - __main__ - INFO - Classifying transactions...
2025-08-20 18:12:21,397 - TransactionClassifier - INFO - Classifying 960 transactions
2025-08-20 18:12:21,416 - TransactionClassifier - INFO - Classification Summary:
2025-08-20 18:12:21,417 - TransactionClassifier - INFO -   salary: 496 transactions (51.7%)
2025-08-20 18:12:21,417 - TransactionClassifier - INFO -   unknown: 356 transactions (37.1%)
2025-08-20 18:12:21,417 - TransactionClassifier - INFO -   fixed_deposit: 34 transactions (3.5%)
2025-08-20 18:12:21,417 - TransactionClassifier - INFO -   food: 31 transactions (3.2%)
2025-08-20 18:12:21,417 - TransactionClassifier - INFO -   phone: 14 transactions (1.5%)
2025-08-20 18:12:21,417 - TransactionClassifier - INFO -   shopping: 9 transactions (0.9%)
2025-08-20 18:12:21,417 - TransactionClassifier - INFO -   transport: 5 transactions (0.5%)
2025-08-20 18:12:21,417 - TransactionClassifier - INFO -   refund: 4 transactions (0.4%)
2025-08-20 18:12:21,417 - TransactionClassifier - INFO -   groceries: 4 transactions (0.4%)
2025-08-20 18:12:21,417 - TransactionClassifier - INFO -   atm: 3 transactions (0.3%)
2025-08-20 18:12:21,417 - TransactionClassifier - INFO -   rent: 2 transactions (0.2%)
2025-08-20 18:12:21,417 - TransactionClassifier - INFO -   mutual_fund: 1 transactions (0.1%)
2025-08-20 18:12:21,417 - TransactionClassifier - INFO -   medical: 1 transactions (0.1%)
2025-08-20 18:12:21,417 - __main__ - INFO - Saving classified transactions to: classified_transactions.csv
2025-08-20 18:12:21,421 - __main__ - INFO - Generating beancount file: transactions.beancount
2025-08-20 18:12:21,448 - TransactionClassifier - INFO - Saved 960 beancount entries to transactions.beancount
2025-08-20 18:12:21,448 - __main__ - INFO - Starting beancount-import post-processing...
2025-08-20 18:12:21,488 - __main__ - INFO - Beancount-import post-processing completed successfully!
2025-08-20 18:12:21,488 - __main__ - INFO - Enhanced transactions: beancount_import_output/enhanced_transactions.beancount
2025-08-20 18:12:21,488 - __main__ - INFO - Web interface files: beancount_import_output
2025-08-20 18:12:21,488 - __main__ - INFO - To start the web interface:
2025-08-20 18:12:21,488 - __main__ - INFO -   cd beancount_import_output
2025-08-20 18:12:21,488 - __main__ - INFO -   python web/start_web_interface.py
2025-08-20 18:12:21,488 - __main__ - INFO - 
==================================================
2025-08-20 18:12:21,488 - __main__ - INFO - TRANSACTION PROCESSING SUMMARY
2025-08-20 18:12:21,488 - __main__ - INFO - ==================================================
2025-08-20 18:12:21,489 - __main__ - INFO - Total Transactions: 960
2025-08-20 18:12:21,489 - __main__ - INFO - Credit Transactions: 960
2025-08-20 18:12:21,489 - __main__ - INFO - Debit Transactions: 960
2025-08-20 18:12:21,490 - __main__ - WARNING - Could not calculate amounts: could not convert string to float: ''
2025-08-20 18:12:21,490 - __main__ - INFO - 
Category Breakdown:
2025-08-20 18:12:21,490 - __main__ - INFO -   salary: 496 (51.7%)
2025-08-20 18:12:21,490 - __main__ - INFO -   unknown: 356 (37.1%)
2025-08-20 18:12:21,490 - __main__ - INFO -   fixed_deposit: 34 (3.5%)
2025-08-20 18:12:21,490 - __main__ - INFO -   food: 31 (3.2%)
2025-08-20 18:12:21,490 - __main__ - INFO -   phone: 14 (1.5%)
2025-08-20 18:12:21,490 - __main__ - INFO -   shopping: 9 (0.9%)
2025-08-20 18:12:21,490 - __main__ - INFO -   transport: 5 (0.5%)
2025-08-20 18:12:21,490 - __main__ - INFO -   refund: 4 (0.4%)
2025-08-20 18:12:21,491 - __main__ - INFO -   groceries: 4 (0.4%)
2025-08-20 18:12:21,491 - __main__ - INFO -   atm: 3 (0.3%)
2025-08-20 18:12:21,492 - __main__ - INFO - 
Date Range: 01-01-2025 to 14-08-2025
2025-08-20 18:12:21,492 - __main__ - INFO - ==================================================
2025-08-20 18:12:21,492 - __main__ - INFO - 
BEANCOUNT-IMPORT POST-PROCESSING:
2025-08-20 18:12:21,492 - __main__ - INFO - Enhanced transactions file: beancount_import_output/enhanced_transactions.beancount
2025-08-20 18:12:21,492 - __main__ - INFO - Output directory: beancount_import_output
2025-08-20 18:12:21,492 - __main__ - INFO - Web interface available: True
2025-08-20 18:12:21,492 - __main__ - INFO - 
To start the enhanced web interface:
2025-08-20 18:12:21,492 - __main__ - INFO -   cd beancount_import_output/web
2025-08-20 18:12:21,492 - __main__ - INFO -   python start_web_interface.py
2025-08-20 18:12:21,492 - __main__ - INFO -   Open http://localhost:8080 in your browser
2025-08-20 18:12:21,492 - __main__ - INFO - 
Enhanced features available:
2025-08-20 18:12:21,492 - __main__ - INFO -   ✓ Machine Learning-based account prediction
2025-08-20 18:12:21,492 - __main__ - INFO -   ✓ Web-based transaction review interface
2025-08-20 18:12:21,492 - __main__ - INFO -   ✓ Training system for improved classification
2025-08-20 18:12:21,492 - __main__ - INFO -   ✓ Duplicate transaction detection
2025-08-20 18:12:21,493 - __main__ - INFO -   ✓ Advanced reconciliation capabilities
2025-08-20 18:12:21,493 - __main__ - INFO - ==================================================
2025-08-20 18:12:21,493 - __main__ - INFO - Processing completed successfully!
